datetime,AT,CZ,IT_CNOR,DK_2,GR,NL,RS,SE_3,IT_NORD,HU,PL,DE_LU,ES,NO_1,BE,HR,IE_SEM,CH,FR
2026-07-07 22:00:00+00:00,141.11,122.37,160.79,113.559998,158.35,137.63,144.77,19.99,160.79,159.2,107.2,119.71,146.02,88.81,147.87,151.15,229.555,120.0,137.74
2026-07-07 22:15:00+00:00,137.79,119.0,162.56,102.449997,158.74,126.48,144.77,15.44,162.56,159.47,98.04,116.96,145.5,87.48,131.0,149.55,229.555,120.0,127.03
2026-07-07 22:30:00+00:00,132.95,109.11,154.63,105.800003,154.96,120.66,144.77,14.3,154.63,156.81,97.2,112.03,144.0,85.87,126.54,145.81,229.555,120.0,115.88
2026-07-07 22:45:00+00:00,130.94,109.52,142.02,105.870003,152.36,115.62,144.77,12.66,142.02,153.79,94.51,110.99,140.46,85.46,118.2,143.26,229.555,120.0,115.75
2026-07-07 23:00:00+00:00,134.95,129.52,151.86,100.5,153.06,127.01,134.48,15.18,151.86,151.71,93.59,120.96,144.0,85.67,127.03,143.92,198.97,117.96,127.56
2026-07-07 23:15:00+00:00,128.71,123.94,148.94,104.47,145.4,120.23,134.48,14.83,148.94,144.18,91.24,116.9,143.27,83.88,120.45,136.96,198.97,117.96,121.32
2026-07-07 23:30:00+00:00,126.44,121.95,135.0,102.910004,142.08,118.56,134.48,14.52,135.0,140.94,91.28,115.3,141.52,83.88,118.74,134.17,198.97,117.96,119.54
2026-07-07 23:45:00+00:00,118.31,114.93,124.2,107.050003,130.46,111.68,134.48,14.21,124.2,129.59,91.33,110.22,140.0,82.21,112.02,124.31,198.97,117.96,112.74
2026-07-08 00:00:00+00:00,129.21,124.0,149.0,100.3,147.2,120.56,125.4,15.58,149.0,145.91,88.05,116.05,141.0,83.45,120.6,138.12,187.665,113.71,121.44
2026-07-08 00:15:00+00:00,122.03,117.73,140.0,101.300003,137.14,114.48,125.4,14.82,140.0,136.07,87.66,111.3,139.0,82.86,114.63,129.52,187.665,113.71,115.39
2026-07-08 00:30:00+00:00,120.74,116.88,135.0,101.51,134.23,114.08,125.4,14.47,135.0,133.26,90.02,111.07,141.0,82.46,114.18,127.42,187.665,113.71,114.85
2026-07-08 00:45:00+00:00,117.12,113.63,124.2,104.220001,129.63,110.51,125.4,14.23,124.2,128.75,88.9,108.61,140.46,81.52,110.77,123.32,187.665,113.71,111.48
2026-07-08 01:00:00+00:00,116.52,112.67,124.2,104.58,130.62,108.76,110.0,14.95,124.2,129.63,85.09,107.31,141.0,81.42,109.19,123.47,192.66,113.01,110.04
2026-07-08 01:15:00+00:00,117.47,113.93,139.37,104.07,130.92,111.67,110.0,14.76,139.37,130.0,87.69,109.0,140.46,81.4,113.41,124.05,192.66,113.01,109.88
2026-07-08 01:30:00+00:00,114.38,111.17,135.0,102.93,129.73,113.55,110.0,14.6,135.0,128.79,82.03,107.18,140.43,81.48,121.59,121.7,192.66,113.01,99.39
2026-07-08 01:45:00+00:00,115.73,112.69,124.0,106.639999,131.3,115.84,110.0,14.19,124.0,130.37,83.41,109.19,140.46,79.68,125.34,123.11,192.66,113.01,99.13
2026-07-08 02:00:00+00:00,110.37,109.06,131.2,106.73,118.56,112.4,110.0,14.19,131.2,118.11,94.0,107.84,141.0,78.09,119.49,114.17,177.725,114.2,99.43
2026-07-08 02:15:00+00:00,117.35,115.43,124.2,109.25,128.6,120.5,110.0,14.54,124.2,127.97,94.51,113.32,141.0,78.03,129.93,122.58,177.725,114.2,102.64
2026-07-08 02:30:00+00:00,121.91,118.93,135.0,110.0,135.68,121.15,110.0,14.64,135.0,134.82,92.73,115.14,141.58,77.89,128.0,128.47,177.725,114.2,108.84
2026-07-08 02:45:00+00:00,125.59,122.38,130.0,106.830002,140.13,125.96,110.0,17.23,130.0,139.21,94.51,118.03,141.62,79.0,133.53,132.5,177.725,114.2,111.42
2026-07-08 03:00:00+00:00,121.91,112.92,134.01,108.55,165.2,119.88,125.0,13.63,134.01,184.41,97.92,115.22,143.27,75.67,127.0,139.48,170.93,121.7,108.39
2026-07-08 03:15:00+00:00,126.17,117.39,135.0,109.27,167.0,124.01,125.0,15.91,135.0,185.16,103.03,118.91,144.0,76.63,129.63,142.75,170.93,121.7,114.57
2026-07-08 03:30:00+00:00,128.54,120.41,136.51,107.33,165.2,125.76,125.0,19.91,136.51,181.42,107.0,121.19,144.0,77.63,129.6,143.45,170.93,121.7,119.31
2026-07-08 03:45:00+00:00,132.78,126.82,138.48,104.54,155.93,126.35,125.0,41.37,138.48,162.5,106.02,123.5,145.03,80.62,126.46,142.7,170.93,121.7,127.13
2026-07-08 04:00:00+00:00,129.7,122.6,135.0,119.75,166.2,134.22,115.01,55.55,135.0,182.74,110.35,125.23,143.27,80.48,145.01,144.36,156.81,132.82,113.33
2026-07-08 04:15:00+00:00,141.63,135.26,148.0,116.45,167.0,137.29,115.01,59.56,148.0,173.44,109.41,131.6,145.5,85.76,140.29,152.54,156.81,132.82,131.86
2026-07-08 04:30:00+00:00,142.19,137.24,147.67,116.27,162.32,139.64,115.01,59.95,147.67,164.44,107.2,132.5,147.0,84.82,144.89,151.17,156.81,132.82,129.67
2026-07-08 04:45:00+00:00,143.93,139.56,148.66,109.81,159.8,139.06,115.01,62.42,148.66,159.2,108.23,133.67,147.7,86.21,142.0,151.32,156.81,132.82,133.92
2026-07-08 05:00:00+00:00,145.03,142.42,149.0,118.14,169.2,140.71,92.01,64.42,149.0,218.94,118.16,136.17,149.0,92.15,140.44,152.54,185.395,135.0,140.82
2026-07-08 05:15:00+00:00,143.87,140.88,151.86,118.32,166.25,138.66,92.01,64.91,151.86,203.16,114.54,134.45,149.0,91.75,138.52,151.64,185.395,135.0,139.02
2026-07-08 05:30:00+00:00,140.35,142.34,151.86,112.18,146.48,136.23,92.01,64.88,151.86,146.54,114.54,132.02,147.0,92.84,136.01,143.8,185.395,135.0,136.35
2026-07-08 05:45:00+00:00,131.47,129.2,145.0,109.69,115.8,129.79,92.01,63.96,145.0,141.28,109.41,125.0,145.5,92.67,132.12,136.65,185.395,135.0,125.01
2026-07-08 06:00:00+00:00,153.41,164.63,155.53,111.94,116.25,148.88,105.0,64.27,155.53,157.43,108.02,139.68,149.0,96.12,150.8,155.75,222.57,129.36,144.3
2026-07-08 06:15:00+00:00,145.54,158.68,148.0,105.139999,105.86,140.71,105.0,60.91,148.0,150.33,93.89,130.92,140.0,95.41,144.11,148.28,222.57,129.36,133.81
2026-07-08 06:30:00+00:00,146.42,171.4,151.3,101.449997,18.74,128.89,105.0,58.8,151.3,155.7,48.84,121.17,127.61,94.76,132.23,151.84,222.57,129.36,127.47
2026-07-08 06:45:00+00:00,126.27,149.63,143.75,95.93,12.77,126.44,105.0,46.34,143.75,135.34,47.25,111.4,94.42,94.1,144.1,130.96,222.57,129.36,94.42
2026-07-08 07:00:00+00:00,147.88,176.24,153.02,103.22,110.0,138.28,47.01,35.53,153.02,158.38,43.91,122.91,118.83,91.54,150.17,153.76,223.875,110.1,118.83
2026-07-08 07:15:00+00:00,132.39,164.52,150.41,93.06,48.7,131.83,47.01,24.43,150.41,144.63,23.32,110.85,90.0,89.84,155.26,138.83,223.875,110.1,90.0
2026-07-08 07:30:00+00:00,113.66,146.05,149.75,81.050003,12.8,101.83,47.01,15.59,149.75,125.87,-1.6,89.22,78.9,87.4,117.26,120.41,223.875,110.1,78.9
2026-07-08 07:45:00+00:00,101.12,120.55,145.15,70.61,12.79,93.72,47.01,14.0,145.15,97.04,-1.62,78.71,62.5,82.49,113.19,111.85,223.875,110.1,62.5
2026-07-08 08:00:00+00:00,122.99,168.54,148.0,78.64,15.01,107.66,70.1,13.38,148.0,139.63,-33.62,90.05,75.0,88.32,129.0,132.19,202.325,94.98,75.0
2026-07-08 08:15:00+00:00,103.38,128.0,143.75,71.65,61.71,100.32,70.1,12.66,143.75,105.76,-2.4,79.47,69.65,81.66,115.71,112.03,202.325,94.98,69.65
2026-07-08 08:30:00+00:00,100.05,113.21,136.04,72.129997,64.6,98.57,70.1,13.4,136.04,84.91,0.0,78.8,52.75,81.13,125.0,113.91,202.325,94.98,52.75
2026-07-08 08:45:00+00:00,89.87,85.19,135.09,64.330002,62.51,95.3,70.1,13.4,135.09,50.0,0.04,70.01,38.95,75.82,130.29,110.38,202.325,94.98,32.41
2026-07-08 09:00:00+00:00,112.88,119.28,150.0,77.290001,93.92,102.51,62.0,14.0,150.0,85.49,0.0,85.0,66.74,84.24,125.0,130.84,163.435,81.0,66.74
2026-07-08 09:15:00+00:00,97.26,98.45,135.9,67.82,75.68,94.18,62.0,14.2,135.9,65.93,0.0,74.26,55.0,76.59,120.86,115.26,163.435,81.0,48.66
2026-07-08 09:30:00+00:00,92.14,103.43,134.0,64.57,79.99,91.96,62.0,14.92,134.0,74.54,-7.67,71.2,44.46,73.61,120.0,106.56,163.435,81.0,42.9
2026-07-08 09:45:00+00:00,57.69,80.2,138.38,50.22,63.98,77.39,62.0,13.94,138.38,66.68,-2.4,53.84,39.67,71.54,111.4,61.71,163.435,81.0,10.84
2026-07-08 10:00:00+00:00,100.01,91.41,134.5,51.86,74.47,70.17,57.01,18.61,134.5,65.88,-2.14,56.9,46.74,65.63,87.05,110.68,151.145,49.56,46.74
2026-07-08 10:15:00+00:00,76.61,97.04,134.0,52.66,80.0,80.1,57.01,17.27,134.0,83.36,-5.21,56.19,39.17,66.61,114.38,77.76,151.145,49.56,16.01
2026-07-08 10:30:00+00:00,90.6,107.58,129.0,43.48,89.99,70.04,57.01,15.79,129.0,94.11,-20.57,47.95,39.06,62.15,100.9,88.01,151.145,49.56,16.27
2026-07-08 10:45:00+00:00,84.64,83.98,133.32,33.900002,76.79,56.92,57.01,14.84,133.32,80.0,0.0,34.99,39.06,56.28,88.76,75.08,151.145,49.56,0.0
2026-07-08 11:00:00+00:00,121.9,106.45,129.92,30.809999,103.36,62.71,55.1,20.01,129.92,107.58,0.0,30.73,40.0,62.61,101.95,101.93,136.5,45.08,0.01
2026-07-08 11:15:00+00:00,115.97,94.45,133.6,18.53,95.0,50.4,55.1,18.72,133.6,98.78,0.0,20.06,40.0,62.6,83.71,94.22,136.5,45.08,2.24
2026-07-08 11:30:00+00:00,92.04,70.0,131.88,13.37,72.96,59.3,55.1,13.65,131.88,75.82,0.13,9.87,40.0,58.18,102.89,72.67,136.5,45.08,0.0
2026-07-08 11:45:00+00:00,54.16,42.87,132.72,9.49,43.8,55.23,55.1,9.72,132.72,45.51,0.03,8.32,40.0,53.7,94.8,43.55,136.5,45.08,0.0
2026-07-08 12:00:00+00:00,83.44,21.87,135.1,5.88,39.36,65.9,59.0,12.64,135.1,18.59,-9.9,6.86,47.5,62.02,115.61,100.66,132.715,51.42,1.58
2026-07-08 12:15:00+00:00,96.71,30.89,136.24,6.63,52.74,56.89,59.0,13.47,136.24,34.43,-4.57,8.25,55.0,62.41,100.39,105.82,132.715,51.42,0.0
2026-07-08 12:30:00+00:00,100.04,33.84,136.0,6.64,56.93,57.3,59.0,12.52,136.0,39.5,-2.4,8.89,55.0,61.17,100.0,107.11,132.715,51.42,4.65
2026-07-08 12:45:00+00:00,103.93,35.97,134.22,6.7,60.0,55.91,59.0,11.81,134.22,43.74,0.0,7.61,49.96,60.99,100.0,106.99,132.715,51.42,3.89
2026-07-08 13:00:00+00:00,61.87,41.43,134.74,4.99,54.29,44.03,70.0,8.33,134.74,55.3,0.13,5.72,40.0,51.11,82.13,51.3,134.64,64.07,4.55
2026-07-08 13:15:00+00:00,77.75,54.0,135.0,5.2,62.7,53.02,70.0,9.21,135.0,64.66,0.14,4.62,40.0,51.14,94.4,61.37,134.64,64.07,0.13
2026-07-08 13:30:00+00:00,86.28,55.0,135.0,7.4,71.57,60.08,70.0,13.98,135.0,72.94,14.59,10.0,46.11,57.98,101.63,68.82,134.64,64.07,4.11
2026-07-08 13:45:00+00:00,122.0,71.53,151.86,22.42,111.15,66.47,70.0,19.03,151.86,111.55,25.9,18.82,47.27,60.94,105.84,102.54,134.64,64.07,17.2
2026-07-08 14:00:00+00:00,69.85,39.19,136.63,9.99,61.61,59.15,94.06,10.94,136.63,61.99,14.47,8.21,41.68,62.82,102.5,57.02,134.905,92.07,0.0
2026-07-08 14:15:00+00:00,86.59,51.88,142.99,19.18,79.99,51.09,94.06,14.07,142.99,80.39,18.83,16.45,47.5,63.4,85.98,73.12,134.905,92.07,0.08
2026-07-08 14:30:00+00:00,100.09,73.98,151.86,48.99,105.34,77.13,94.06,15.62,151.86,105.42,30.91,47.32,62.5,65.34,117.03,94.19,134.905,92.07,7.07
2026-07-08 14:45:00+00:00,125.49,97.0,164.0,70.45,122.39,99.56,94.06,18.23,164.0,122.73,65.64,68.1,69.65,74.0,134.5,115.2,134.905,92.07,44.1
2026-07-08 15:00:00+00:00,66.53,73.34,149.0,59.810001,103.3,78.76,127.03,13.4,149.0,97.56,45.75,60.43,72.5,72.14,96.14,109.76,145.93,114.31,72.5
2026-07-08 15:15:00+00:00,100.01,94.06,149.0,79.11,116.24,88.18,127.03,14.99,149.0,113.88,68.6,79.42,79.99,81.55,98.14,115.45,145.93,114.31,79.99
2026-07-08 15:30:00+00:00,121.9,111.01,154.71,83.849998,137.59,85.9,127.03,19.73,154.71,133.38,94.05,82.16,82.75,84.73,93.15,147.08,145.93,114.31,82.75
2026-07-08 15:45:00+00:00,129.59,113.28,150.2,87.82,149.54,90.19,127.03,30.16,150.2,149.76,88.88,87.22,90.0,89.11,95.34,147.73,145.93,114.31,90.0
2026-07-08 16:00:00+00:00,105.01,99.63,124.2,83.690002,126.07,87.72,151.92,17.17,124.2,123.44,106.62,85.09,89.56,88.14,90.08,123.26,169.96,125.0,89.56
2026-07-08 16:15:00+00:00,120.26,108.89,130.0,90.81,135.28,95.99,151.92,55.01,130.0,134.79,102.01,91.76,95.3,93.95,100.58,130.34,169.96,125.0,95.3
2026-07-08 16:30:00+00:00,132.02,122.5,148.0,112.95,154.4,114.32,151.92,67.29,148.0,166.84,120.63,112.88,104.0,97.05,115.72,148.34,169.96,125.0,115.7
2026-07-08 16:45:00+00:00,153.61,138.88,160.33,121.57,163.15,132.81,151.92,70.75,160.33,175.18,136.28,127.99,116.0,100.63,132.77,154.25,169.96,125.0,133.84
2026-07-08 17:00:00+00:00,124.61,123.98,154.0,122.34,128.6,120.16,121.01,72.13,154.0,126.98,123.23,120.1,109.0,101.64,120.27,130.05,195.965,141.7,120.61
2026-07-08 17:15:00+00:00,134.3,134.05,162.54,131.07,134.13,135.44,121.01,74.22,162.54,134.11,133.78,133.01,121.5,105.04,135.05,134.21,195.965,141.7,134.83
2026-07-08 17:30:00+00:00,138.33,138.09,165.14,135.19,138.16,139.44,121.01,74.84,165.14,138.14,137.82,137.08,129.28,106.18,139.06,138.24,195.965,141.7,138.84
2026-07-08 17:45:00+00:00,151.97,151.59,178.32,147.009995,151.7,153.71,121.01,75.0,178.32,151.67,151.16,150.0,143.27,107.89,153.11,151.83,195.965,141.7,152.78
2026-07-08 18:00:00+00:00,132.97,129.17,165.14,132.82,154.44,133.66,138.0,76.7,165.14,159.2,136.97,133.1,129.37,109.2,133.6,141.78,207.97,172.0,133.66
2026-07-08 18:15:00+00:00,145.53,142.65,165.14,145.82,163.15,147.82,138.0,76.63,165.14,167.06,149.09,146.12,144.0,109.35,150.0,152.73,207.97,172.0,144.43
2026-07-08 18:30:00+00:00,153.55,152.56,172.85,154.770004,163.15,158.86,138.0,76.37,172.85,165.29,156.16,155.06,149.0,109.47,165.33,157.4,207.97,172.0,149.0
2026-07-08 18:45:00+00:00,166.82,167.87,180.12,168.8,167.25,174.84,138.0,74.98,180.12,167.36,168.2,169.11,159.12,109.63,185.17,166.85,207.97,172.0,159.12
2026-07-08 19:00:00+00:00,159.85,160.47,183.0,160.800003,160.09,164.78,137.0,76.3,183.0,160.16,160.63,161.19,155.01,108.99,170.51,159.86,218.925,176.24,155.01
2026-07-08 19:15:00+00:00,161.06,161.06,182.67,161.05,161.06,161.07,137.0,75.86,182.67,161.06,161.06,161.05,161.06,109.0,161.06,161.06,218.925,176.24,161.06
2026-07-08 19:30:00+00:00,163.15,163.15,179.07,163.12,163.15,163.17,137.0,74.44,179.07,163.15,163.15,163.14,163.72,109.01,163.16,163.15,218.925,176.24,163.16
2026-07-08 19:45:00+00:00,155.63,156.26,165.14,157.41,155.9,159.73,137.0,73.44,165.14,155.97,156.47,157.1,175.41,108.97,165.0,155.66,218.925,176.24,151.13
2026-07-08 20:00:00+00:00,167.11,167.11,167.11,167.12,167.11,167.11,131.99,75.09,167.11,167.11,167.11,167.11,175.41,109.59,167.11,167.11,213.47,169.0,167.11
2026-07-08 20:15:00+00:00,163.15,163.15,163.15,163.160004,163.15,163.15,131.99,73.98,163.15,163.15,163.15,163.15,170.01,109.57,163.15,163.15,213.47,169.0,163.15
2026-07-08 20:30:00+00:00,159.53,159.5,159.59,159.179993,159.51,159.66,131.99,72.82,159.59,159.51,159.48,159.44,163.72,109.37,159.61,159.52,213.47,169.0,159.59
2026-07-08 20:45:00+00:00,147.1,147.1,160.06,147.100006,147.1,147.1,131.99,71.6,160.06,147.1,147.1,147.1,153.69,108.32,147.1,147.1,213.47,169.0,147.1
2026-07-08 21:00:00+00:00,153.88,153.81,162.55,152.95,153.83,154.21,115.07,71.57,162.55,153.82,153.74,153.65,154.03,106.8,154.09,153.85,210.4,147.98,154.03
2026-07-08 21:15:00+00:00,145.21,145.14,157.9,144.33,145.16,145.52,115.07,71.35,157.9,145.16,145.08,144.99,150.01,106.64,145.41,145.18,210.4,147.98,145.35
2026-07-08 21:30:00+00:00,144.23,144.16,150.0,143.360001,144.18,144.53,115.07,70.65,150.0,144.17,144.1,144.01,149.0,106.23,144.43,144.2,210.4,147.98,144.37
2026-07-08 21:45:00+00:00,137.69,137.64,138.77,137.09,137.66,137.9,115.07,70.23,138.77,137.65,137.6,137.54,146.03,105.76,137.83,137.67,210.4,147.98,137.79
2026-07-08 22:00:00+00:00,153.97,151.94,155.74,135.210007,158.04,152.04,124.0,73.43,155.74,157.9,143.16,149.97,154.08,109.58,151.87,155.8,257.97,140.1,151.95
2026-07-08 22:15:00+00:00,146.69,145.27,163.15,135.75,149.66,145.0,124.0,73.66,163.15,149.57,138.98,143.98,154.08,109.98,144.97,148.02,257.97,140.1,145.07
2026-07-08 22:30:00+00:00,139.38,138.01,155.0,134.600006,142.51,137.09,124.0,73.03,155.0,142.43,131.61,136.93,153.02,109.07,137.23,140.78,257.97,140.1,137.44
2026-07-08 22:45:00+00:00,131.95,130.97,144.0,130.059998,134.73,131.51,124.0,70.6,144.0,134.69,125.5,130.43,150.83,106.03,133.66,133.14,257.97,140.1,128.45
2026-07-08 23:00:00+00:00,141.86,141.0,159.0,133.639999,144.03,141.66,106.0,73.06,159.0,143.99,136.5,140.32,152.08,108.34,142.96,142.79,225.61,136.57,139.6
2026-07-08 23:15:00+00:00,134.34,133.58,157.69,132.88,136.67,134.28,106.0,70.56,157.69,136.65,128.98,133.19,152.08,105.8,136.53,135.32,225.61,136.57,131.12
2026-07-08 23:30:00+00:00,132.27,131.51,152.9,130.610001,134.05,130.98,106.0,70.48,152.9,134.01,127.85,130.89,152.08,105.35,131.06,133.06,225.61,136.57,131.18
2026-07-08 23:45:00+00:00,129.39,128.77,150.41,128.179993,131.26,129.24,106.0,70.17,150.41,131.24,125.08,128.43,150.58,104.58,130.9,130.18,225.61,136.57,126.93
2026-07-09 00:00:00+00:00,129.75,129.02,139.64,126.04,131.43,128.53,107.0,69.4,139.64,131.4,125.53,128.44,152.08,102.77,128.6,130.49,201.0,133.51,128.71
2026-07-09 00:15:00+00:00,128.74,128.04,150.0,125.099998,130.36,127.56,107.0,67.95,150.0,130.33,124.68,127.48,151.79,100.81,127.63,129.46,201.0,133.51,127.74
2026-07-09 00:30:00+00:00,127.87,127.38,146.56,125.92,128.98,127.06,107.0,69.33,146.56,128.96,125.07,127.0,152.08,102.67,127.1,128.36,201.0,133.51,127.18
2026-07-09 00:45:00+00:00,125.99,126.0,135.0,126.32,126.82,127.85,107.0,68.28,135.0,126.85,124.61,126.37,150.98,101.43,131.1,126.27,201.0,133.51,122.81
2026-07-09 01:00:00+00:00,126.9,126.09,145.2,123.44,127.18,123.44,101.0,67.94,145.2,127.08,125.08,124.96,152.25,100.53,122.69,127.28,206.525,131.0,108.01
2026-07-09 01:15:00+00:00,126.74,125.96,142.49,122.94,126.96,123.41,101.0,67.67,142.49,126.85,125.08,124.85,152.08,100.12,122.65,127.09,206.525,131.0,108.1
2026-07-09 01:30:00+00:00,124.61,124.61,146.56,122.669998,124.61,124.61,101.0,67.66,146.56,124.61,124.61,124.61,152.08,99.95,124.61,124.61,206.525,131.0,124.61
2026-07-09 01:45:00+00:00,125.19,125.09,141.88,124.989998,125.18,124.95,101.0,69.03,141.88,125.16,125.08,124.97,152.08,101.95,125.8,125.24,206.525,131.0,117.96
2026-07-09 02:00:00+00:00,123.05,122.29,143.27,120.96,122.89,119.42,103.0,66.82,143.27,122.77,122.11,121.12,152.08,98.46,118.5,123.27,185.89,132.7,101.3
2026-07-09 02:15:00+00:00,124.73,124.45,147.68,122.919998,124.67,123.37,103.0,67.81,147.68,124.63,124.38,124.01,150.58,99.99,123.03,124.82,185.89,132.7,116.58
2026-07-09 02:30:00+00:00,128.22,127.44,144.69,126.37,129.26,125.94,103.0,69.76,144.69,129.2,125.08,126.59,150.58,102.84,125.61,128.8,185.89,132.7,118.86
2026-07-09 02:45:00+00:00,131.89,131.0,135.0,129.470001,133.14,129.33,103.0,70.82,135.0,133.07,128.21,130.05,150.58,104.38,128.98,132.57,185.89,132.7,121.71
2026-07-09 03:00:00+00:00,131.91,122.95,146.38,127.75,128.37,127.79,106.0,69.6,146.38,127.99,125.85,127.86,150.58,104.26,127.81,129.69,182.38,137.67,126.69
2026-07-09 03:15:00+00:00,131.66,131.66,150.0,131.67,131.66,131.66,106.0,72.07,150.0,131.66,131.66,131.66,150.58,106.91,131.66,131.66,182.38,137.67,131.66
2026-07-09 03:30:00+00:00,135.0,135.0,135.0,132.58,135.0,135.0,106.0,73.78,135.0,135.0,135.0,135.0,152.0,108.07,135.0,135.0,182.38,137.67,135.0
2026-07-09 03:45:00+00:00,141.3,141.3,141.3,139.84,141.3,141.3,106.0,74.65,141.3,141.3,141.3,141.3,152.25,108.38,141.3,141.3,182.38,137.67,141.3
2026-07-09 04:00:00+00:00,139.3,140.61,140.0,142.059998,139.81,149.16,90.0,73.23,140.0,139.97,140.92,142.51,145.85,111.5,158.23,139.3,179.06,150.78,129.35
2026-07-09 04:15:00+00:00,151.01,151.57,152.9,148.33,151.2,156.51,90.0,75.09,152.9,151.27,151.64,152.43,146.26,111.79,161.0,150.98,179.06,150.78,146.13
2026-07-09 04:30:00+00:00,149.38,151.16,163.15,153.31,150.08,162.55,90.0,76.71,163.15,150.3,151.6,153.73,147.7,112.04,174.75,149.4,179.06,150.78,135.99
2026-07-09 04:45:00+00:00,145.84,146.69,164.9,147.38,146.16,152.53,90.0,80.84,164.9,146.27,146.88,147.93,148.04,112.73,158.56,145.83,179.06,150.78,139.24
2026-07-09 05:00:00+00:00,161.38,162.5,163.15,164.41,161.82,169.87,89.02,74.72,163.15,161.95,162.84,164.44,152.93,113.13,177.56,161.38,218.07,150.66,152.93
2026-07-09 05:15:00+00:00,151.29,151.33,163.15,151.38,151.3,151.65,89.02,75.31,163.15,151.31,151.34,151.41,154.08,113.48,151.97,151.29,218.07,150.66,150.94
2026-07-09 05:30:00+00:00,143.06,143.06,163.15,140.59,143.06,143.06,89.02,77.61,163.15,143.06,143.06,143.06,154.0,113.91,143.06,143.06,218.07,150.66,143.06
2026-07-09 05:45:00+00:00,131.46,131.56,158.19,134.25,131.5,132.17,89.02,79.93,158.19,131.51,131.59,131.73,147.0,112.84,132.84,131.46,218.07,150.66,130.72
2026-07-09 06:00:00+00:00,154.08,154.08,155.0,151.34,154.08,154.08,79.97,76.8,155.0,154.08,154.08,154.08,154.08,113.95,154.08,154.08,259.7,137.0,154.08
2026-07-09 06:15:00+00:00,141.1,141.2,160.0,137.449997,115.45,139.93,79.97,79.2,160.0,137.09,139.96,140.0,149.08,113.3,139.9,128.68,259.7,137.0,139.63
2026-07-09 06:30:00+00:00,136.04,136.14,155.74,134.259995,110.0,134.85,79.97,80.22,155.74,131.97,134.88,134.92,134.54,112.39,134.82,123.43,259.7,137.0,134.54
2026-07-09 06:45:00+00:00,124.51,124.92,155.0,130.39,95.0,125.62,79.97,81.61,155.0,120.01,123.6,124.19,120.16,110.59,127.93,110.13,259.7,137.0,120.16
2026-07-09 07:00:00+00:00,133.14,133.17,155.74,131.37,120.54,132.56,90.01,77.29,155.74,131.19,132.56,132.6,132.41,110.16,132.55,126.97,270.37,116.2,132.41
2026-07-09 07:15:00+00:00,120.07,119.67,156.0,121.68,95.0,123.24,90.01,75.19,156.0,116.0,118.96,120.33,113.0,108.17,127.8,107.5,270.37,116.2,113.0
2026-07-09 07:30:00+00:00,111.17,105.18,152.9,113.139999,95.0,123.48,90.01,70.72,152.9,104.03,107.0,113.25,90.0,105.16,139.14,103.98,270.37,116.2,90.0
2026-07-09 07:45:00+00:00,104.16,101.66,142.0,106.18,30.01,117.34,90.01,68.26,142.0,90.29,100.05,105.94,78.13,101.04,135.06,67.84,270.37,116.2,78.13
2026-07-09 08:00:00+00:00,108.57,104.15,147.7,109.75,46.76,120.64,83.0,69.4,147.7,96.97,103.84,109.06,82.81,102.94,137.66,77.49,241.945,97.0,82.81
2026-07-09 08:15:00+00:00,102.7,96.35,145.0,104.52,76.79,116.1,83.0,65.62,145.0,93.86,97.85,104.01,77.83,100.05,133.7,89.47,241.945,97.0,77.83
2026-07-09 08:30:00+00:00,95.37,93.46,144.74,99.059998,60.05,110.49,83.0,61.99,144.74,81.46,91.9,98.51,72.5,98.59,127.93,80.05,241.945,97.0,72.5
2026-07-09 08:45:00+00:00,84.37,81.26,144.0,87.690002,60.3,101.99,83.0,54.72,144.0,67.11,79.04,86.94,53.43,96.5,124.04,67.11,241.945,97.0,53.43
2026-07-09 09:00:00+00:00,94.69,86.9,135.09,102.389999,72.38,122.83,60.02,63.7,135.09,84.54,90.08,100.0,52.14,97.9,155.7,84.54,180.92,81.98,52.14
2026-07-09 09:15:00+00:00,86.94,86.15,140.0,90.529999,81.02,99.6,60.02,58.28,140.0,80.92,85.94,90.1,70.0,94.76,113.3,83.82,180.92,81.98,70.0
2026-07-09 09:30:00+00:00,79.23,78.8,142.0,83.199997,77.55,94.54,60.02,55.58,142.0,77.54,79.39,81.76,55.0,88.79,112.89,77.96,180.92,81.98,55.0
2026-07-09 09:45:00+00:00,74.5,72.68,136.25,77.57,72.02,92.99,60.02,52.81,136.25,71.98,73.4,75.46,39.1,86.4,118.11,72.53,180.92,81.98,39.1
2026-07-09 10:00:00+00:00,75.13,76.77,138.13,84.67,74.53,102.27,60.0,55.76,138.13,74.54,77.94,82.36,40.62,88.14,119.68,74.66,170.0,62.0,40.62
2026-07-09 10:15:00+00:00,62.16,64.34,137.75,70.66,62.32,83.36,60.0,46.5,137.75,62.33,65.27,69.09,38.88,83.89,95.86,62.33,170.0,62.0,38.88
2026-07-09 10:30:00+00:00,55.88,57.75,136.5,62.189999,56.36,71.43,60.0,42.59,136.5,56.65,58.45,61.0,38.77,79.28,80.58,55.46,170.0,62.0,38.77
2026-07-09 10:45:00+00:00,48.59,50.67,136.73,55.630001,49.13,65.96,60.0,39.16,136.73,49.44,51.46,54.31,29.48,75.8,76.17,48.11,170.0,62.0,29.48
2026-07-09 11:00:00+00:00,52.81,54.95,135.25,60.09,53.37,70.79,54.0,42.9,135.25,53.7,55.78,58.7,33.06,79.4,81.26,52.32,157.075,45.0,33.06
2026-07-09 11:15:00+00:00,45.99,48.05,132.32,53.009998,46.53,63.34,54.0,38.32,132.32,46.84,48.85,51.67,26.92,76.57,73.44,45.51,157.075,45.0,26.92
2026-07-09 11:30:00+00:00,34.57,36.2,138.75,40.119999,34.99,48.28,54.0,32.09,138.75,35.24,36.83,39.06,19.49,76.16,56.27,34.19,157.075,45.0,19.49
2026-07-09 11:45:00+00:00,22.89,23.68,137.75,25.7,23.1,29.55,54.0,24.9,137.75,23.22,23.99,25.07,15.57,75.34,33.43,22.71,157.075,45.0,15.57
2026-07-09 12:00:00+00:00,31.62,32.33,132.49,33.9,31.8,37.54,53.0,29.48,132.49,31.91,32.6,33.61,25.1,75.29,41.17,31.45,157.57,42.09,25.1
2026-07-09 12:15:00+00:00,34.01,34.7,140.31,36.349998,34.19,39.77,53.0,30.27,140.31,34.29,34.96,35.94,27.67,75.23,43.3,33.85,157.57,42.09,27.67
2026-07-09 12:30:00+00:00,38.8,38.83,140.0,38.919998,38.8,39.1,53.0,32.21,140.0,38.81,38.85,38.9,38.46,75.3,39.29,38.79,157.57,42.09,38.46
2026-07-09 12:45:00+00:00,41.35,42.14,140.0,44.02,41.55,47.95,53.0,35.22,140.0,41.67,42.44,43.57,34.08,75.29,52.0,41.16,157.57,42.09,34.08
2026-07-09 13:00:00+00:00,42.11,37.0,141.0,34.0,39.03,35.39,59.1,27.55,141.0,39.16,36.52,33.37,30.44,73.7,37.13,39.03,153.43,53.29,30.44
2026-07-09 13:15:00+00:00,47.57,44.39,140.0,44.09,45.33,50.1,59.1,35.03,140.0,45.58,44.38,43.22,29.38,72.92,56.23,44.86,153.43,53.29,29.38
2026-07-09 13:30:00+00:00,64.24,57.85,145.0,57.150002,59.83,67.27,59.1,43.23,145.0,60.28,57.74,55.16,31.03,75.03,78.04,59.03,153.43,53.29,31.03
2026-07-09 13:45:00+00:00,77.02,72.38,146.29,75.0,73.22,91.53,59.1,52.39,146.29,73.85,72.82,72.41,32.85,79.33,108.6,71.78,153.43,53.29,32.85
2026-07-09 14:00:00+00:00,61.16,60.6,140.0,63.35,60.18,73.29,90.08,42.07,140.0,60.52,61.42,62.14,38.66,82.39,89.65,59.27,162.97,82.53,38.66
2026-07-09 14:15:00+00:00,77.0,75.62,142.0,78.75,75.35,91.39,90.08,50.61,142.0,75.8,76.1,77.0,46.91,87.92,112.47,74.19,162.97,82.53,46.91
2026-07-09 14:30:00+00:00,86.53,85.64,142.36,88.09,86.4,98.99,90.08,57.42,142.36,86.52,86.13,86.53,60.7,93.43,117.2,86.17,162.97,82.53,60.7
2026-07-09 14:45:00+00:00,98.37,97.58,155.0,99.75,98.25,109.4,90.08,65.56,155.0,98.36,98.02,98.37,75.0,97.2,125.55,98.05,162.97,82.53,75.0
2026-07-09 15:00:00+00:00,85.15,84.86,149.5,85.669998,85.1,89.72,100.01,53.73,149.5,85.15,84.99,85.15,75.0,95.97,96.71,85.02,169.51,109.61,75.0
2026-07-09 15:15:00+00:00,103.61,103.37,140.0,104.7,112.67,110.09,100.01,66.72,140.0,103.36,103.55,104.06,78.28,98.5,120.0,102.84,169.51,109.61,78.28
2026-07-09 15:30:00+00:00,116.21,115.24,141.07,114.470001,116.05,114.44,100.01,73.1,141.07,116.21,115.12,114.41,79.13,102.74,114.95,115.98,169.51,109.61,106.32
2026-07-09 15:45:00+00:00,131.11,128.53,135.79,127.160004,145.11,130.18,100.01,80.21,135.79,155.14,128.58,130.03,81.1,108.08,130.3,137.29,169.51,109.61,130.55
2026-07-09 16:00:00+00:00,118.94,116.38,130.0,120.639999,131.04,122.73,128.0,75.24,130.0,133.95,120.1,114.4,83.2,104.74,135.43,129.04,219.615,136.89,97.04
2026-07-09 16:15:00+00:00,127.04,124.87,130.0,128.54,131.51,123.58,128.0,79.14,130.0,133.15,126.48,123.36,87.0,108.98,123.85,130.0,219.615,136.89,123.36
2026-07-09 16:30:00+00:00,136.05,135.78,149.0,134.64,141.25,137.31,128.0,80.0,149.0,158.75,137.48,136.05,91.88,111.55,141.79,135.68,219.615,136.89,127.81
2026-07-09 16:45:00+00:00,147.82,147.82,159.98,142.610001,165.17,147.83,128.0,80.7,159.98,202.16,150.82,147.82,95.5,114.36,147.83,152.25,219.615,136.89,147.79
2026-07-09 17:00:00+00:00,137.7,141.82,160.6,143.09,143.02,144.06,168.76,85.42,160.6,142.48,142.26,142.83,95.0,116.44,149.12,144.45,260.085,160.96,133.64
2026-07-09 17:15:00+00:00,148.63,150.89,163.15,152.61,150.98,156.64,168.76,89.21,163.15,150.84,151.28,152.09,117.17,118.84,163.41,151.3,260.085,160.96,142.51
2026-07-09 17:30:00+00:00,166.82,169.13,170.27,170.62,169.4,174.12,168.76,94.91,170.27,169.21,169.49,170.16,137.4,124.54,180.0,169.87,260.085,160.96,161.84
2026-07-09 17:45:00+00:00,200.92,200.92,200.92,200.910004,200.92,200.92,168.76,106.17,200.92,200.92,200.92,200.92,146.08,126.51,200.92,200.92,260.085,160.96,200.92
2026-07-09 18:00:00+00:00,181.81,183.28,181.68,185.81,182.4,190.97,202.51,106.14,181.68,182.57,183.72,185.06,139.03,106.72,197.24,181.86,268.31,167.0,171.15
2026-07-09 18:15:00+00:00,192.8,195.91,192.5,201.17,194.04,210.86,202.51,109.3,192.5,194.4,196.84,199.67,147.7,106.73,219.39,192.89,268.31,167.0,170.0
2026-07-09 18:30:00+00:00,213.78,218.01,213.4,225.25,215.48,239.06,202.51,114.51,213.4,215.96,219.29,223.16,158.45,107.03,251.39,213.92,268.31,167.0,182.91
2026-07-09 18:45:00+00:00,220.58,227.05,220.0,238.19,223.18,261.08,202.51,118.27,220.0,223.92,229.01,234.91,173.66,106.94,277.65,220.8,268.31,167.0,173.66
2026-07-09 19:00:00+00:00,217.23,223.34,212.41,234.520004,219.47,257.59,226.99,121.77,212.41,220.2,225.3,231.36,169.88,107.79,274.82,217.07,268.5,170.06,169.9
2026-07-09 19:15:00+00:00,212.66,217.47,211.9,226.31,214.42,245.49,226.99,118.15,211.9,215.0,219.02,223.78,175.41,107.61,268.33,212.54,268.5,170.06,175.41
2026-07-09 19:30:00+00:00,199.62,202.75,187.95,208.54,200.77,221.81,226.99,110.1,187.95,201.14,203.77,206.85,175.41,107.54,244.13,199.54,268.5,170.06,175.41
2026-07-09 19:45:00+00:00,186.99,188.85,174.54,192.27,187.67,200.1,226.99,101.45,174.54,187.89,189.44,191.26,172.7,107.6,213.28,186.95,268.5,170.06,172.7
2026-07-09 20:00:00+00:00,202.34,204.97,201.93,209.84,201.53,221.02,160.01,115.82,201.93,203.62,169.14,208.4,181.99,106.01,239.71,202.27,263.445,168.74,181.99
2026-07-09 20:15:00+00:00,184.45,185.98,184.22,188.789993,184.62,195.24,160.01,104.46,184.22,185.19,186.5,187.95,172.7,107.09,206.04,184.42,263.445,168.74,172.7
2026-07-09 20:30:00+00:00,174.8,174.8,174.8,174.81,174.8,174.8,160.01,95.35,174.8,174.8,174.8,174.8,174.8,108.06,174.8,174.8,263.445,168.74,174.8
2026-07-09 20:45:00+00:00,164.71,164.71,164.71,164.72,164.71,164.71,160.01,86.32,164.71,164.71,164.71,164.71,164.71,110.83,164.71,164.71,263.445,168.74,164.71
2026-07-09 21:00:00+00:00,171.3,171.86,171.3,173.0,171.47,175.62,132.0,97.13,171.3,171.54,172.07,172.66,166.46,113.95,180.0,171.23,258.59,153.67,166.46
2026-07-09 21:15:00+00:00,162.87,163.78,163.72,165.64,163.15,169.91,132.0,90.71,163.72,163.27,164.13,165.09,155.01,112.11,177.02,162.75,258.59,153.67,155.01
2026-07-09 21:30:00+00:00,155.74,155.93,155.74,156.330002,155.8,157.23,132.0,84.8,155.74,155.82,156.01,156.21,154.08,112.9,158.73,155.72,258.59,153.67,154.08
2026-07-09 21:45:00+00:00,155.6,156.19,155.45,157.38,155.78,160.1,132.0,82.05,155.45,155.86,156.41,157.02,150.58,112.71,164.65,155.53,258.59,153.67,150.58
2026-07-09 22:00:00+00:00,165.89,166.63,165.89,167.98,166.13,171.31,146.99,94.27,165.89,166.22,166.86,167.73,160.0,118.71,176.62,165.83,244.885,151.0,160.0
2026-07-09 22:15:00+00:00,154.65,154.65,163.31,154.66,154.65,154.65,146.99,85.73,163.31,154.65,154.65,154.65,154.65,118.71,154.65,154.65,244.885,151.0,154.65
2026-07-09 22:30:00+00:00,149.47,149.5,155.0,149.58,149.48,149.74,146.99,81.34,155.0,149.48,149.52,149.56,151.5,118.32,150.0,149.47,244.885,151.0,149.18
2026-07-09 22:45:00+00:00,139.27,140.48,151.01,142.72,139.65,148.19,146.99,80.25,151.01,139.8,140.86,142.29,148.49,117.45,156.94,139.16,244.885,151.0,129.55
2026-07-09 23:00:00+00:00,149.61,149.61,152.9,149.62,149.61,149.61,120.0,82.65,152.9,149.61,149.61,149.61,151.2,117.95,149.61,149.61,221.145,142.31,149.61
2026-07-09 23:15:00+00:00,143.68,143.74,152.11,143.87,143.7,144.16,120.0,82.45,152.11,143.71,143.76,143.85,147.7,117.05,144.64,143.67,221.145,142.31,143.15
2026-07-09 23:30:00+00:00,142.3,142.3,152.9,141.44,142.3,142.3,120.0,82.35,152.9,142.3,142.3,142.3,145.16,116.9,142.3,142.3,221.145,142.31,142.3
2026-07-09 23:45:00+00:00,136.63,137.14,140.0,138.95,136.8,140.34,120.0,81.32,140.0,136.86,137.3,137.97,143.04,115.18,144.0,136.59,221.145,142.31,132.59
2026-07-10 00:00:00+00:00,141.98,141.98,158.98,141.99,141.98,141.98,100.0,81.82,158.98,141.98,141.98,141.98,151.56,115.89,141.98,141.98,205.06,139.77,141.98
2026-07-10 00:15:00+00:00,141.16,141.16,155.0,141.17,141.16,141.16,100.0,81.17,155.0,141.16,141.16,141.16,150.01,115.19,141.16,141.16,205.06,139.77,141.16
2026-07-10 00:30:00+00:00,137.34,137.48,158.0,137.75,137.38,138.37,100.0,81.16,158.0,137.4,137.52,137.71,151.39,113.62,139.4,137.32,205.06,139.77,136.2
2026-07-10 00:45:00+00:00,135.75,136.6,153.0,138.14,136.02,141.91,100.0,81.25,153.0,136.13,136.85,137.95,150.0,113.28,147.99,135.68,205.06,139.77,129.0
2026-07-10 01:00:00+00:00,138.55,138.55,150.0,138.56,138.55,138.55,76.83,79.09,150.0,138.55,138.55,138.55,156.09,113.39,138.55,138.55,204.5,138.89,138.55
2026-07-10 01:15:00+00:00,137.65,137.73,150.0,137.92,137.68,138.43,76.83,79.88,150.0,137.69,137.76,137.87,154.09,113.37,139.41,137.65,204.5,138.89,134.64
2026-07-10 01:30:00+00:00,137.7,137.7,149.23,137.71,137.7,137.7,76.83,80.92,149.23,137.7,137.7,137.7,155.09,113.32,137.7,137.7,204.5,138.89,137.7
2026-07-10 01:45:00+00:00,137.03,137.23,145.0,137.68,137.11,138.93,76.83,83.25,145.0,137.13,137.31,137.59,155.09,113.23,141.25,137.04,204.5,138.89,130.35
2026-07-10 02:00:00+00:00,137.93,137.69,145.43,137.37,137.88,136.94,84.72,78.63,145.43,137.84,137.64,137.37,153.48,113.05,136.75,138.0,200.325,139.93,130.49
2026-07-10 02:15:00+00:00,139.18,138.67,140.58,137.99,139.08,137.09,84.72,79.83,140.58,139.0,138.56,138.0,153.09,113.27,136.68,139.33,200.325,139.93,123.41
2026-07-10 02:30:00+00:00,138.8,138.33,143.92,137.7,138.7,136.86,84.72,82.63,143.92,138.63,138.22,137.71,154.07,113.5,136.48,138.93,200.325,139.93,124.22
2026-07-10 02:45:00+00:00,140.65,140.37,145.97,140.0,140.59,139.5,84.72,85.64,145.97,140.55,140.31,140.0,154.09,114.53,139.28,140.73,200.325,139.93,132.03
2026-07-10 03:00:00+00:00,142.3,131.4,143.6,139.47,137.91,141.89,120.0,77.78,143.6,137.7,135.92,140.01,148.0,114.42,141.96,139.04,190.805,146.58,125.48
2026-07-10 03:15:00+00:00,144.91,136.35,145.0,141.2,141.55,142.16,120.0,80.44,145.0,141.3,139.43,141.61,150.01,114.75,142.24,142.67,190.805,146.58,138.65
2026-07-10 03:30:00+00:00,142.5,142.34,142.5,140.4,142.44,142.44,120.0,86.63,142.5,142.43,142.4,142.43,152.09,116.55,142.44,142.46,190.805,146.58,142.42
2026-07-10 03:45:00+00:00,145.26,145.44,145.26,139.59,145.32,145.96,120.0,89.24,145.26,145.34,145.5,145.76,153.48,116.53,147.07,145.24,190.805,146.58,143.66
2026-07-10 04:00:00+00:00,145.4,145.96,145.35,153.34,145.62,147.3,120.01,78.79,145.35,145.69,146.1,146.74,141.26,115.73,150.0,145.42,181.6,151.07,141.26
2026-07-10 04:15:00+00:00,153.08,154.07,153.08,157.04,153.48,156.45,120.01,83.32,153.08,153.59,154.31,155.45,145.85,115.86,161.58,153.12,181.6,151.07,145.85
2026-07-10 04:30:00+00:00,152.24,152.26,152.9,152.3,152.25,152.31,120.01,87.41,152.9,152.25,152.27,152.29,152.09,115.92,152.42,152.24,181.6,151.07,152.09
2026-07-10 04:45:00+00:00,150.08,150.08,152.9,150.09,150.08,150.08,120.01,91.24,152.9,150.08,150.08,150.08,150.08,116.47,150.08,150.08,181.6,151.07,150.08
2026-07-10 05:00:00+00:00,156.89,158.18,156.38,160.54,157.16,162.52,86.0,83.09,156.38,157.36,158.56,160.54,157.21,116.52,170.53,156.57,208.33,150.33,144.95
2026-07-10 05:15:00+00:00,153.35,153.35,153.37,153.37,153.35,153.35,86.0,86.76,153.37,153.35,153.35,153.35,157.09,116.85,153.35,153.35,208.33,150.33,153.35
2026-07-10 05:30:00+00:00,144.96,144.96,152.9,144.97,138.71,144.96,86.0,87.8,152.9,144.96,144.96,144.96,153.09,116.86,144.96,144.96,208.33,150.33,144.96
2026-07-10 05:45:00+00:00,131.92,131.92,145.0,132.42,120.11,131.92,86.0,87.28,145.0,131.92,131.92,131.92,143.09,115.93,131.92,131.92,208.33,150.33,131.92
2026-07-10 06:00:00+00:00,154.77,153.78,161.26,153.95,110.0,155.02,62.0,85.4,161.26,147.69,152.18,154.77,157.09,115.77,155.18,112.37,249.015,136.55,155.57
2026-07-10 06:15:00+00:00,141.08,129.3,150.61,139.37,72.43,141.88,62.0,84.81,150.61,127.2,132.85,141.08,142.48,115.43,142.48,75.16,249.015,136.55,142.48
2026-07-10 06:30:00+00:00,131.42,121.14,145.0,131.88,12.78,132.32,62.0,83.47,145.0,109.73,121.49,131.42,133.0,112.55,133.0,36.31,249.015,136.55,133.0
2026-07-10 06:45:00+00:00,112.34,105.76,135.0,123.84,8.44,113.41,62.0,82.72,135.0,88.89,103.25,112.34,114.28,109.31,114.28,32.82,249.015,136.55,114.28
2026-07-10 07:00:00+00:00,131.91,136.74,139.13,129.8,92.09,138.6,19.99,84.4,139.13,127.59,135.35,138.13,139.13,111.62,138.8,113.51,239.47,117.1,139.13
2026-07-10 07:15:00+00:00,127.96,132.75,130.72,128.44,27.83,130.9,19.99,81.92,130.72,112.65,128.44,130.77,130.72,111.1,130.91,78.85,239.47,117.1,130.72
2026-07-10 07:30:00+00:00,111.2,116.62,139.19,117.28,13.0,115.47,19.99,75.6,139.19,96.63,112.48,115.23,115.43,106.79,115.51,63.32,239.47,117.1,115.43
2026-07-10 07:45:00+00:00,92.75,101.11,125.0,105.37,12.99,108.77,19.99,69.08,125.0,83.12,98.38,103.77,95.99,102.78,114.68,54.82,239.47,117.1,95.99
2026-07-10 08:00:00+00:00,113.04,114.2,140.0,111.59,57.51,116.58,71.39,76.36,140.0,103.37,111.82,112.71,103.76,103.2,121.51,84.71,237.99,95.29,103.76
2026-07-10 08:15:00+00:00,106.64,107.76,147.94,108.95,79.34,114.2,71.39,73.52,147.94,101.87,106.83,108.28,96.0,100.97,121.56,92.76,237.99,95.29,96.0
2026-07-10 08:30:00+00:00,95.91,96.72,140.0,94.29,30.0,95.24,71.39,65.11,140.0,84.24,93.69,94.0,90.0,99.33,96.96,62.48,237.99,95.29,90.0
2026-07-10 08:45:00+00:00,86.45,87.15,130.0,84.69,30.0,84.39,71.39,58.36,130.0,76.52,84.5,84.59,83.93,95.65,84.3,58.01,237.99,95.29,83.93
2026-07-10 09:00:00+00:00,89.7,89.7,134.5,89.71,89.7,89.7,65.07,65.91,134.5,89.7,89.7,89.7,85.24,91.2,89.7,89.7,194.405,80.48,89.7
2026-07-10 09:15:00+00:00,82.55,82.55,133.75,82.55,82.55,82.55,65.07,59.0,133.75,82.55,82.55,82.55,82.55,87.78,82.55,82.55,194.405,80.48,82.55
2026-07-10 09:30:00+00:00,75.0,75.0,133.49,75.0,75.0,75.0,65.07,54.62,133.49,75.0,75.0,75.0,75.0,85.6,75.0,75.0,194.405,80.48,75.0
2026-07-10 09:45:00+00:00,66.88,66.56,134.18,65.88,66.81,66.61,65.07,51.07,134.18,66.76,66.45,65.99,70.0,80.42,75.21,66.96,194.405,80.48,70.0
2026-07-10 10:00:00+00:00,63.82,60.69,129.06,76.8,63.05,76.69,50.81,56.49,129.06,62.75,60.99,69.94,72.96,85.45,75.49,64.07,159.93,47.78,72.96
2026-07-10 10:15:00+00:00,62.66,61.7,126.1,65.68,62.44,66.61,50.81,51.79,126.1,62.35,61.84,64.54,65.5,84.44,66.26,62.75,159.93,47.78,65.5
2026-07-10 10:30:00+00:00,52.74,52.74,123.5,52.74,52.74,52.74,50.81,48.98,123.5,52.74,52.74,52.74,52.74,83.74,52.74,52.74,159.93,47.78,52.74
2026-07-10 10:45:00+00:00,40.0,40.0,124.5,40.0,40.0,40.01,50.81,40.0,124.5,40.0,40.0,40.0,40.0,83.22,40.01,40.0,159.93,47.78,40.0
2026-07-10 11:00:00+00:00,43.44,43.44,123.16,43.49,43.44,43.44,44.07,42.82,123.16,43.44,43.44,43.44,43.44,80.38,43.44,43.44,146.73,30.8,43.44
2026-07-10 11:15:00+00:00,39.0,39.0,126.1,39.27,39.0,39.0,44.07,38.71,126.1,39.0,47.12,39.0,39.0,81.29,39.0,39.0,146.73,30.8,39.0
2026-07-10 11:30:00+00:00,37.0,37.0,126.16,37.21,37.0,37.0,44.07,36.18,126.16,37.0,53.19,37.0,37.0,81.34,37.0,37.0,146.73,30.8,37.0
2026-07-10 11:45:00+00:00,30.0,30.0,126.1,30.15,30.0,30.0,44.07,29.85,126.1,30.0,49.29,30.0,30.0,81.48,30.0,30.0,146.73,30.8,30.0
2026-07-10 12:00:00+00:00,38.9,38.9,122.8,39.02,38.9,38.9,45.03,35.91,122.8,38.9,40.1,38.9,38.9,80.23,38.9,38.9,142.75,32.0,38.9
2026-07-10 12:15:00+00:00,40.0,40.0,122.8,40.07,40.0,40.0,45.03,35.93,122.8,40.0,56.55,40.0,40.0,80.44,40.0,40.0,142.75,32.0,40.0
2026-07-10 12:30:00+00:00,42.91,42.91,125.0,43.05,42.91,42.91,45.03,39.32,125.0,42.91,60.08,42.91,42.91,79.42,42.91,42.91,142.75,32.0,42.91
2026-07-10 12:45:00+00:00,41.99,41.99,128.16,42.11,41.99,41.99,45.03,41.48,128.16,41.99,75.28,41.99,41.99,78.94,41.99,41.99,142.75,32.0,41.99
2026-07-10 13:00:00+00:00,46.23,46.23,132.08,46.15,46.23,46.23,61.58,37.61,132.08,46.23,61.36,46.23,46.23,79.7,46.23,46.23,145.285,55.0,46.23
2026-07-10 13:15:00+00:00,55.83,55.83,135.0,55.83,55.83,55.83,61.58,46.13,135.0,55.83,72.01,55.83,55.83,79.77,55.83,55.83,145.285,55.0,55.83
2026-07-10 13:30:00+00:00,65.81,65.81,130.0,65.81,65.81,65.81,61.58,52.13,130.0,65.81,73.52,65.81,65.5,80.16,65.81,65.81,145.285,55.0,65.81
2026-07-10 13:45:00+00:00,80.53,80.53,135.84,80.53,80.53,80.53,61.58,61.15,135.84,80.53,85.3,80.53,68.85,82.44,80.53,80.53,145.285,55.0,80.53
2026-07-10 14:00:00+00:00,61.2,61.2,125.86,61.2,61.2,61.2,90.08,49.0,125.86,61.2,99.88,61.2,61.2,80.61,61.2,61.2,147.13,94.01,61.2
2026-07-10 14:15:00+00:00,83.11,83.11,135.0,83.12,83.11,83.11,90.08,59.35,135.0,83.11,106.69,83.11,70.0,89.28,83.11,83.11,147.13,94.01,83.11
2026-07-10 14:30:00+00:00,97.1,97.1,141.64,97.11,97.1,97.1,90.08,67.55,141.64,97.1,97.1,97.1,70.01,96.0,97.1,97.1,147.13,94.01,97.1
2026-07-10 14:45:00+00:00,114.5,113.41,145.0,112.27,114.06,111.0,90.08,75.21,145.0,114.0,113.21,112.24,73.0,100.58,113.45,114.33,147.13,94.01,113.32
2026-07-10 15:00:00+00:00,103.95,103.77,136.83,105.54,103.84,103.64,129.03,73.85,136.83,103.85,103.75,103.63,74.5,99.8,103.64,103.85,151.06,114.84,103.66
2026-07-10 15:15:00+00:00,110.47,111.46,145.0,108.69,122.81,106.72,129.03,76.01,145.0,118.75,111.82,106.17,75.1,101.59,107.08,134.26,151.06,114.84,108.13
2026-07-10 15:30:00+00:00,122.45,122.7,153.37,119.77,136.05,117.76,129.03,79.88,153.37,132.26,123.67,117.19,82.6,106.9,118.13,146.32,151.06,114.84,119.23
2026-07-10 15:45:00+00:00,139.03,132.61,155.0,128.53,161.82,128.86,129.03,82.19,155.0,158.38,134.56,128.29,83.07,110.76,129.26,154.87,151.06,114.84,130.36
2026-07-10 16:00:00+00:00,118.6,114.8,153.37,114.19,146.91,109.28,150.02,80.97,153.37,141.69,121.3,108.97,85.79,108.2,109.75,148.38,167.885,135.06,111.37
2026-07-10 16:15:00+00:00,129.66,125.91,158.98,126.03,154.5,121.08,150.02,82.69,158.98,150.04,131.81,120.83,86.14,111.62,121.5,154.99,167.885,135.06,122.91
2026-07-10 16:30:00+00:00,146.72,141.95,162.19,138.83,163.33,138.91,150.02,85.34,162.19,161.09,141.06,138.66,91.63,115.74,138.93,161.09,167.885,135.06,138.93
2026-07-10 16:45:00+00:00,157.36,149.79,170.0,145.83,175.51,145.39,150.02,88.27,170.0,173.33,152.06,145.28,98.3,120.01,145.28,170.0,167.885,135.06,145.28
2026-07-10 17:00:00+00:00,140.87,145.64,165.14,144.39,153.16,140.95,175.07,89.32,165.14,150.71,145.99,142.95,90.0,119.54,136.43,160.1,189.005,160.0,126.43
2026-07-10 17:15:00+00:00,145.99,152.11,168.56,151.03,158.0,149.54,175.07,92.01,168.56,155.74,152.57,150.82,99.0,123.81,146.58,164.17,189.005,160.0,140.05
2026-07-10 17:30:00+00:00,167.35,171.56,170.0,174.55,170.22,170.74,175.07,92.56,170.0,170.27,172.15,174.69,115.68,124.24,162.26,169.82,189.005,160.0,143.16
2026-07-10 17:45:00+00:00,183.12,187.45,183.12,191.42,184.96,186.35,175.07,100.14,183.12,185.38,188.14,191.62,140.0,129.32,175.09,183.5,189.005,160.0,149.72
2026-07-10 18:00:00+00:00,167.85,172.91,170.0,176.43,170.85,169.18,208.07,100.32,170.0,171.04,173.57,176.0,134.78,123.31,151.66,169.99,198.205,173.71,134.78
2026-07-10 18:15:00+00:00,176.56,180.63,176.56,183.89,178.3,177.11,208.07,102.39,176.56,178.7,181.19,183.49,145.0,123.13,160.77,176.93,198.205,173.71,145.0
2026-07-10 18:30:00+00:00,186.48,190.09,186.48,192.97,188.02,186.97,208.07,105.38,186.48,188.38,190.59,192.63,158.5,123.11,172.48,186.81,198.205,173.71,158.5
2026-07-10 18:45:00+00:00,188.73,192.17,188.73,194.91,184.6,189.2,208.07,104.64,188.73,190.54,192.64,194.59,162.09,122.43,175.41,189.05,198.205,173.71,162.09
2026-07-10 19:00:00+00:00,184.89,187.55,170.27,189.89,185.77,185.14,186.67,104.77,170.27,186.1,187.93,189.88,162.09,120.42,173.37,184.67,200.39,174.09,162.09
2026-07-10 19:15:00+00:00,176.74,178.0,170.0,179.1,154.5,176.86,186.67,100.8,170.0,177.32,178.18,179.1,165.99,119.96,171.31,176.64,200.39,174.09,165.99
2026-07-10 19:30:00+00:00,170.0,170.0,170.0,170.0,170.0,170.0,186.67,92.21,170.0,170.0,170.0,170.0,170.0,119.8,170.0,170.0,200.39,174.09,170.0
2026-07-10 19:45:00+00:00,168.56,168.56,168.56,168.57,168.56,168.56,186.67,86.95,168.56,168.56,168.56,168.56,168.56,119.1,168.56,168.56,200.39,174.09,168.56
2026-07-10 20:00:00+00:00,172.7,172.7,172.7,172.71,172.7,172.7,165.83,87.9,172.7,172.7,172.7,172.7,172.7,119.11,172.7,172.7,188.495,167.88,172.7
2026-07-10 20:15:00+00:00,169.16,169.16,169.16,169.17,169.16,169.16,165.83,86.24,169.16,169.16,169.16,169.16,169.16,118.22,169.16,169.16,188.495,167.88,169.16
2026-07-10 20:30:00+00:00,168.55,168.55,168.55,168.56,168.55,168.55,165.83,83.2,168.55,168.55,168.55,168.55,168.55,118.3,168.55,168.55,188.495,167.88,168.55
2026-07-10 20:45:00+00:00,161.59,161.59,161.59,161.6,161.59,161.59,165.83,82.14,161.59,161.59,161.59,161.59,161.59,118.05,161.59,161.59,188.495,167.88,161.59
2026-07-10 21:00:00+00:00,162.26,162.26,162.26,162.26,162.26,162.26,165.02,85.95,162.26,162.26,162.26,162.26,162.26,117.74,162.26,162.26,173.4,153.0,162.26
2026-07-10 21:15:00+00:00,156.32,156.32,156.32,156.33,156.32,156.32,165.02,84.52,156.32,156.32,156.32,156.32,161.59,116.38,156.32,156.32,173.4,153.0,156.32
2026-07-10 21:30:00+00:00,153.37,153.37,153.37,153.38,153.37,153.37,165.02,82.57,153.37,153.37,153.37,153.37,159.27,116.16,153.37,153.37,173.4,153.0,153.37
2026-07-10 21:45:00+00:00,145.9,145.9,145.9,145.91,145.9,145.9,165.02,81.21,145.9,145.9,145.9,145.9,157.09,116.35,145.9,145.9,173.4,153.0,145.9
2026-07-10 22:00:00+00:00,160.31,160.31,160.31,144.43,160.31,160.31,151.32,85.26,160.31,160.31,160.31,160.31,160.31,119.45,160.31,160.31,177.935,149.1,160.31
2026-07-10 22:15:00+00:00,157.17,152.62,158.68,150.929993,161.03,154.02,151.32,83.34,158.68,161.72,152.72,153.81,156.31,119.45,154.17,159.46,177.935,149.1,154.45
2026-07-10 22:30:00+00:00,150.42,144.76,153.37,145.800003,155.23,146.5,151.32,80.8,153.37,156.09,144.88,146.24,153.48,118.69,146.69,153.26,177.935,149.1,147.03
2026-07-10 22:45:00+00:00,144.97,140.45,153.0,141.279999,148.8,141.81,151.32,80.17,153.0,149.49,140.55,141.63,150.0,117.78,141.95,147.23,177.935,149.1,142.25
2026-07-10 23:00:00+00:00,149.59,143.99,161.5,144.93,154.3,145.62,132.0,82.25,161.5,155.21,143.66,145.41,154.33,118.12,145.8,152.4,165.535,143.51,146.17
2026-07-10 23:15:00+00:00,145.0,145.0,152.9,145.009995,155.22,145.0,132.0,80.8,152.9,145.0,145.0,145.0,150.01,118.09,145.0,145.0,165.535,143.51,145.0
2026-07-10 23:30:00+00:00,144.98,144.98,151.97,144.990005,150.95,144.98,132.0,79.76,151.97,144.98,144.98,144.98,145.85,117.98,144.98,144.98,165.535,143.51,144.98
2026-07-10 23:45:00+00:00,140.41,140.41,140.9,140.419998,140.41,140.41,132.0,80.67,140.9,140.41,140.41,140.41,143.04,117.43,140.41,140.41,165.535,143.51,140.41
2026-07-11 00:00:00+00:00,144.93,143.23,153.37,143.23,145.85,143.47,130.0,80.38,153.37,146.11,142.54,143.42,143.42,117.02,143.46,145.48,150.0,140.1,143.42
2026-07-11 00:15:00+00:00,140.71,140.71,166.73,140.710007,140.71,140.71,130.0,80.05,166.73,140.71,140.71,140.71,141.46,116.56,140.71,140.71,150.0,140.1,140.71
2026-07-11 00:30:00+00:00,139.66,139.16,162.74,139.820007,140.45,139.23,130.0,79.66,162.74,140.68,138.78,140.0,141.26,116.04,137.23,139.92,150.0,140.1,133.0
2026-07-11 00:45:00+00:00,139.11,138.23,155.0,139.860001,140.86,138.36,130.0,78.93,155.0,141.38,137.46,140.3,141.0,115.91,133.39,139.63,150.0,140.1,122.86
2026-07-11 01:00:00+00:00,141.37,140.57,153.37,140.960007,142.12,140.69,143.95,79.18,153.37,142.34,140.14,141.15,143.04,115.9,139.48,141.69,149.425,138.07,136.93
2026-07-11 01:15:00+00:00,138.4,139.0,152.9,141.32,139.88,138.95,143.95,79.84,152.9,140.35,138.65,141.88,144.0,115.76,131.88,138.54,149.425,138.07,116.97
2026-07-11 01:30:00+00:00,137.57,138.12,152.9,140.28,138.94,138.08,143.95,79.47,152.9,139.38,137.8,140.8,143.04,115.58,131.5,137.69,149.425,138.07,117.64
2026-07-11 01:45:00+00:00,137.84,138.02,152.9,138.7,138.28,138.01,143.95,78.09,152.9,138.41,137.92,138.86,141.46,115.31,135.94,137.88,149.425,138.07,131.58
2026-07-11 02:00:00+00:00,137.98,139.73,150.41,142.050003,138.82,139.54,143.04,78.11,150.41,139.11,139.86,142.48,152.25,115.48,132.47,137.73,140.505,137.53,117.62
2026-07-11 02:15:00+00:00,141.46,141.77,141.46,144.080002,159.03,141.77,143.04,77.09,141.46,143.61,141.29,144.68,150.01,115.35,134.67,141.69,140.505,137.53,119.74
2026-07-11 02:30:00+00:00,137.81,136.36,144.14,137.21,146.46,136.57,143.04,79.99,144.14,139.73,135.51,137.61,150.0,114.19,133.85,138.41,140.505,137.53,128.13
2026-07-11 02:45:00+00:00,136.64,136.68,147.34,137.0,139.04,136.68,143.04,79.65,147.34,136.93,136.62,137.08,147.7,114.21,135.71,136.67,140.505,137.53,133.67
2026-07-11 03:00:00+00:00,138.26,136.89,152.9,140.99,159.03,138.71,140.03,76.56,152.9,137.79,138.41,141.4,146.81,114.04,131.75,137.11,136.0,135.88,117.21
2026-07-11 03:15:00+00:00,136.39,135.42,148.1,138.309998,145.75,136.7,140.03,77.47,148.1,136.05,136.49,138.6,145.85,113.87,131.8,135.57,136.0,135.88,121.56
2026-07-11 03:30:00+00:00,136.62,133.01,140.32,139.21,135.08,136.43,140.03,77.61,140.32,135.28,135.63,139.82,145.85,113.84,127.62,134.71,136.0,135.88,109.19
2026-07-11 03:45:00+00:00,132.48,131.09,132.48,135.220001,133.94,132.93,140.03,77.53,132.48,132.0,132.63,135.63,148.5,113.77,125.93,131.32,136.0,135.88,111.3
2026-07-11 04:00:00+00:00,140.91,140.08,153.0,145.850006,140.36,142.13,120.0,73.19,153.0,140.68,141.98,146.42,152.25,113.82,131.12,139.4,131.81,130.0,108.19
2026-07-11 04:15:00+00:00,138.34,138.0,153.37,140.83,138.1,138.98,120.0,74.13,153.37,138.26,138.92,141.11,153.48,113.4,133.51,137.61,131.81,130.0,122.11
2026-07-11 04:30:00+00:00,131.6,131.6,146.97,131.6,131.6,131.6,120.0,79.77,146.97,131.6,131.6,131.6,156.31,112.93,131.6,131.6,131.81,130.0,131.6
2026-07-11 04:45:00+00:00,123.7,124.29,141.5,126.07,123.85,125.18,120.0,79.67,141.5,123.99,124.69,126.21,155.31,110.58,123.42,123.36,131.81,130.0,111.92
2026-07-11 05:00:00+00:00,131.51,131.29,153.0,131.61,129.86,131.74,100.09,76.78,153.0,130.69,131.19,131.69,158.3,111.52,131.75,127.32,133.0,119.54,131.79
2026-07-11 05:15:00+00:00,126.93,126.19,152.9,126.39,124.95,126.98,100.09,77.09,152.9,125.86,126.27,126.93,156.88,109.4,127.0,122.21,133.0,119.54,127.0
2026-07-11 05:30:00+00:00,122.13,118.92,135.09,122.18,105.78,122.42,100.09,72.74,135.09,119.22,119.52,122.13,147.7,106.19,122.75,104.09,133.0,119.54,122.75
2026-07-11 05:45:00+00:00,116.38,103.33,128.22,116.830002,14.5,117.69,100.09,70.21,128.22,104.7,104.04,116.38,135.2,105.41,118.73,34.1,133.0,119.54,120.91
2026-07-11 06:00:00+00:00,142.16,142.16,142.16,139.610001,142.16,142.16,65.08,73.85,142.16,142.16,142.16,142.16,142.16,112.88,142.16,142.16,139.0,103.01,142.16
2026-07-11 06:15:00+00:00,123.95,123.95,123.95,123.959999,113.63,123.95,65.08,73.02,123.95,123.95,123.95,123.95,123.95,106.3,123.95,123.95,139.0,103.01,123.95
2026-07-11 06:30:00+00:00,106.37,107.78,132.48,105.92,70.05,105.58,65.08,65.53,132.48,105.58,105.98,105.75,105.05,103.34,105.51,86.91,139.0,103.01,105.05
2026-07-11 06:45:00+00:00,90.15,93.41,124.61,89.97,13.0,90.49,65.08,57.03,124.61,88.58,89.66,89.55,85.3,101.94,93.21,48.73,139.0,103.01,85.3
2026-07-11 07:00:00+00:00,107.07,107.07,146.03,107.080002,95.01,107.07,50.06,67.54,146.03,107.07,107.07,107.07,95.0,99.06,107.07,107.07,148.395,69.0,107.07
2026-07-11 07:15:00+00:00,90.95,94.29,129.5,92.029999,21.2,94.45,50.06,57.96,129.5,88.45,91.05,91.35,83.2,92.39,101.44,52.6,148.395,69.0,83.2
2026-07-11 07:30:00+00:00,68.43,70.57,116.92,67.73,12.78,67.22,50.06,45.15,116.92,66.23,67.87,67.51,66.42,82.91,67.12,38.01,148.395,69.0,66.42
2026-07-11 07:45:00+00:00,29.83,30.55,127.95,29.32,11.01,29.41,50.06,25.46,127.95,29.09,29.64,29.51,29.17,75.51,29.36,19.54,148.395,69.0,29.17
2026-07-11 08:00:00+00:00,40.0,40.0,155.0,39.01,40.0,40.0,19.87,38.8,155.0,40.0,40.0,40.0,40.0,65.39,40.0,40.0,152.81,21.17,40.0
2026-07-11 08:15:00+00:00,18.09,18.09,143.24,18.69,18.09,18.09,19.87,18.85,143.24,18.09,18.09,18.09,18.09,65.77,18.09,18.09,152.81,21.17,18.09
2026-07-11 08:30:00+00:00,5.18,5.18,150.0,5.83,5.18,5.18,19.87,5.53,150.0,5.18,5.18,5.18,5.18,65.75,5.18,5.18,152.81,21.17,5.18
2026-07-11 08:45:00+00:00,1.08,1.08,135.78,4.69,1.08,1.08,19.87,4.68,135.78,1.08,1.08,1.08,1.08,65.95,1.08,1.08,152.81,21.17,1.08
2026-07-11 09:00:00+00:00,1.0,1.0,125.98,10.97,1.0,1.0,10.0,11.42,125.98,1.0,1.0,1.0,1.0,54.04,1.0,1.0,132.24,5.29,1.0
2026-07-11 09:15:00+00:00,0.29,0.29,128.95,9.99,0.29,0.29,10.0,10.38,128.95,0.29,0.29,0.29,0.29,54.54,0.29,0.29,132.24,5.29,0.29
2026-07-11 09:30:00+00:00,0.02,0.02,119.81,10.3,0.02,0.02,10.0,10.69,119.81,0.02,0.02,0.02,0.02,53.76,0.02,0.02,132.24,5.29,0.02
2026-07-11 09:45:00+00:00,0.0,0.0,124.0,9.41,0.0,0.0,10.0,9.76,124.0,0.0,0.01,0.0,0.0,54.31,0.0,0.0,132.24,5.29,0.0
2026-07-11 10:00:00+00:00,0.0,0.0,105.0,13.86,0.0,0.0,9.99,14.34,105.0,0.0,0.01,0.0,0.0,54.5,0.0,0.0,117.5,1.0,0.0
2026-07-11 10:15:00+00:00,0.0,0.0,102.65,10.3,0.0,0.0,9.99,10.62,102.65,0.0,0.0,0.0,0.0,52.97,0.0,0.0,117.5,1.0,0.0
2026-07-11 10:30:00+00:00,0.0,0.0,112.66,10.02,0.0,-0.01,9.99,10.36,112.66,0.0,0.0,-0.01,0.0,52.86,0.0,0.0,117.5,1.0,0.0
2026-07-11 10:45:00+00:00,0.0,-0.01,113.61,9.33,0.0,-0.03,9.99,9.66,113.61,0.0,0.0,-0.02,0.0,52.64,0.0,0.0,117.5,1.0,0.0
2026-07-11 11:00:00+00:00,0.03,-0.02,99.0,12.08,0.01,-0.15,12.1,12.48,99.0,0.0,0.0,-0.07,-0.01,50.43,0.01,0.01,108.0,0.23,-0.01
2026-07-11 11:15:00+00:00,0.33,-0.25,100.0,9.99,0.01,-1.85,12.1,10.31,100.0,0.0,0.01,-0.8,-0.01,50.11,0.23,0.06,108.0,0.23,-0.01
2026-07-11 11:30:00+00:00,0.37,-0.28,99.5,9.69,0.01,-2.07,12.1,10.0,99.5,0.0,0.0,-0.9,-0.01,49.81,0.25,0.06,108.0,0.23,-0.01
2026-07-11 11:45:00+00:00,0.41,-0.31,99.4,8.09,0.01,-2.32,12.1,8.32,99.4,0.0,0.0,-1.01,-0.01,49.29,0.28,0.07,108.0,0.23,-0.01
2026-07-11 12:00:00+00:00,0.41,-0.31,121.95,10.0,0.01,-2.32,14.99,11.49,121.95,0.0,-0.42,-1.01,-0.01,51.42,0.25,0.07,106.13,2.09,-0.01
2026-07-11 12:15:00+00:00,0.41,-0.31,128.95,9.7,0.01,-2.32,14.99,10.0,128.95,0.0,-0.42,-1.01,-0.01,50.67,0.25,0.07,106.13,2.09,-0.01
2026-07-11 12:30:00+00:00,0.41,-0.31,129.5,9.11,0.01,-2.3,14.99,9.39,129.5,0.0,0.0,-1.0,-0.01,49.91,0.25,0.08,106.13,2.09,-0.01
2026-07-11 12:45:00+00:00,0.37,-0.27,131.53,8.23,0.01,-2.02,14.99,8.45,131.53,0.01,1.16,-0.88,-0.01,49.73,0.22,0.07,106.13,2.09,-0.01
2026-07-11 13:00:00+00:00,1.08,0.06,130.84,8.86,0.47,-2.01,19.82,9.09,130.84,0.49,-0.09,-0.92,0.0,50.19,0.17,0.55,105.29,4.45,0.0
2026-07-11 13:15:00+00:00,1.69,0.55,129.13,8.12,1.0,-0.95,19.82,8.27,129.13,1.03,0.39,-0.53,0.0,50.02,0.0,1.07,105.29,4.45,0.0
2026-07-11 13:30:00+00:00,0.97,0.41,127.19,8.72,0.63,-0.08,19.82,8.92,127.19,0.65,22.01,-0.11,0.0,50.13,-0.06,0.66,105.29,4.45,0.0
2026-07-11 13:45:00+00:00,3.94,1.68,133.24,6.64,2.55,-0.31,19.82,9.42,133.24,2.63,49.25,-0.45,0.0,50.01,-0.23,2.67,105.29,4.45,0.0
2026-07-11 14:00:00+00:00,1.0,0.45,128.85,6.78,0.67,-0.01,42.0,6.51,128.85,0.68,53.64,-0.04,0.06,64.1,0.01,0.7,105.98,17.5,0.06
2026-07-11 14:15:00+00:00,11.48,5.43,131.47,8.57,7.81,0.27,42.0,8.38,131.47,8.0,92.67,-0.04,1.08,64.9,0.49,8.15,105.98,17.5,1.08
2026-07-11 14:30:00+00:00,16.15,7.67,139.2,8.47,69.0,0.44,42.0,8.28,139.2,11.27,98.93,0.01,1.1,64.9,0.74,11.48,105.98,17.5,1.57
2026-07-11 14:45:00+00:00,42.67,33.26,152.9,25.74,114.32,25.23,42.0,25.44,152.9,37.25,98.93,24.76,1.5,70.28,25.57,37.48,105.98,17.5,26.49
2026-07-11 15:00:00+00:00,14.58,14.58,128.95,14.8,107.96,14.58,57.63,14.8,128.95,14.58,91.73,14.58,2.2,80.09,14.58,14.58,118.6,87.0,14.58
2026-07-11 15:15:00+00:00,71.04,71.43,134.3,67.5,123.57,67.13,57.63,42.9,134.3,76.29,105.83,66.85,3.43,89.8,67.24,84.99,118.6,87.0,67.24
2026-07-11 15:30:00+00:00,106.98,107.01,153.87,95.949997,159.03,94.75,57.63,62.74,153.87,120.08,107.38,94.19,5.88,99.82,94.92,142.78,118.6,87.0,94.19
2026-07-11 15:45:00+00:00,134.32,134.25,174.5,121.63,163.03,123.63,57.63,71.37,174.5,145.5,134.55,123.16,10.76,103.46,123.78,164.98,118.6,87.0,123.16
2026-07-11 16:00:00+00:00,93.48,107.24,153.37,106.419998,152.4,98.02,134.62,62.66,153.37,119.12,108.0,97.43,20.0,102.12,98.08,141.78,135.57,115.1,98.7
2026-07-11 16:15:00+00:00,109.99,120.19,153.37,117.57,160.03,113.68,134.62,72.96,153.37,128.64,120.78,113.36,35.76,103.82,113.7,145.02,135.57,115.1,113.7
2026-07-11 16:30:00+00:00,128.62,136.19,161.1,132.029999,159.03,131.18,134.62,75.21,161.1,142.55,136.62,130.99,48.09,110.23,131.2,154.84,135.57,115.1,130.99
2026-07-11 16:45:00+00:00,134.97,144.08,170.0,137.720001,166.38,140.07,134.62,75.92,170.0,150.37,144.7,139.63,55.01,113.55,140.37,163.4,135.57,115.1,141.27
2026-07-11 17:00:00+00:00,127.92,132.35,150.75,132.63,143.25,130.17,150.01,81.97,150.75,142.02,134.72,130.04,50.0,114.18,130.18,147.26,167.745,144.1,130.38
2026-07-11 17:15:00+00:00,136.93,140.21,153.92,142.07,154.23,141.02,150.01,79.69,153.92,154.55,145.01,140.92,77.34,117.16,141.02,152.99,167.745,144.1,141.14
2026-07-11 17:30:00+00:00,144.9,139.77,160.67,143.81,173.52,144.14,150.01,79.63,160.67,178.8,153.67,144.1,89.36,118.25,144.12,156.53,167.745,144.1,144.19
2026-07-11 17:45:00+00:00,146.03,147.42,172.5,149.11,166.84,148.74,150.01,78.75,172.5,157.26,151.04,148.94,104.21,119.19,148.09,153.73,167.745,144.1,146.76
2026-07-11 18:00:00+00:00,145.41,147.48,157.25,148.23,173.27,148.18,152.52,85.8,157.25,152.97,149.33,148.14,92.3,120.58,148.2,152.59,172.36,152.63,148.3
2026-07-11 18:15:00+00:00,150.82,150.82,161.36,151.309998,155.14,151.27,152.52,82.39,161.36,154.01,151.91,151.26,118.38,120.54,151.27,152.47,172.36,152.63,151.27
2026-07-11 18:30:00+00:00,152.25,150.35,167.62,153.63,167.1,153.14,152.52,79.21,167.62,170.12,157.23,153.35,140.0,120.44,152.44,158.13,172.36,152.63,151.01
2026-07-11 18:45:00+00:00,153.94,153.23,170.0,154.65,160.72,154.47,152.52,78.53,170.0,162.0,156.27,154.53,152.25,120.38,154.26,156.89,172.36,152.63,153.83
2026-07-11 19:00:00+00:00,155.64,155.92,155.64,156.45,156.35,155.98,161.9,84.59,155.64,156.5,156.25,156.38,152.25,119.7,154.76,155.82,171.025,155.75,152.25
2026-07-11 19:15:00+00:00,154.63,154.63,154.63,154.64,154.63,154.63,161.9,81.96,154.63,154.63,154.63,154.63,154.63,119.61,154.63,154.63,171.025,155.75,154.63
2026-07-11 19:30:00+00:00,157.95,157.95,157.95,157.949997,157.95,157.95,161.9,83.23,157.95,157.95,157.95,157.95,157.95,119.62,157.95,157.95,171.025,155.75,157.95
2026-07-11 19:45:00+00:00,156.54,156.54,157.25,156.55,156.54,156.54,161.9,80.0,157.25,156.54,156.54,156.54,156.54,119.6,156.54,156.54,171.025,155.75,156.54
2026-07-11 20:00:00+00:00,160.01,160.01,165.17,160.01,160.01,160.01,145.65,87.31,165.17,160.01,160.01,160.01,160.01,118.99,160.01,160.01,167.525,150.0,160.01
2026-07-11 20:15:00+00:00,155.31,155.31,170.0,155.32,155.31,155.31,145.65,83.15,170.0,155.31,155.31,155.31,155.31,118.92,155.31,155.31,167.525,150.0,155.31
2026-07-11 20:30:00+00:00,155.28,155.28,160.4,155.29,155.28,155.28,145.65,79.42,160.4,155.28,155.28,155.28,155.28,118.85,155.28,155.28,167.525,150.0,155.28
2026-07-11 20:45:00+00:00,148.95,148.95,157.64,148.97,148.95,148.95,145.65,78.32,157.64,148.95,148.95,148.95,148.95,118.69,148.95,148.95,167.525,150.0,148.95
2026-07-11 21:00:00+00:00,151.14,150.47,200.0,151.440002,155.78,151.36,155.03,79.32,200.0,156.66,152.65,151.35,151.38,118.66,151.36,152.98,163.96,141.0,151.38
2026-07-11 21:15:00+00:00,144.95,144.19,166.32,145.300003,150.27,145.21,155.03,78.33,166.32,151.28,146.68,145.2,145.23,118.16,145.21,147.07,163.96,141.0,145.23
2026-07-11 21:30:00+00:00,145.0,145.0,157.21,143.850006,145.0,145.0,155.03,77.53,157.21,145.0,145.0,145.0,145.0,117.17,145.0,145.0,163.96,141.0,145.0
2026-07-11 21:45:00+00:00,140.78,140.78,147.03,141.940002,145.03,140.78,155.03,76.51,147.03,140.78,140.78,140.78,140.78,115.65,140.78,140.78,163.96,141.0,140.78
2026-07-11 22:00:00+00:00,140.51,140.51,155.21,138.32,140.51,140.51,130.01,78.07,155.21,140.51,140.51,140.51,140.51,114.29,140.51,140.51,175.155,139.65,140.51
2026-07-11 22:15:00+00:00,140.0,140.0,159.98,137.820007,140.0,140.0,130.01,77.75,159.98,140.0,140.0,140.0,140.0,114.18,140.0,140.0,175.155,139.65,140.0
2026-07-11 22:30:00+00:00,138.76,138.76,153.37,138.77,138.76,138.76,130.01,77.79,153.37,138.76,138.76,138.76,138.76,114.1,138.76,138.76,175.155,139.65,138.76
2026-07-11 22:45:00+00:00,130.5,130.5,153.37,130.51,130.5,130.5,130.01,73.22,153.37,130.5,130.5,130.5,130.5,113.77,130.5,130.5,175.155,139.65,130.5
2026-07-11 23:00:00+00:00,135.2,135.2,153.37,135.21,135.2,135.2,114.93,75.84,153.37,135.2,135.2,135.2,135.2,113.26,135.2,135.2,182.205,134.66,135.2
2026-07-11 23:15:00+00:00,135.0,135.0,152.9,135.01,135.0,135.0,114.93,75.22,152.9,135.0,135.0,135.0,135.0,113.2,135.0,135.0,182.205,134.66,135.0
2026-07-11 23:30:00+00:00,131.34,131.34,150.09,131.34,131.34,131.34,114.93,72.85,150.09,131.34,131.34,131.34,131.34,113.07,131.34,131.34,182.205,134.66,131.34
2026-07-11 23:45:00+00:00,126.0,126.0,134.67,126.01,126.0,126.0,114.93,70.05,134.67,126.0,126.0,126.0,126.0,112.91,126.0,126.0,182.205,134.66,126.0
2026-07-12 00:00:00+00:00,127.94,127.94,159.98,127.95,127.94,127.94,109.0,71.98,159.98,127.94,127.94,127.94,127.94,113.08,127.94,127.94,170.51,128.85,127.94
2026-07-12 00:15:00+00:00,126.04,126.04,150.41,126.05,126.04,126.04,109.0,69.96,150.41,126.04,126.04,126.04,126.04,113.01,126.04,126.04,170.51,128.85,126.04
2026-07-12 00:30:00+00:00,124.8,124.8,145.56,124.809998,124.8,124.8,109.0,68.89,145.56,124.8,124.8,124.8,124.8,112.98,124.8,124.8,170.51,128.85,124.8
2026-07-12 00:45:00+00:00,123.5,123.5,137.35,123.510002,123.5,123.5,109.0,68.19,137.35,123.5,123.5,123.5,123.5,112.65,123.5,123.5,170.51,128.85,123.5
2026-07-12 01:00:00+00:00,127.93,127.93,153.37,127.94,127.93,127.93,89.94,71.69,153.37,127.93,127.93,127.93,137.36,112.79,127.93,127.93,178.645,125.86,127.93
2026-07-12 01:15:00+00:00,127.92,127.92,152.9,127.93,127.92,127.92,89.94,70.69,152.9,127.92,127.92,127.92,136.88,112.72,127.92,127.92,178.645,125.86,127.92
2026-07-12 01:30:00+00:00,122.85,122.85,152.0,122.86,122.85,122.85,89.94,67.88,152.0,122.85,122.85,122.85,135.2,112.24,122.85,122.85,178.645,125.86,122.85
2026-07-12 01:45:00+00:00,121.7,121.7,152.9,121.709999,121.7,121.7,89.94,67.26,152.9,121.7,121.7,121.7,135.0,111.58,121.7,121.7,178.645,125.86,121.7
2026-07-12 02:00:00+00:00,127.0,127.0,150.41,127.010002,127.0,127.0,89.96,70.77,150.41,127.0,127.0,127.0,127.0,112.19,127.0,127.0,204.16,125.0,127.0
2026-07-12 02:15:00+00:00,123.23,123.23,152.9,123.24,123.23,123.23,89.96,68.4,152.9,123.23,123.23,123.23,126.0,112.13,123.23,123.23,204.16,125.0,123.23
2026-07-12 02:30:00+00:00,121.11,121.11,155.0,121.12,121.11,121.11,89.96,67.35,155.0,121.11,121.11,121.11,126.0,111.11,121.11,121.11,204.16,125.0,121.11
2026-07-12 02:45:00+00:00,120.19,120.19,152.9,120.199997,120.19,120.19,89.96,66.94,152.9,120.19,120.19,120.19,126.04,110.61,120.19,120.19,204.16,125.0,120.19
2026-07-12 03:00:00+00:00,124.0,124.0,152.9,122.07,124.0,124.0,89.92,67.7,152.9,124.0,124.0,124.0,124.8,112.27,124.0,124.0,190.0,122.21,124.0
2026-07-12 03:15:00+00:00,122.18,122.18,144.36,122.19,122.18,122.18,89.92,67.0,144.36,122.18,122.18,122.18,125.0,111.58,122.18,122.18,190.0,122.21,122.18
2026-07-12 03:30:00+00:00,120.54,120.54,136.34,119.4,120.54,120.54,89.92,66.53,136.34,120.54,120.54,120.54,125.01,110.66,120.54,120.54,190.0,122.21,120.54
2026-07-12 03:45:00+00:00,112.13,112.47,112.13,113.01,112.27,114.2,89.92,62.67,112.13,112.3,112.53,112.94,125.01,106.81,116.44,112.14,190.0,122.21,109.9
2026-07-12 04:00:00+00:00,118.64,118.64,124.1,117.900002,118.64,118.64,79.93,66.8,124.1,118.64,118.64,118.64,125.6,107.97,118.64,118.64,159.845,117.62,118.64
2026-07-12 04:15:00+00:00,112.33,112.33,146.25,112.34,112.33,112.33,79.93,64.45,146.25,112.33,112.33,112.33,126.0,104.65,112.33,112.33,159.845,117.62,112.33
2026-07-12 04:30:00+00:00,110.0,110.0,151.0,110.0,110.0,110.0,79.93,63.72,151.0,110.0,110.0,110.0,128.0,103.06,110.0,110.0,159.845,117.62,110.0
2026-07-12 04:45:00+00:00,105.48,105.48,150.17,105.480003,105.48,105.48,79.93,63.67,150.17,105.48,105.48,105.48,128.0,100.97,105.48,105.48,159.845,117.62,105.48
2026-07-12 05:00:00+00:00,112.31,112.31,154.31,112.309998,112.31,112.31,20.0,64.38,154.31,112.31,112.31,112.31,125.6,103.95,112.31,112.31,152.4,104.0,112.31
2026-07-12 05:15:00+00:00,108.3,108.3,153.37,108.309998,108.3,108.3,20.0,62.53,153.37,108.3,108.3,108.3,120.3,101.91,108.3,108.3,152.4,104.0,108.3
2026-07-12 05:30:00+00:00,101.21,101.21,136.5,101.21,101.21,101.21,20.0,60.07,136.5,101.21,106.94,101.21,116.93,96.79,101.21,101.21,152.4,104.0,101.21
2026-07-12 05:45:00+00:00,77.28,77.28,122.29,77.29,77.28,77.28,20.0,48.61,122.29,77.28,107.47,77.28,100.0,86.98,77.28,77.28,152.4,104.0,77.28
2026-07-12 06:00:00+00:00,103.56,103.56,139.26,103.56,72.78,103.56,21.0,59.74,139.26,103.56,104.54,103.56,103.56,95.4,103.56,103.56,167.065,70.61,103.56
2026-07-12 06:15:00+00:00,78.95,82.31,121.08,79.45,12.78,79.19,21.0,49.51,121.08,78.4,106.09,79.42,78.43,80.19,79.07,52.09,167.065,70.61,78.43
2026-07-12 06:30:00+00:00,51.94,54.69,132.98,50.02,9.99,52.09,21.0,36.19,132.98,51.48,104.72,52.3,57.94,66.36,51.97,29.84,167.065,70.61,51.55
2026-07-12 06:45:00+00:00,13.15,13.46,112.0,12.65,8.43,13.17,21.0,10.48,112.0,13.1,103.29,13.19,38.9,25.83,13.15,10.66,167.065,70.61,13.1
2026-07-12 07:00:00+00:00,20.0,20.0,90.0,17.29,11.01,20.0,23.2,14.1,90.0,20.0,92.71,20.0,30.76,39.69,20.0,20.0,134.2,11.42,20.0
2026-07-12 07:15:00+00:00,1.54,1.54,64.37,4.93,1.54,1.54,23.2,4.09,64.37,1.54,94.02,1.54,1.95,31.17,1.54,1.54,134.2,11.42,1.54
2026-07-12 07:30:00+00:00,0.0,0.0,146.92,3.93,0.0,0.0,23.2,3.27,146.92,0.0,92.72,0.0,0.51,32.18,0.0,0.0,134.2,11.42,0.0
2026-07-12 07:45:00+00:00,0.0,0.0,133.59,3.67,0.0,0.0,23.2,2.94,133.59,0.0,91.01,0.0,0.0,32.73,0.0,0.0,134.2,11.42,0.0
2026-07-12 08:00:00+00:00,-0.01,-0.01,120.0,5.28,-0.01,-0.01,5.01,4.35,120.0,-0.01,65.51,-0.01,0.0,31.83,-0.01,-0.01,106.55,3.0,-0.01
2026-07-12 08:15:00+00:00,-0.01,-0.01,100.0,4.98,-0.01,-0.01,5.01,4.08,100.0,-0.01,61.13,-0.01,-0.01,32.9,-0.01,-0.01,106.55,3.0,-0.01
2026-07-12 08:30:00+00:00,-0.05,-0.05,97.67,4.22,-0.01,-0.05,5.01,3.53,97.67,-0.05,50.0,-0.05,-0.05,33.72,-0.05,-0.05,106.55,3.0,-0.05
2026-07-12 08:45:00+00:00,-0.11,-0.11,91.0,3.96,-0.01,-0.11,5.01,3.3,91.0,-0.11,60.0,-0.11,-0.11,35.39,-0.11,-0.11,106.55,3.0,-0.11
2026-07-12 09:00:00+00:00,0.43,-0.31,100.06,4.9,-0.01,-2.05,2.0,6.95,100.06,0.01,37.0,-1.01,-0.15,33.4,0.04,0.06,93.205,0.39,-0.15
2026-07-12 09:15:00+00:00,0.7,-0.52,100.0,4.97,-0.01,-3.05,2.0,6.34,100.0,0.0,51.28,-1.68,-0.5,34.69,-0.28,0.07,93.205,0.39,-0.5
2026-07-12 09:30:00+00:00,0.98,-0.72,99.38,4.99,-0.01,-4.11,2.0,4.67,99.38,0.0,51.29,-2.33,-0.78,34.91,-0.5,0.1,93.205,0.39,-0.78
2026-07-12 09:45:00+00:00,1.43,-1.17,50.0,4.99,0.0,-7.04,2.0,4.67,50.0,-0.06,40.43,-3.64,-0.81,34.64,-0.21,0.11,93.205,0.39,-0.81
2026-07-12 10:00:00+00:00,2.09,-1.53,45.0,6.03,0.0,-10.35,2.99,5.17,45.0,0.01,33.71,-5.0,-0.82,35.08,0.23,0.26,83.715,0.5,-0.82
2026-07-12 10:15:00+00:00,2.63,-1.95,80.0,6.83,0.0,-13.2,2.99,5.9,80.0,0.0,21.4,-6.35,-1.0,34.66,0.35,0.32,83.715,0.5,-1.0
2026-07-12 10:30:00+00:00,3.29,-2.45,80.0,5.41,0.0,-17.32,2.99,4.71,80.0,-0.01,12.0,-8.0,-0.81,34.34,1.07,0.42,83.715,0.5,-0.81
2026-07-12 10:45:00+00:00,3.82,-2.85,45.84,6.83,0.0,-20.0,2.99,5.83,45.84,-0.01,9.28,-9.28,-1.0,32.83,1.16,0.49,83.715,0.5,-1.0
2026-07-12 11:00:00+00:00,3.89,-2.89,79.3,7.7,0.0,-20.39,3.0,6.61,79.3,0.0,21.57,-9.5,-1.0,37.22,1.24,0.51,73.25,-3.05,-1.0
2026-07-12 11:15:00+00:00,4.09,-3.05,75.01,6.84,0.0,-21.56,3.0,5.89,75.01,0.0,12.52,-10.01,-1.0,35.72,1.38,0.54,73.25,-3.05,-1.0
2026-07-12 11:30:00+00:00,4.7,-3.5,86.36,8.2,0.0,-25.0,3.0,6.95,86.36,0.0,22.97,-11.51,-1.02,35.4,1.78,0.62,73.25,-3.05,-1.02
2026-07-12 11:45:00+00:00,4.85,-3.6,72.81,9.41,0.0,-25.1,3.0,7.94,72.81,0.0,22.93,-11.83,-1.43,35.12,1.29,0.62,73.25,-3.05,-1.43
2026-07-12 12:00:00+00:00,3.63,-3.31,71.31,10.05,0.0,-22.22,3.09,8.23,71.31,-0.01,10.69,-10.4,-1.0,26.98,1.45,1.18,64.24,-4.0,-1.0
2026-07-12 12:15:00+00:00,3.6,-3.23,82.0,10.88,0.0,-21.74,3.09,8.95,82.0,0.0,10.1,-10.19,-1.0,28.72,1.4,1.13,64.24,-4.0,-1.0
2026-07-12 12:30:00+00:00,4.31,-2.92,79.8,11.1,0.01,-21.25,3.09,9.19,79.8,0.16,21.82,-9.99,-1.01,28.81,1.31,0.68,64.24,-4.0,-1.01
2026-07-12 12:45:00+00:00,4.18,-2.81,85.73,12.84,0.01,-20.0,3.09,10.52,85.73,0.16,22.91,-9.64,-1.3,32.21,0.81,0.65,64.24,-4.0,-1.3
2026-07-12 13:00:00+00:00,3.77,-2.54,50.0,10.64,0.01,-18.57,4.99,9.01,50.0,0.15,5.77,-8.72,-1.0,28.02,1.11,0.6,57.31,2.74,-1.0
2026-07-12 13:15:00+00:00,2.8,-1.85,52.0,11.84,0.02,-13.2,4.99,10.01,52.0,0.13,6.52,-6.39,-1.0,29.94,0.43,0.44,57.31,2.74,-1.0
2026-07-12 13:30:00+00:00,2.2,-1.45,62.6,12.8,0.02,-9.96,4.99,10.85,62.6,0.1,16.1,-4.99,-1.0,31.67,0.02,0.34,57.31,2.74,-1.0
2026-07-12 13:45:00+00:00,4.87,0.57,80.0,13.85,2.24,-6.0,4.99,11.74,80.0,2.37,35.62,-3.53,-1.0,33.6,-0.7,2.54,57.31,2.74,-1.0
2026-07-12 14:00:00+00:00,3.3,0.52,90.18,12.57,1.61,-3.04,37.0,10.52,90.18,1.7,42.13,-2.02,-0.82,31.29,-0.8,1.8,49.705,18.9,-0.82
2026-07-12 14:15:00+00:00,6.64,2.47,110.0,12.85,5.19,-2.04,37.0,10.8,110.0,5.0,45.4,-1.89,-0.77,31.5,-1.2,6.56,49.705,18.9,-0.77
2026-07-12 14:30:00+00:00,11.52,5.42,119.2,13.59,11.28,-2.0,37.0,11.66,119.2,10.42,18.2,-2.01,-0.11,31.53,-0.98,15.2,49.705,18.9,-0.11
2026-07-12 14:45:00+00:00,26.43,14.43,152.9,14.23,34.35,-3.69,37.0,12.57,152.9,30.09,51.64,-4.85,-0.01,30.78,-2.78,50.69,49.705,18.9,-0.01
2026-07-12 15:00:00+00:00,6.63,3.99,115.77,13.15,11.0,-1.16,90.0,10.97,115.77,9.27,74.87,-1.61,-0.01,32.9,-0.87,17.2,50.465,68.81,-0.01
2026-07-12 15:15:00+00:00,26.51,23.78,134.41,16.27,65.82,-0.01,90.0,14.2,134.41,53.35,87.1,-1.2,0.0,35.17,0.51,107.59,50.465,68.81,0.0
2026-07-12 15:30:00+00:00,65.76,44.48,135.79,19.52,102.93,0.97,90.0,17.43,135.79,100.61,100.65,-0.01,0.0,38.1,1.43,122.93,50.465,68.81,0.0
2026-07-12 15:45:00+00:00,101.03,76.26,148.63,57.23,125.95,29.1,90.0,42.17,148.63,125.18,101.37,33.34,0.01,67.7,25.25,139.9,50.465,68.81,0.01
2026-07-12 16:00:00+00:00,39.78,48.67,116.5,33.639999,76.8,25.64,125.0,27.41,116.5,70.24,112.55,25.33,1.08,69.89,26.06,100.63,98.495,116.93,25.33
2026-07-12 16:15:00+00:00,116.04,110.01,124.1,100.14,117.05,90.67,125.0,56.47,124.1,116.04,115.78,99.54,2.81,94.49,88.19,121.62,98.495,116.93,32.15
2026-07-12 16:30:00+00:00,123.6,120.74,126.9,114.269997,124.0,116.12,125.0,68.77,126.9,123.7,120.38,116.25,5.76,102.69,116.09,125.73,98.495,116.93,115.18
2026-07-12 16:45:00+00:00,133.53,133.1,152.9,124.28,133.35,132.01,125.0,72.37,152.9,133.33,133.05,132.61,20.76,107.13,131.85,133.48,98.495,116.93,128.1
2026-07-12 17:00:00+00:00,123.72,117.86,153.37,120.04,133.46,111.42,134.0,71.67,153.37,134.13,120.55,111.51,38.77,109.07,111.47,134.13,133.55,138.1,111.51
2026-07-12 17:15:00+00:00,134.38,134.09,146.69,131.039993,135.0,133.75,134.0,73.01,146.69,135.04,134.26,133.75,57.68,116.07,133.75,135.04,133.55,138.1,133.75
2026-07-12 17:30:00+00:00,139.91,138.29,153.4,137.050003,139.1,136.1,134.0,75.85,153.4,139.11,138.2,136.97,72.96,119.71,135.84,139.32,133.55,138.1,130.3
2026-07-12 17:45:00+00:00,145.0,145.0,157.5,145.0,145.0,145.0,134.0,74.98,157.5,145.0,145.0,145.0,83.77,120.24,145.0,145.0,133.55,138.1,145.0
2026-07-12 18:00:00+00:00,136.21,136.64,157.0,137.15,136.38,135.56,139.94,82.29,157.0,136.42,136.7,137.21,82.47,121.18,141.13,136.21,153.29,147.49,132.72
2026-07-12 18:15:00+00:00,139.65,140.35,164.32,140.51,139.75,137.93,139.94,77.55,164.32,139.86,140.31,140.89,116.93,122.54,137.53,139.35,153.29,147.49,126.91
2026-07-12 18:30:00+00:00,141.18,141.29,170.0,141.32,141.2,140.92,139.94,76.02,170.0,141.21,141.28,141.37,129.0,122.9,140.85,141.14,153.29,147.49,139.21
2026-07-12 18:45:00+00:00,144.12,144.12,170.0,144.13,144.12,144.12,139.94,75.48,170.0,144.12,144.12,144.12,144.12,122.86,144.12,144.12,153.29,147.49,144.12
2026-07-12 19:00:00+00:00,140.1,140.1,170.0,140.11,140.1,140.1,139.98,84.35,170.0,140.1,140.1,140.1,140.1,123.13,140.1,140.1,157.46,149.32,140.1
2026-07-12 19:15:00+00:00,144.94,144.94,170.0,144.95,144.94,144.94,139.98,78.1,170.0,144.94,144.94,144.94,144.94,123.92,144.94,144.94,157.46,149.32,144.94
2026-07-12 19:30:00+00:00,145.93,145.93,170.0,145.940002,145.93,145.93,139.98,76.8,170.0,145.93,145.93,145.93,145.93,123.4,145.93,145.93,157.46,149.32,145.93
2026-07-12 19:45:00+00:00,146.98,146.98,170.0,146.99,146.98,146.98,139.98,75.76,170.0,146.98,146.98,146.98,146.98,122.99,146.98,146.98,157.46,149.32,146.98
2026-07-12 20:00:00+00:00,149.7,149.7,170.0,149.710007,149.7,149.7,139.96,82.84,170.0,149.7,149.7,149.7,150.0,127.65,149.7,149.7,155.04,149.03,149.7
2026-07-12 20:15:00+00:00,145.0,145.0,180.0,145.0,145.0,145.0,139.96,78.18,180.0,145.0,145.0,145.0,150.42,124.61,145.0,145.0,155.04,149.03,145.0
2026-07-12 20:30:00+00:00,144.94,144.94,180.0,144.949997,144.94,144.94,139.96,77.44,180.0,144.94,144.94,144.94,153.42,123.91,144.94,144.94,155.04,149.03,144.94
2026-07-12 20:45:00+00:00,140.08,140.08,180.0,140.089996,140.08,140.08,139.96,75.75,180.0,140.08,140.08,140.08,150.01,121.9,140.08,140.08,155.04,149.03,140.08
2026-07-12 21:00:00+00:00,144.97,144.97,180.0,144.98,144.97,144.97,148.07,77.02,180.0,144.97,144.97,144.97,149.42,121.9,144.97,144.97,146.305,141.94,144.97
2026-07-12 21:15:00+00:00,137.9,137.9,170.0,137.91,137.9,137.9,148.07,76.44,170.0,137.9,137.9,137.9,148.42,120.98,137.9,137.9,146.305,141.94,137.9
2026-07-12 21:30:00+00:00,138.47,138.47,170.0,138.470001,138.47,138.47,148.07,76.14,170.0,138.47,138.47,138.47,145.85,120.61,138.47,138.47,146.305,141.94,138.47
2026-07-12 21:45:00+00:00,135.93,135.93,155.0,135.940002,135.93,135.93,148.07,74.9,155.0,135.93,135.93,135.93,139.93,119.56,135.93,135.93,146.305,141.94,135.93
2026-07-12 22:00:00+00:00,131.94,131.94,172.84,131.94,131.94,131.94,117.0,74.26,172.84,131.94,131.94,131.94,145.85,117.58,131.94,131.94,138.765,131.0,131.94
2026-07-12 22:15:00+00:00,130.0,130.0,172.84,130.009995,130.0,130.0,117.0,72.78,172.84,130.0,130.0,130.0,144.69,116.5,130.0,130.0,138.765,131.0,130.0
2026-07-12 22:30:00+00:00,129.41,129.41,172.84,129.41,129.41,129.41,117.0,72.12,172.84,129.41,129.41,129.41,140.0,116.17,129.41,129.41,138.765,131.0,129.41
2026-07-12 22:45:00+00:00,127.57,127.57,147.0,127.58,127.57,127.57,117.0,70.9,147.0,127.57,127.57,127.57,138.9,114.72,127.57,127.57,138.765,131.0,127.57
2026-07-12 23:00:00+00:00,128.42,128.42,159.98,128.43,128.42,128.42,105.0,71.11,159.98,128.42,128.42,128.42,140.0,113.52,128.42,128.42,132.68,127.26,128.42
2026-07-12 23:15:00+00:00,124.17,124.17,155.0,124.18,124.17,124.17,105.0,69.18,155.0,124.17,124.17,124.17,140.0,112.77,124.17,124.17,132.68,127.26,124.17
2026-07-12 23:30:00+00:00,123.7,123.7,149.46,123.699997,123.7,123.7,105.0,68.86,149.46,123.7,123.7,123.7,140.0,112.51,123.7,123.7,132.68,127.26,123.7
2026-07-12 23:45:00+00:00,120.71,121.54,140.0,121.77,120.8,119.03,105.0,67.65,140.0,120.94,121.52,122.13,140.0,111.36,118.49,120.33,132.68,127.26,106.79
2026-07-13 00:00:00+00:00,122.93,122.93,155.0,122.93,122.93,122.93,105.0,68.39,155.0,122.93,122.93,122.93,150.01,111.93,122.93,122.93,126.76,124.41,122.93
2026-07-13 00:15:00+00:00,120.07,119.77,140.0,119.38,119.98,118.68,105.0,66.91,140.0,119.94,119.71,119.39,149.52,110.03,118.53,120.11,126.76,124.41,113.9
2026-07-13 00:30:00+00:00,122.23,120.98,130.88,119.779999,121.85,116.93,105.0,67.0,130.88,121.7,120.76,119.45,149.0,109.87,115.7,122.39,126.76,124.41,94.08
2026-07-13 00:45:00+00:00,120.51,120.51,128.85,120.14,120.51,120.49,105.0,67.06,128.85,120.51,120.5,120.5,147.7,110.67,120.48,120.51,126.76,124.41,120.4
2026-07-13 01:00:00+00:00,121.4,120.76,132.5,119.95,121.2,118.52,92.06,67.34,132.5,121.13,120.65,120.0,150.0,110.7,118.19,121.48,131.96,123.88,108.58
2026-07-13 01:15:00+00:00,121.7,121.07,132.44,120.260002,121.5,118.83,92.06,67.49,132.44,121.43,120.96,120.3,150.0,110.87,118.51,121.78,131.96,123.88,108.92
2026-07-13 01:30:00+00:00,121.92,121.92,132.39,121.919998,121.92,121.92,92.06,68.17,132.39,121.92,121.92,121.92,150.0,111.09,121.92,121.92,131.96,123.88,121.92
2026-07-13 01:45:00+00:00,124.6,124.18,130.1,123.650002,124.47,122.7,92.06,68.73,130.1,124.42,124.11,123.68,149.0,111.14,122.49,124.65,131.96,123.88,116.17
2026-07-13 02:00:00+00:00,118.68,118.68,132.72,118.690002,118.68,118.68,79.97,66.72,132.72,118.68,118.68,118.68,147.39,110.21,118.68,118.68,126.42,124.56,118.68
2026-07-13 02:15:00+00:00,122.74,122.74,129.71,122.74,122.74,122.74,79.97,68.17,129.71,122.74,122.74,122.74,146.55,110.78,122.74,122.74,126.42,124.56,122.74
2026-07-13 02:30:00+00:00,125.75,125.75,130.1,125.76,125.75,125.75,79.97,69.62,130.1,125.75,125.75,125.75,150.0,111.12,125.75,125.75,126.42,124.56,125.75
2026-07-13 02:45:00+00:00,127.78,127.43,127.87,126.99,127.67,126.2,79.97,70.23,127.87,127.63,127.37,127.0,150.01,111.33,126.01,127.82,126.42,124.56,120.72
2026-07-13 03:00:00+00:00,127.96,127.3,128.12,126.470001,127.75,124.98,72.0,69.42,128.12,127.67,127.18,126.51,145.85,112.93,124.64,128.03,128.19,135.2,114.51
2026-07-13 03:15:00+00:00,132.25,131.44,132.45,130.41,131.99,128.58,72.0,71.33,132.45,131.9,131.29,130.46,147.7,114.4,128.16,132.34,128.19,135.2,115.67
2026-07-13 03:30:00+00:00,139.02,138.17,139.23,137.08,138.75,135.14,72.0,72.01,139.23,138.66,138.01,137.14,149.0,113.78,134.7,139.12,128.19,135.2,121.47
2026-07-13 03:45:00+00:00,144.56,143.79,144.75,140.860001,144.32,141.07,72.0,72.69,144.75,144.23,143.65,142.86,151.42,114.43,140.67,144.65,128.19,135.2,128.8
2026-07-13 04:00:00+00:00,144.9,145.12,144.9,147.0,144.89,143.74,76.0,69.99,144.9,144.94,145.09,145.27,145.3,116.39,141.8,144.75,138.34,145.0,140.02
2026-07-13 04:15:00+00:00,151.94,152.09,161.75,152.03,151.94,151.22,76.0,71.22,161.75,151.97,152.07,152.18,150.01,117.52,150.0,151.85,138.34,145.0,148.88
2026-07-13 04:30:00+00:00,150.97,151.23,176.61,151.13,150.96,149.6,76.0,76.59,176.61,151.01,151.19,151.4,154.01,118.29,147.32,150.78,138.34,145.0,145.22
2026-07-13 04:45:00+00:00,150.52,150.52,176.74,150.52,150.52,150.52,76.0,82.33,176.74,150.52,150.52,150.52,156.65,118.51,150.52,150.52,138.34,145.0,150.52
2026-07-13 05:00:00+00:00,159.48,164.21,172.84,170.52,145.49,160.31,59.93,76.83,172.84,154.29,164.37,171.08,162.82,120.68,142.12,122.64,150.035,147.61,109.06
2026-07-13 05:15:00+00:00,160.88,162.54,172.84,166.289993,121.08,159.68,59.93,76.96,172.84,156.0,162.12,166.72,162.19,120.26,147.72,113.23,150.035,147.61,126.01
2026-07-13 05:30:00+00:00,154.33,152.26,172.84,153.970001,110.0,149.99,59.93,74.29,172.84,147.69,151.54,154.33,162.19,119.15,143.23,102.78,150.035,147.61,131.52
2026-07-13 05:45:00+00:00,145.59,141.66,172.29,144.74,81.62,143.05,59.93,68.83,172.29,133.25,140.53,145.59,159.42,119.42,138.19,61.64,150.035,147.61,129.51
2026-07-13 06:00:00+00:00,154.06,154.87,160.32,151.949997,111.81,149.55,59.92,81.89,160.32,153.66,154.16,151.81,160.0,122.47,147.57,133.74,195.5,136.73,137.77
2026-07-13 06:15:00+00:00,146.48,148.83,171.08,146.55,89.03,145.85,59.92,80.0,171.08,146.34,148.1,146.22,156.42,121.96,145.6,118.46,195.5,136.73,145.09
2026-07-13 06:30:00+00:00,131.39,136.26,159.98,131.54,12.77,130.1,59.92,73.5,159.98,131.12,131.47,130.86,146.04,119.97,129.58,73.55,195.5,136.73,128.52
2026-07-13 06:45:00+00:00,127.58,132.41,162.0,127.73,9.99,126.3,59.92,67.32,162.0,127.31,130.91,127.06,139.16,115.9,125.79,70.24,195.5,136.73,124.74
2026-07-13 07:00:00+00:00,143.03,143.62,159.98,143.02,67.22,142.85,29.0,78.34,159.98,142.19,140.61,142.94,142.66,119.87,142.78,135.53,182.91,120.02,142.66
2026-07-13 07:15:00+00:00,130.58,134.62,159.98,130.55,15.0,129.42,29.0,74.93,159.98,124.9,122.27,130.01,128.03,117.6,129.16,79.64,182.91,120.02,128.03
2026-07-13 07:30:00+00:00,114.93,118.56,149.12,113.550003,11.0,113.88,29.0,69.27,149.12,109.82,117.08,114.41,112.63,113.32,113.65,69.12,182.91,120.02,112.63
2026-07-13 07:45:00+00:00,104.84,107.52,142.78,104.760002,9.8,101.26,29.0,64.56,142.78,100.02,106.1,103.07,91.0,110.31,100.91,63.57,182.91,120.02,91.0
2026-07-13 08:00:00+00:00,119.68,121.29,141.03,119.24,59.64,118.35,50.05,71.44,141.03,117.58,120.55,119.03,115.0,111.15,118.22,97.06,162.485,116.75,115.0
2026-07-13 08:15:00+00:00,105.72,108.02,138.17,105.54,20.0,101.96,50.05,65.13,138.17,102.11,106.75,103.92,91.33,106.01,101.62,68.31,162.485,116.75,91.33
2026-07-13 08:30:00+00:00,97.12,99.36,133.26,96.080002,20.0,94.5,50.05,60.64,133.26,93.93,98.23,95.83,88.07,103.75,93.86,63.41,162.485,116.75,88.07
2026-07-13 08:45:00+00:00,81.63,83.76,128.99,81.58,20.0,80.98,50.05,48.39,128.99,79.19,98.72,81.29,80.31,99.55,80.82,54.57,162.485,116.75,80.31
2026-07-13 09:00:00+00:00,87.49,88.26,128.27,87.480003,65.81,87.28,49.99,45.28,128.27,86.51,98.73,87.38,87.0,92.28,87.23,77.74,127.625,110.61,87.0
2026-07-13 09:15:00+00:00,78.66,78.66,129.5,78.650002,78.66,78.66,49.99,46.54,129.5,78.66,98.72,78.66,78.66,92.01,78.66,78.66,127.625,110.61,78.66
2026-07-13 09:30:00+00:00,70.0,70.0,126.1,69.989998,70.0,70.0,49.99,46.43,126.1,70.0,100.54,70.0,70.0,91.78,70.0,70.0,127.625,110.61,70.0
2026-07-13 09:45:00+00:00,61.14,60.8,126.66,60.15,61.04,56.47,49.99,42.84,126.66,60.99,98.73,60.45,63.1,88.05,65.52,61.16,127.625,110.61,63.1
2026-07-13 10:00:00+00:00,77.94,70.43,122.42,64.49,74.12,58.79,50.01,46.93,122.42,74.23,95.96,63.97,69.15,92.48,72.12,74.12,102.285,89.61,69.15
2026-07-13 10:15:00+00:00,73.05,61.86,130.0,53.17,67.39,42.7,50.01,39.2,130.0,67.54,98.26,52.2,61.07,90.86,66.61,67.45,102.285,89.61,61.07
2026-07-13 10:30:00+00:00,72.17,57.6,127.42,55.18,64.83,31.43,50.01,39.26,127.42,65.0,98.27,45.01,57.34,90.96,65.29,64.93,102.285,89.61,57.34
2026-07-13 10:45:00+00:00,78.25,58.44,128.63,62.0,68.26,23.08,50.01,41.32,128.63,68.5,98.26,41.31,57.93,91.55,68.6,68.4,102.285,89.61,57.93
2026-07-13 11:00:00+00:00,82.54,60.0,129.3,57.59,71.36,29.26,50.0,42.35,129.3,71.6,97.34,40.45,53.19,91.7,57.02,71.6,98.45,89.01,53.19
2026-07-13 11:15:00+00:00,91.58,61.95,126.07,59.08,80.01,23.29,50.0,43.5,126.07,79.14,98.26,34.67,50.2,92.27,53.54,83.27,98.45,89.01,50.2
2026-07-13 11:30:00+00:00,88.56,59.15,130.39,52.41,73.92,14.8,50.0,39.0,130.39,74.23,98.95,33.63,52.94,91.41,59.82,74.23,98.45,89.01,52.94
2026-07-13 11:45:00+00:00,97.58,57.85,134.64,56.64,78.88,0.01,50.0,41.58,134.64,78.9,98.32,22.85,47.58,91.32,55.64,80.31,98.45,89.01,47.58
2026-07-13 12:00:00+00:00,88.17,59.24,137.76,53.32,73.51,6.83,52.0,44.25,137.76,73.83,97.27,34.08,58.32,91.54,68.75,73.68,95.64,87.0,58.32
2026-07-13 12:15:00+00:00,101.01,65.32,138.69,60.17,83.15,7.24,52.0,45.14,138.69,83.51,96.42,34.23,60.0,91.84,69.95,83.51,95.64,87.0,60.0
2026-07-13 12:30:00+00:00,94.54,65.78,136.92,57.67,80.01,11.26,52.0,45.77,136.92,80.3,96.89,40.72,66.33,91.84,77.75,80.26,95.64,87.0,66.33
2026-07-13 12:45:00+00:00,96.05,68.84,140.69,61.2,82.38,20.77,52.0,45.83,140.69,82.65,97.34,45.12,67.15,93.39,76.4,82.65,95.64,87.0,67.15
2026-07-13 13:00:00+00:00,79.38,60.9,129.22,49.95,69.76,18.63,75.08,42.39,129.22,70.16,97.34,45.0,65.75,90.82,80.72,70.38,96.5,111.31,65.75
2026-07-13 13:15:00+00:00,85.13,69.45,135.0,58.150002,76.87,40.0,75.08,43.97,135.0,77.28,96.42,56.1,69.56,92.23,78.58,77.2,96.5,111.31,69.56
2026-07-13 13:30:00+00:00,101.04,83.76,140.0,68.370003,92.27,47.23,75.08,51.42,140.0,92.55,97.34,68.79,70.0,94.2,90.64,93.14,96.5,111.31,70.0
2026-07-13 13:45:00+00:00,116.92,100.5,140.0,85.010002,108.93,61.5,75.08,58.5,140.0,109.02,98.27,86.01,72.96,98.87,103.75,110.28,96.5,111.31,72.96
2026-07-13 14:00:00+00:00,76.71,72.22,155.0,69.69,74.38,66.2,89.99,42.36,155.0,74.52,96.42,68.8,71.24,91.47,72.08,74.42,98.44,117.0,71.24
2026-07-13 14:15:00+00:00,94.96,93.28,172.84,91.769997,94.22,89.22,89.99,50.02,172.84,94.2,95.45,91.85,74.35,95.5,91.85,94.43,98.44,117.0,87.38
2026-07-13 14:30:00+00:00,111.2,102.51,152.18,95.910004,106.86,87.97,89.99,57.66,152.18,107.03,101.73,95.69,75.11,100.37,101.8,107.19,98.44,117.0,95.0
2026-07-13 14:45:00+00:00,142.1,122.74,159.98,99.910004,132.92,92.45,89.99,64.47,159.98,133.17,121.07,107.46,80.0,103.05,117.83,134.11,98.44,117.0,107.46
2026-07-13 15:00:00+00:00,105.46,101.71,149.26,106.459999,103.91,93.14,129.95,67.63,149.26,103.86,101.25,98.37,85.17,102.88,97.54,104.44,114.71,125.46,86.42
2026-07-13 15:15:00+00:00,127.2,121.13,169.92,118.839996,124.6,107.78,129.95,75.99,169.92,124.57,120.41,115.87,87.55,106.0,115.87,125.33,114.71,125.46,101.48
2026-07-13 15:30:00+00:00,150.98,141.14,172.84,133.53,149.36,122.88,129.95,83.07,172.84,149.02,137.98,132.69,87.68,112.52,131.87,150.24,114.71,125.46,112.3
2026-07-13 15:45:00+00:00,159.98,149.1,159.98,137.18,156.77,131.22,129.95,84.88,159.98,156.59,147.99,139.18,88.63,115.27,141.51,158.6,114.71,125.46,132.22
2026-07-13 16:00:00+00:00,140.41,132.56,140.41,129.18,137.15,116.43,136.0,82.1,140.41,137.07,131.48,125.68,88.88,113.65,111.13,138.15,130.91,142.3,89.97
2026-07-13 16:15:00+00:00,150.54,144.08,150.54,140.289993,148.5,120.44,136.0,88.11,150.54,148.28,143.1,137.75,91.0,119.49,112.78,149.85,130.91,142.3,91.0
2026-07-13 16:30:00+00:00,172.84,156.87,172.84,144.910004,165.54,126.17,136.0,90.0,172.84,165.72,154.8,144.06,99.48,121.86,140.5,166.66,130.91,142.3,124.97
2026-07-13 16:45:00+00:00,180.0,164.81,180.0,151.410004,173.14,136.52,136.0,92.12,180.0,173.26,162.82,152.51,110.0,123.65,152.63,174.34,130.91,142.3,134.26
2026-07-13 17:00:00+00:00,156.76,152.85,179.69,150.429993,155.14,121.54,174.0,90.92,179.69,155.43,152.55,149.92,99.0,124.51,122.3,154.76,160.115,177.4,137.62
2026-07-13 17:15:00+00:00,166.29,158.59,176.74,155.720001,155.14,147.12,174.0,94.81,176.74,163.55,158.02,153.0,120.0,127.28,142.65,162.91,160.115,177.4,142.11
2026-07-13 17:30:00+00:00,189.2,175.81,189.2,166.199997,149.02,153.58,174.0,94.77,189.2,184.43,174.82,166.0,142.88,128.54,144.13,183.13,160.115,177.4,142.88
2026-07-13 17:45:00+00:00,198.25,196.81,198.25,195.270004,133.35,170.33,174.0,93.92,198.25,197.74,196.68,194.93,156.42,128.79,155.05,195.95,160.115,177.4,156.42
2026-07-13 18:00:00+00:00,177.58,182.57,185.13,184.649994,121.39,154.36,189.84,105.05,185.13,179.33,182.82,184.53,126.04,131.17,130.82,176.8,166.88,190.0,126.04
2026-07-13 18:15:00+00:00,180.82,183.81,189.5,185.05,125.03,166.93,189.84,105.46,189.5,181.86,183.95,184.98,150.0,131.13,152.86,180.35,166.88,190.0,150.0
2026-07-13 18:30:00+00:00,180.0,181.56,180.0,182.15,132.49,177.16,189.84,104.6,180.0,180.5,181.61,182.22,162.0,131.15,168.88,179.66,166.88,190.0,162.0
2026-07-13 18:45:00+00:00,179.84,180.14,190.01,180.25,155.14,179.29,189.84,104.79,190.01,179.93,180.15,180.26,176.38,131.24,177.7,179.77,166.88,190.0,176.38
2026-07-13 19:00:00+00:00,180.31,181.13,180.0,181.449997,155.14,178.8,181.49,107.36,180.0,180.56,181.17,181.44,170.54,129.96,174.32,180.11,168.445,176.4,170.54
2026-07-13 19:15:00+00:00,176.89,177.3,176.74,177.460007,152.95,176.15,181.49,101.36,176.74,177.01,177.31,177.45,190.64,129.92,173.95,176.79,168.445,176.4,172.09
2026-07-13 19:30:00+00:00,163.0,163.0,172.84,163.01,155.14,163.0,181.49,94.99,172.84,163.0,163.0,163.0,203.51,129.67,163.0,163.0,168.445,176.4,163.0
2026-07-13 19:45:00+00:00,153.31,153.31,167.79,153.32,153.31,153.31,181.49,89.81,167.79,153.31,153.31,153.31,217.57,125.26,153.31,153.31,168.445,176.4,153.31
2026-07-13 20:00:00+00:00,172.84,172.84,172.84,172.84,155.14,172.84,169.31,101.61,172.84,172.84,172.84,172.84,220.0,127.15,172.84,172.84,171.35,162.87,172.84
2026-07-13 20:15:00+00:00,155.98,155.98,164.92,155.99,155.14,155.98,169.31,91.9,164.92,155.98,155.98,155.98,211.02,125.44,155.98,155.98,171.35,162.87,155.98
2026-07-13 20:30:00+00:00,157.0,157.0,159.05,157.01,157.0,157.0,169.31,86.43,159.05,157.0,157.0,157.0,200.0,124.49,157.0,157.0,171.35,162.87,157.0
2026-07-13 20:45:00+00:00,150.47,150.47,150.47,151.34,150.47,150.47,169.31,83.52,150.47,150.47,150.47,150.47,190.64,123.49,150.47,150.47,171.35,162.87,150.47
2026-07-13 21:00:00+00:00,161.27,154.98,161.27,148.309998,159.54,149.64,147.04,86.51,161.27,160.04,154.51,149.9,195.52,122.84,149.88,158.83,159.54,146.87,150.61
2026-07-13 21:15:00+00:00,152.94,148.33,153.3,146.009995,151.54,144.4,147.04,83.85,153.3,151.88,147.95,144.58,187.92,120.39,144.57,151.09,159.54,146.87,145.11
2026-07-13 21:30:00+00:00,146.03,144.3,146.26,142.919998,145.15,142.74,147.04,80.93,146.26,145.21,144.03,142.81,176.66,118.52,142.8,145.18,159.54,146.87,143.01
2026-07-13 21:45:00+00:00,138.99,138.99,140.4,141.550003,138.99,138.99,147.04,78.83,140.4,138.99,138.99,138.99,165.99,117.29,138.99,138.99,159.54,146.87,138.99
2026-07-13 22:00:00+00:00,154.99,151.54,154.99,148.55,153.32,148.15,123.0,80.1,154.99,153.41,150.95,148.37,160.01,122.75,148.29,153.37,150.445,141.66,148.73
2026-07-13 22:15:00+00:00,147.86,144.39,158.0,142.759995,146.18,140.99,123.0,78.93,158.0,146.27,143.8,141.21,160.0,119.47,141.13,146.23,150.445,141.66,141.57
2026-07-13 22:30:00+00:00,140.01,138.48,151.61,139.55,139.27,136.97,123.0,75.84,151.61,139.31,138.22,137.07,158.65,116.78,137.04,139.29,150.445,141.66,137.23
2026-07-13 22:45:00+00:00,131.91,131.91,147.0,134.34,131.91,131.91,123.0,74.82,147.0,131.91,131.91,131.91,158.65,116.61,131.91,131.91,150.445,141.66,131.91
2026-07-13 23:00:00+00:00,138.79,138.79,161.68,138.8,138.79,138.79,114.92,77.61,161.68,138.79,138.79,138.79,158.65,116.53,138.79,138.79,139.305,137.2,138.79
2026-07-13 23:15:00+00:00,134.5,134.5,148.96,134.51,134.5,134.5,114.92,72.46,148.96,134.5,134.5,134.5,156.65,115.85,134.5,134.5,139.305,137.2,134.5
2026-07-13 23:30:00+00:00,132.99,132.99,149.46,133.0,132.99,132.99,114.92,70.2,149.46,132.99,132.99,132.99,156.65,115.56,132.99,132.99,139.305,137.2,132.99
2026-07-13 23:45:00+00:00,129.27,129.27,157.0,129.27,129.27,129.27,114.92,67.46,157.0,129.27,129.27,129.27,157.29,115.15,129.27,129.27,139.305,137.2,129.27
2026-07-14 00:00:00+00:00,129.55,129.55,145.0,129.55,129.55,129.55,102.99,68.88,145.0,129.55,129.55,129.55,158.01,113.27,129.55,129.55,134.14,132.2,129.55
2026-07-14 00:15:00+00:00,126.71,126.71,145.0,126.72,126.71,126.71,102.99,66.06,145.0,126.71,126.71,126.71,157.21,113.17,126.71,126.71,134.14,132.2,126.71
2026-07-14 00:30:00+00:00,127.44,127.44,145.0,127.449997,127.44,127.44,102.99,65.28,145.0,127.44,127.44,127.44,155.65,113.14,127.44,127.44,134.14,132.2,127.44
2026-07-14 00:45:00+00:00,125.7,125.7,140.0,125.71,125.7,125.7,102.99,63.56,140.0,125.7,125.7,125.7,154.0,113.1,125.7,125.7,134.14,132.2,125.7
2026-07-14 01:00:00+00:00,128.0,128.0,137.5,128.01,128.0,128.0,75.86,66.36,137.5,128.0,128.0,128.0,156.65,112.47,128.0,128.0,133.605,134.0,128.0
2026-07-14 01:15:00+00:00,127.28,127.28,136.31,127.279999,127.28,127.28,75.86,65.11,136.31,127.28,127.28,127.28,155.0,112.38,127.28,127.28,133.605,134.0,127.28
2026-07-14 01:30:00+00:00,127.09,127.09,135.0,127.089996,127.09,127.09,75.86,64.78,135.0,127.09,127.09,127.09,154.65,112.32,127.09,127.09,133.605,134.0,127.09
2026-07-14 01:45:00+00:00,126.5,126.5,137.59,126.5,126.5,126.5,75.86,63.76,137.59,126.5,126.5,126.5,153.99,112.31,126.5,126.5,133.605,134.0,126.5
2026-07-14 02:00:00+00:00,125.62,125.62,138.68,125.620003,125.62,125.62,77.95,61.26,138.68,125.62,125.62,125.62,153.65,112.17,125.62,125.62,132.65,133.47,125.62
2026-07-14 02:15:00+00:00,125.87,125.87,138.47,125.88,125.87,125.87,77.95,61.42,138.47,125.87,125.87,125.87,153.65,112.26,125.87,125.87,132.65,133.47,125.87
2026-07-14 02:30:00+00:00,128.23,128.23,138.91,128.23,128.23,128.23,77.95,63.45,138.91,128.23,128.23,128.23,153.65,112.47,128.23,128.23,132.65,133.47,128.23
2026-07-14 02:45:00+00:00,130.88,130.88,138.9,129.67,130.88,130.88,77.95,64.74,138.9,130.88,130.88,130.88,153.65,112.66,130.88,130.88,132.65,133.47,130.88
2026-07-14 03:00:00+00:00,130.27,130.27,135.0,131.49,130.27,130.27,85.43,63.55,135.0,130.27,130.27,130.27,154.0,113.37,130.27,130.27,136.225,140.0,130.27
2026-07-14 03:15:00+00:00,133.28,133.28,133.28,133.29,133.28,133.28,85.43,65.23,133.28,133.28,133.28,133.28,153.65,113.68,133.28,133.28,136.225,140.0,133.28
2026-07-14 03:30:00+00:00,136.93,136.93,136.93,136.94,136.93,136.93,85.43,69.2,136.93,136.93,136.93,136.93,155.0,114.73,136.93,136.93,136.225,140.0,136.93
2026-07-14 03:45:00+00:00,139.6,139.6,139.6,142.17,139.6,139.6,85.43,74.92,139.6,139.6,139.6,139.6,157.75,115.81,139.6,139.6,136.225,140.0,139.6
2026-07-14 04:00:00+00:00,147.01,145.84,147.01,142.59,146.27,142.86,84.0,72.19,147.01,146.47,145.77,144.85,155.65,122.94,139.35,145.84,137.67,156.01,132.67
2026-07-14 04:15:00+00:00,156.0,148.25,156.0,143.639999,152.25,139.95,84.0,73.11,156.0,152.65,147.72,142.87,158.65,123.81,134.81,151.7,137.67,156.01,125.14
2026-07-14 04:30:00+00:00,153.4,150.66,153.4,149.01,151.84,145.42,84.0,74.79,153.4,152.16,150.48,148.51,160.01,124.91,140.0,151.2,137.67,156.01,129.69
2026-07-14 04:45:00+00:00,151.24,148.87,152.96,147.44,149.88,144.2,84.0,76.97,152.96,150.17,148.71,146.99,160.15,124.32,139.31,149.3,137.67,156.01,130.0
2026-07-14 05:00:00+00:00,151.2,151.2,160.7,153.91,139.99,148.41,65.01,74.24,160.7,146.0,151.0,153.8,161.65,127.27,139.11,122.4,149.825,158.8,120.59
2026-07-14 05:15:00+00:00,148.76,148.74,162.74,151.8,125.65,143.8,65.01,74.99,162.74,141.91,148.18,152.35,161.65,127.27,143.8,106.85,149.825,158.8,126.3
2026-07-14 05:30:00+00:00,148.58,148.58,168.87,153.300003,110.0,141.53,65.01,75.82,168.87,138.93,147.99,154.96,160.01,126.9,144.48,86.16,149.825,158.8,118.46
2026-07-14 05:45:00+00:00,144.23,139.7,162.74,146.18,110.0,137.9,65.01,78.84,162.74,133.53,140.54,147.95,154.0,126.0,138.25,86.86,149.825,158.8,117.05
2026-07-14 06:00:00+00:00,148.37,148.37,162.74,147.32,113.61,148.37,53.94,76.22,162.74,148.37,120.69,148.37,151.99,125.84,148.37,148.37,167.975,142.2,148.37
2026-07-14 06:15:00+00:00,141.6,141.14,171.29,140.020004,15.33,138.64,53.94,75.92,171.29,141.44,133.48,140.6,144.46,123.85,138.16,141.7,167.975,142.2,134.18
2026-07-14 06:30:00+00:00,132.37,132.27,160.83,133.660004,106.76,131.7,53.94,74.1,160.83,132.33,132.25,132.15,136.51,119.17,131.45,132.39,167.975,142.2,130.55
2026-07-14 06:45:00+00:00,124.49,125.82,148.96,123.830002,26.28,120.92,53.94,65.62,148.96,108.98,121.47,121.56,120.0,115.36,120.58,77.25,167.975,142.2,120.0
2026-07-14 07:00:00+00:00,137.32,138.12,162.74,133.67,75.0,134.58,90.05,71.67,162.74,127.91,135.28,135.28,137.9,118.17,135.0,106.7,172.25,132.7,134.0
2026-07-14 07:15:00+00:00,127.28,128.32,160.37,124.86,52.5,124.66,90.05,71.15,160.37,116.01,124.92,125.01,124.0,113.88,124.53,90.52,172.25,132.7,124.0
2026-07-14 07:30:00+00:00,120.27,121.32,143.81,116.58,19.09,115.13,90.05,66.64,143.81,104.91,116.65,116.41,110.0,111.22,114.13,70.65,172.25,132.7,110.0
2026-07-14 07:45:00+00:00,116.21,116.64,133.08,111.739998,12.78,108.06,90.05,62.89,133.08,100.3,111.75,110.87,95.57,109.44,105.81,65.7,172.25,132.7,95.57
2026-07-14 08:00:00+00:00,127.97,127.95,130.91,120.78,51.54,118.22,90.02,68.68,130.91,116.12,124.25,123.34,112.0,110.96,121.91,90.99,147.875,119.23,112.0
2026-07-14 08:15:00+00:00,111.1,111.83,138.23,108.91,21.2,104.52,90.02,63.1,138.23,97.4,107.63,107.29,101.44,106.62,106.43,67.36,147.875,119.23,101.44
2026-07-14 08:30:00+00:00,108.22,107.64,141.0,103.39,52.9,97.59,90.02,59.55,141.0,99.46,104.86,103.67,90.0,104.14,102.04,81.62,147.875,119.23,90.0
2026-07-14 08:45:00+00:00,99.33,99.64,137.3,95.56,26.0,92.15,90.02,50.33,137.3,88.07,96.16,95.61,88.07,101.14,94.61,63.74,147.875,119.23,88.07
2026-07-14 09:00:00+00:00,106.06,105.59,143.0,101.3,52.26,95.49,90.0,60.39,143.0,97.52,102.75,101.59,88.2,102.63,100.34,79.57,130.455,117.09,88.2
2026-07-14 09:15:00+00:00,103.68,103.4,138.23,96.89,15.33,85.8,90.0,51.51,138.23,89.79,98.81,97.38,87.55,99.03,102.25,59.99,130.455,117.09,87.55
2026-07-14 09:30:00+00:00,105.6,102.63,143.64,92.12,27.82,58.23,90.0,50.3,143.64,92.39,97.92,94.0,85.0,93.5,119.72,67.83,130.455,117.09,85.0
2026-07-14 09:45:00+00:00,89.65,83.58,142.24,70.28,53.39,10.0,90.0,36.81,142.24,81.77,80.19,73.78,75.1,84.04,128.11,73.21,130.455,117.09,75.1
2026-07-14 10:00:00+00:00,92.11,88.54,142.64,80.209999,65.22,42.5,81.01,41.67,142.64,86.61,86.22,82.29,84.0,81.25,116.19,79.48,123.4,106.45,84.0
2026-07-14 10:15:00+00:00,76.84,71.7,142.26,63.709999,75.0,24.4,81.01,37.12,142.26,74.56,70.46,65.78,75.1,78.9,104.65,76.45,123.4,106.45,75.1
2026-07-14 10:30:00+00:00,84.68,70.79,139.13,57.04,75.0,20.7,81.01,34.65,139.13,77.31,68.28,58.1,74.8,76.44,97.21,77.41,123.4,106.45,74.8
2026-07-14 10:45:00+00:00,100.09,73.09,143.19,49.66,86.15,7.4,81.01,33.83,143.19,86.37,68.85,50.0,72.96,76.73,96.57,87.12,123.4,106.45,72.96
2026-07-14 11:00:00+00:00,103.89,78.88,144.94,54.49,76.2,0.0,76.99,35.45,144.94,89.02,73.97,55.72,71.75,73.34,109.3,85.36,119.525,107.5,71.75
2026-07-14 11:15:00+00:00,99.25,75.51,142.3,52.77,82.63,0.0,76.99,34.32,142.3,86.64,71.31,54.04,69.69,73.88,106.08,86.64,119.525,107.5,69.69
2026-07-14 11:30:00+00:00,100.31,75.01,138.21,51.400002,87.77,-0.01,76.99,33.74,138.21,87.69,70.84,52.53,63.13,75.03,101.07,89.45,119.525,107.5,63.13
2026-07-14 11:45:00+00:00,86.55,64.23,146.58,44.1,75.01,-0.01,76.99,30.03,146.58,74.79,60.6,45.01,60.44,73.54,89.56,77.09,119.525,107.5,60.44
2026-07-14 12:00:00+00:00,77.64,62.32,142.76,48.639999,70.24,0.0,90.0,32.43,142.76,70.06,59.64,48.17,67.07,72.33,96.7,71.63,113.1,108.3,67.07
2026-07-14 12:15:00+00:00,96.79,75.26,142.85,53.57,75.05,0.0,90.0,33.22,142.85,84.41,71.05,55.0,65.99,72.88,105.6,82.5,113.1,108.3,65.99
2026-07-14 12:30:00+00:00,108.33,82.96,148.23,58.38,95.0,0.0,90.0,36.67,148.23,95.65,78.66,59.89,65.84,76.88,112.3,97.63,113.1,108.3,65.84
2026-07-14 12:45:00+00:00,133.29,99.45,143.0,62.96,95.01,0.0,90.0,39.75,143.0,113.2,92.83,67.86,65.5,80.43,123.1,108.45,113.1,108.3,65.5
2026-07-14 13:00:00+00:00,63.99,59.64,136.16,57.74,62.67,5.0,90.03,35.1,136.16,62.17,80.02,54.18,64.67,77.04,99.26,64.43,110.325,117.69,64.67
2026-07-14 13:15:00+00:00,109.14,85.64,141.0,61.16,95.0,18.81,90.03,37.88,141.0,97.51,87.83,64.87,60.44,80.31,100.99,99.45,110.325,117.69,60.44
2026-07-14 13:30:00+00:00,134.69,103.01,141.0,74.49,25.0,25.0,90.03,39.8,141.0,118.98,98.25,75.37,60.44,82.68,110.39,121.23,110.325,117.69,60.44
2026-07-14 13:45:00+00:00,134.89,108.74,150.0,84.519997,113.64,40.93,90.03,42.27,150.0,122.06,104.74,85.58,62.11,85.05,111.92,124.47,110.325,117.69,62.11
2026-07-14 14:00:00+00:00,99.6,82.78,135.0,69.639999,91.19,52.71,108.07,42.74,135.0,91.35,98.4,69.4,65.0,90.32,79.56,91.92,116.01,122.4,65.0
2026-07-14 14:15:00+00:00,122.95,106.06,150.53,91.43,115.0,67.8,108.07,48.28,150.53,114.91,104.02,91.8,70.74,96.6,99.89,116.48,116.01,122.4,70.74
2026-07-14 14:30:00+00:00,129.59,115.82,148.0,103.919998,123.09,84.37,108.07,57.87,148.0,123.03,114.16,104.3,74.15,101.76,106.54,124.27,116.01,122.4,83.48
2026-07-14 14:45:00+00:00,145.85,125.62,148.18,110.419998,140.3,80.1,108.07,62.91,148.18,139.87,123.4,107.53,75.31,104.75,116.67,145.71,116.01,122.4,98.18
2026-07-14 15:00:00+00:00,122.26,114.0,131.91,105.58,123.62,94.46,105.61,60.13,131.91,122.26,113.18,105.48,84.0,105.27,106.8,128.36,126.97,139.9,93.0
2026-07-14 15:15:00+00:00,130.95,120.35,143.0,110.67,132.6,94.71,105.61,62.73,143.0,130.95,119.41,109.99,87.1,106.43,117.02,138.43,126.97,139.9,109.99
2026-07-14 15:30:00+00:00,157.02,138.26,157.02,123.33,152.07,100.0,105.61,70.05,157.02,151.87,135.45,124.12,87.55,111.55,135.14,154.7,126.97,139.9,124.12
2026-07-14 15:45:00+00:00,166.96,145.57,167.17,128.860001,165.12,109.2,105.61,73.46,167.17,165.63,137.81,130.17,87.68,114.75,137.13,165.63,126.97,139.9,120.79
2026-07-14 16:00:00+00:00,127.9,127.47,142.39,126.019997,135.34,120.2,145.0,69.94,142.39,138.8,127.88,123.56,71.99,112.49,123.56,138.8,138.52,144.99,121.99
2026-07-14 16:15:00+00:00,165.43,146.51,165.43,131.37,161.77,104.79,145.0,71.68,165.43,171.6,145.58,131.59,85.0,116.5,131.59,163.1,138.52,144.99,118.82
2026-07-14 16:30:00+00:00,171.94,158.15,172.84,142.0,178.85,102.25,145.0,75.92,172.84,238.8,161.66,142.04,87.85,122.36,140.0,169.73,138.52,144.99,137.05
2026-07-14 16:45:00+00:00,169.98,169.98,177.38,156.589996,194.78,115.23,145.0,76.58,177.38,317.82,179.7,156.0,88.63,123.52,149.39,173.13,138.52,144.99,149.39
2026-07-14 17:00:00+00:00,172.84,156.45,172.84,144.320007,168.41,117.89,169.91,76.08,172.84,168.21,155.08,143.92,88.2,127.28,142.98,170.51,168.175,174.1,125.37
2026-07-14 17:15:00+00:00,176.74,164.33,176.74,152.539993,174.61,135.03,169.91,80.37,176.74,174.58,169.34,152.08,100.3,131.99,155.0,175.41,168.175,174.1,146.28
2026-07-14 17:30:00+00:00,182.31,173.53,181.63,162.740005,182.18,157.21,169.91,83.81,181.63,182.31,183.64,161.92,126.0,136.97,161.92,181.81,168.175,174.1,161.92
2026-07-14 17:45:00+00:00,199.75,186.11,192.0,178.62,193.1,160.1,169.91,88.49,192.0,193.55,185.23,178.1,141.3,137.72,156.38,192.86,168.175,174.1,168.62
2026-07-14 18:00:00+00:00,176.74,177.67,176.74,176.25,177.03,126.37,180.94,90.42,176.74,177.11,177.49,177.95,123.5,131.36,150.22,176.78,185.245,186.44,167.05
2026-07-14 18:15:00+00:00,179.15,180.69,178.77,183.26,179.53,154.52,180.94,90.09,178.77,179.71,180.84,181.72,144.71,131.21,148.48,178.95,185.245,186.44,166.12
2026-07-14 18:30:00+00:00,183.97,184.43,180.0,187.76,184.08,176.47,180.94,90.23,180.0,184.13,184.48,184.75,163.15,131.15,174.63,183.9,185.245,186.44,180.0
2026-07-14 18:45:00+00:00,184.89,185.33,180.0,188.72,174.86,182.76,180.94,89.99,180.0,185.03,185.35,185.5,175.01,131.17,180.58,184.78,185.245,186.44,180.0
2026-07-14 19:00:00+00:00,179.55,180.6,174.24,181.05,179.74,174.45,173.95,90.36,174.24,179.87,180.65,180.96,167.79,131.92,169.18,179.29,198.925,179.04,167.79
2026-07-14 19:15:00+00:00,174.32,174.32,174.32,174.31,174.32,174.32,173.95,86.47,174.32,174.32,174.32,174.32,174.32,131.92,174.32,174.32,198.925,179.04,174.32
2026-07-14 19:30:00+00:00,174.02,174.02,174.02,174.01,174.02,174.02,173.95,85.25,174.02,174.02,174.02,174.02,174.02,131.84,174.02,174.02,198.925,179.04,174.02
2026-07-14 19:45:00+00:00,171.96,171.96,171.96,171.949997,171.96,171.96,173.95,83.39,171.96,171.96,171.96,171.96,173.08,130.95,171.96,171.96,198.925,179.04,171.96
2026-07-14 20:00:00+00:00,178.44,178.44,178.44,178.429993,178.44,178.44,155.87,86.0,178.44,178.44,178.44,178.44,178.44,129.57,178.44,178.44,188.39,165.0,178.44
2026-07-14 20:15:00+00:00,170.58,170.58,170.58,170.570007,170.58,170.58,155.87,82.53,170.58,170.58,170.58,170.58,173.08,128.96,170.58,170.58,188.39,165.0,170.58
2026-07-14 20:30:00+00:00,167.11,167.11,167.11,167.100006,167.11,167.11,155.87,81.16,167.11,167.11,167.11,167.11,171.05,128.49,167.11,167.11,188.39,165.0,167.11
2026-07-14 20:45:00+00:00,158.93,158.93,158.93,158.929993,158.93,158.93,155.87,77.84,158.93,158.93,158.93,158.93,167.23,127.69,158.93,158.93,188.39,165.0,158.93
2026-07-14 21:00:00+00:00,158.51,158.51,158.51,158.5,158.51,158.51,165.02,79.31,158.51,158.51,158.51,158.51,165.6,127.0,158.51,158.51,186.615,150.17,158.51
2026-07-14 21:15:00+00:00,153.0,153.0,153.0,153.0,153.0,153.0,165.02,75.25,153.0,153.0,153.0,153.0,163.65,126.44,153.0,153.0,186.615,150.17,153.0
2026-07-14 21:30:00+00:00,150.31,150.31,150.31,150.31,150.31,150.31,165.02,72.46,150.31,150.31,150.31,150.31,163.65,125.61,150.31,150.31,186.615,150.17,150.31
2026-07-14 21:45:00+00:00,144.26,144.26,144.26,144.270004,144.26,144.26,165.02,71.86,144.26,144.26,144.26,144.26,162.19,125.12,144.26,144.26,186.615,150.17,144.26
2026-07-14 22:00:00+00:00,158.34,158.34,158.34,158.35,158.34,158.34,145.03,84.08,158.34,158.34,158.34,158.34,166.12,131.47,158.34,158.34,188.17,154.0,158.34
2026-07-14 22:15:00+00:00,154.5,154.5,154.5,154.5,154.5,154.5,145.03,83.59,154.5,154.5,154.5,154.5,164.62,130.91,154.5,154.5,188.17,154.0,154.5
2026-07-14 22:30:00+00:00,153.81,154.17,154.0,154.32,153.92,148.54,145.03,83.03,154.0,153.95,154.19,154.43,162.62,129.99,147.37,153.79,188.17,154.0,151.0
2026-07-14 22:45:00+00:00,146.32,146.6,146.32,146.72,146.41,142.29,145.03,81.5,146.32,146.43,146.61,146.8,159.62,127.79,141.39,146.31,188.17,154.0,144.17
2026-07-14 23:00:00+00:00,150.45,150.45,150.45,150.46,150.45,150.45,138.0,81.79,150.45,150.45,150.45,150.45,159.62,127.99,150.45,150.45,166.62,143.17,150.45
2026-07-14 23:15:00+00:00,145.0,145.0,145.0,145.01,145.0,145.0,138.0,80.68,145.0,145.0,145.0,145.0,159.62,126.33,145.0,145.0,166.62,143.17,145.0
2026-07-14 23:30:00+00:00,142.9,142.9,142.9,142.79,142.9,142.9,138.0,79.67,142.9,142.9,142.9,142.9,159.01,124.91,142.9,142.9,166.62,143.17,142.9
2026-07-14 23:45:00+00:00,139.44,139.44,139.44,139.56,139.44,139.44,138.0,78.18,139.44,139.44,139.44,139.44,157.37,122.65,139.44,139.44,166.62,143.17,139.44
2026-07-15 00:00:00+00:00,141.39,141.39,141.39,141.39,141.39,141.39,130.03,78.57,141.39,141.39,141.39,141.39,159.62,123.03,141.39,141.39,153.45,137.8,141.39
2026-07-15 00:15:00+00:00,138.28,138.28,138.28,138.28,138.28,138.28,130.03,77.68,138.28,138.28,138.28,138.28,157.05,121.56,138.28,138.28,153.45,137.8,138.28
2026-07-15 00:30:00+00:00,138.73,138.73,145.0,138.74,138.73,138.73,130.03,77.86,145.0,138.73,138.73,138.73,154.17,121.92,138.73,138.73,153.45,137.8,138.73
2026-07-15 00:45:00+00:00,137.24,137.61,145.0,137.57,137.26,134.21,130.03,77.17,145.0,137.32,137.58,137.75,153.0,120.92,131.81,137.07,153.45,137.8,131.0
2026-07-15 01:00:00+00:00,136.5,136.5,156.73,136.509995,136.5,136.5,127.04,76.97,156.73,136.5,136.5,136.5,164.62,119.96,136.5,136.5,157.9,133.6,136.5
2026-07-15 01:15:00+00:00,134.79,136.7,155.0,135.81,134.7,124.23,127.04,76.58,155.0,135.05,136.38,137.63,164.01,119.38,108.92,133.56,157.9,133.6,94.57
2026-07-15 01:30:00+00:00,135.75,135.87,152.13,135.82,135.74,135.03,127.04,76.59,152.13,135.76,135.85,135.94,164.62,119.39,134.0,135.66,157.9,133.6,133.03
2026-07-15 01:45:00+00:00,135.32,136.05,147.06,135.71,135.28,131.28,127.04,76.54,147.06,135.42,135.93,136.4,164.62,119.3,125.41,134.85,157.9,133.6,119.92
2026-07-15 02:00:00+00:00,136.5,136.5,148.18,136.64,136.5,136.5,129.0,77.09,148.18,136.5,136.5,136.5,164.01,120.0,136.5,136.5,153.565,136.33,136.5
2026-07-15 02:15:00+00:00,137.88,138.58,155.0,138.12,137.84,134.0,129.0,77.92,155.0,137.97,138.47,138.93,164.01,121.22,128.34,137.43,153.565,136.33,123.07
2026-07-15 02:30:00+00:00,139.89,141.3,150.65,140.64,139.83,132.18,129.0,78.85,150.65,140.09,141.06,141.98,164.62,122.54,120.93,139.0,153.565,136.33,110.44
2026-07-15 02:45:00+00:00,143.6,145.14,156.73,144.78,143.6,136.96,129.0,79.53,156.73,143.87,144.95,146.05,164.62,123.09,128.83,142.74,153.565,136.33,114.02
2026-07-15 03:00:00+00:00,144.0,136.0,155.0,140.520004,140.84,127.02,139.05,78.11,155.0,140.79,138.88,142.19,164.62,122.84,116.71,141.46,154.31,142.03,113.58
2026-07-15 03:15:00+00:00,156.73,135.31,156.73,146.46,149.17,138.8,139.05,79.23,156.73,148.59,142.32,148.59,164.62,124.05,132.22,152.0,154.31,142.03,130.52
2026-07-15 03:30:00+00:00,156.82,142.75,156.82,149.99,151.94,147.69,139.05,80.64,156.82,151.52,147.29,151.16,164.88,125.2,145.39,153.91,154.31,142.03,144.91
2026-07-15 03:45:00+00:00,158.42,158.94,158.34,158.839996,158.45,154.07,139.05,82.4,158.34,158.54,158.89,159.19,166.46,124.85,150.58,158.17,154.31,142.03,149.46
2026-07-15 04:00:00+00:00,163.69,164.98,163.39,164.22,163.26,144.3,150.07,80.83,163.39,163.68,164.78,165.87,166.46,126.6,129.38,162.02,158.44,158.42,123.59
2026-07-15 04:15:00+00:00,169.06,170.33,169.88,170.580002,169.26,155.0,150.07,82.75,169.88,169.44,170.34,171.16,166.5,127.26,148.52,168.69,158.44,158.42,153.42
2026-07-15 04:30:00+00:00,167.99,167.0,171.94,165.899994,167.26,154.99,150.07,82.96,171.94,167.46,166.87,166.34,167.04,128.81,149.45,166.82,158.44,158.42,151.02
2026-07-15 04:45:00+00:00,165.86,164.39,171.94,163.399994,165.18,152.53,150.07,83.84,171.94,165.3,164.33,163.4,167.04,130.61,150.0,164.98,158.44,158.42,156.97
2026-07-15 05:00:00+00:00,171.95,172.66,171.95,173.01,171.16,162.62,140.1,84.41,171.95,172.25,172.71,173.09,167.62,133.19,160.27,171.92,178.76,162.0,166.77
2026-07-15 05:15:00+00:00,166.67,166.87,171.94,166.979996,166.73,163.97,140.1,85.0,171.94,166.75,166.89,167.0,167.28,133.62,163.29,166.66,178.76,162.0,165.17
2026-07-15 05:30:00+00:00,164.39,164.39,172.17,164.399994,164.39,164.39,140.1,86.52,172.17,164.39,164.39,164.39,167.04,133.63,164.39,164.39,178.76,162.0,164.39
2026-07-15 05:45:00+00:00,159.04,159.04,172.17,159.04,159.04,159.04,140.1,89.58,172.17,159.04,159.04,159.04,164.88,133.24,159.04,159.04,178.76,162.0,159.04
2026-07-15 06:00:00+00:00,167.28,167.28,175.0,167.289993,161.99,167.28,130.02,85.39,175.0,167.28,167.28,167.28,167.28,133.28,167.28,167.28,212.955,153.0,167.28
2026-07-15 06:15:00+00:00,164.97,165.18,172.17,163.29,129.87,159.17,130.02,85.61,172.17,159.53,143.97,163.43,164.88,132.68,166.05,147.76,212.955,153.0,164.88
2026-07-15 06:30:00+00:00,154.09,154.47,169.88,152.259995,121.44,152.05,130.02,84.99,169.88,149.1,116.67,153.01,152.96,131.17,153.39,138.04,212.955,153.0,152.96
2026-07-15 06:45:00+00:00,140.94,141.35,162.0,140.92,110.0,139.88,130.02,82.15,162.0,136.23,133.0,140.01,139.57,124.45,139.78,125.72,212.955,153.0,139.57
2026-07-15 07:00:00+00:00,150.99,151.42,169.88,150.09,118.71,149.73,105.02,83.7,169.88,145.98,111.85,150.0,149.62,126.8,149.89,134.73,229.73,137.09,149.62
2026-07-15 07:15:00+00:00,140.53,140.95,165.0,139.720001,110.0,139.48,105.02,78.35,165.0,135.8,139.66,139.62,139.17,122.52,139.38,125.15,229.73,137.09,139.17
2026-07-15 07:30:00+00:00,131.01,131.29,161.12,130.43,110.0,130.18,105.02,73.51,161.12,127.75,130.4,130.36,130.12,117.0,130.3,120.43,229.73,137.09,130.12
2026-07-15 07:45:00+00:00,120.82,121.0,153.69,120.94,107.76,120.37,105.02,67.71,153.69,118.8,120.45,120.43,120.24,112.59,120.34,114.25,229.73,137.09,120.24
2026-07-15 08:00:00+00:00,132.18,131.26,158.34,129.18,131.89,118.96,80.51,74.22,158.34,131.79,131.04,130.15,124.1,114.71,144.94,132.24,199.075,124.4,137.98
2026-07-15 08:15:00+00:00,117.53,116.78,158.7,114.99,110.0,105.02,80.51,67.07,158.7,116.08,116.27,115.44,110.1,109.81,129.1,114.0,199.075,124.4,122.6
2026-07-15 08:30:00+00:00,102.16,102.24,158.34,102.01,96.54,101.95,80.51,60.19,158.34,101.32,102.0,102.0,100.01,107.73,101.99,99.39,199.075,124.4,101.93
2026-07-15 08:45:00+00:00,98.11,98.12,155.0,98.08,97.14,98.07,80.51,57.52,155.0,97.96,98.08,98.08,98.07,104.22,98.08,97.63,199.075,124.4,98.07
2026-07-15 09:00:00+00:00,108.11,106.82,154.26,104.5,80.0,89.06,94.0,61.44,154.26,107.56,106.49,105.23,98.2,105.9,126.36,108.2,157.63,124.4,116.39
2026-07-15 09:15:00+00:00,102.96,102.08,156.73,100.5,27.1,90.01,94.0,56.85,156.73,102.59,101.86,101.0,98.07,102.82,115.37,103.02,157.63,124.4,108.59
2026-07-15 09:30:00+00:00,99.59,98.21,151.89,96.99,15.0,93.69,94.0,54.91,151.89,98.92,98.04,97.04,97.68,99.68,101.54,99.01,157.63,124.4,99.54
2026-07-15 09:45:00+00:00,101.71,90.67,154.36,81.85,0.02,64.91,94.0,41.39,154.36,96.32,89.45,81.74,94.97,93.26,104.73,96.63,157.63,124.4,94.97
2026-07-15 10:00:00+00:00,109.36,98.58,150.98,89.279999,40.0,67.13,95.02,53.58,150.98,104.08,97.22,89.39,97.63,95.79,119.37,104.61,143.94,117.7,106.2
2026-07-15 10:15:00+00:00,102.41,87.59,150.57,75.24,40.0,49.39,95.02,46.35,150.57,95.13,85.78,75.14,95.0,91.53,110.1,95.65,143.94,117.7,95.0
2026-07-15 10:30:00+00:00,103.48,84.28,149.41,68.3,48.2,34.92,95.02,42.06,149.41,94.05,81.95,68.17,93.82,88.82,113.31,94.72,143.94,117.7,93.82
2026-07-15 10:45:00+00:00,103.4,82.35,146.69,64.83,80.0,28.28,95.02,40.32,146.69,93.06,79.79,64.68,92.77,87.18,114.1,93.79,143.94,117.7,92.77
2026-07-15 11:00:00+00:00,108.67,85.6,145.49,67.9,80.0,35.87,95.05,40.74,145.49,96.15,82.88,67.27,92.62,86.72,110.81,98.75,137.305,118.0,92.62
2026-07-15 11:15:00+00:00,110.0,86.37,147.98,67.94,81.9,35.29,95.05,40.68,147.98,97.12,83.47,67.24,93.0,86.88,111.52,98.15,137.305,118.0,93.0
2026-07-15 11:30:00+00:00,111.32,83.04,152.53,61.75,91.55,25.32,95.05,38.27,152.53,94.85,79.56,60.9,90.0,84.13,110.5,97.35,137.305,118.0,90.0
2026-07-15 11:45:00+00:00,110.0,80.79,154.0,60.16,92.72,23.53,95.05,37.29,154.0,92.37,77.38,58.98,88.31,83.15,108.66,98.37,137.305,118.0,88.31
2026-07-15 12:00:00+00:00,101.17,76.66,150.11,60.83,68.6,23.95,101.0,37.57,150.11,82.64,73.67,61.06,90.0,83.22,111.18,94.31,136.03,119.86,90.0
2026-07-15 12:15:00+00:00,107.31,78.39,154.36,60.6,65.81,20.55,101.0,37.82,154.36,84.99,81.01,60.24,91.71,83.79,114.2,98.52,136.03,119.86,91.71
2026-07-15 12:30:00+00:00,118.16,84.34,156.73,62.83,40.0,17.21,101.0,38.86,156.73,92.39,94.32,63.12,92.77,85.37,125.59,108.57,136.03,119.86,99.61
2026-07-15 12:45:00+00:00,129.42,91.25,158.34,66.88,15.0,14.59,101.0,40.9,158.34,100.37,98.5,67.25,91.0,90.15,138.82,118.62,136.03,119.86,108.98
2026-07-15 13:00:00+00:00,110.7,78.61,158.34,62.1,40.0,18.96,115.1,38.55,158.34,86.7,83.89,60.77,93.82,91.22,117.27,101.67,136.48,124.4,93.82
2026-07-15 13:15:00+00:00,110.24,82.29,158.34,67.300003,80.0,33.47,115.1,40.56,158.34,89.24,96.9,66.93,93.82,96.18,112.45,102.32,136.48,124.4,93.82
2026-07-15 13:30:00+00:00,113.72,93.02,158.34,76.440002,105.79,46.7,115.1,43.57,158.34,105.79,96.0,76.82,93.82,101.06,114.17,111.4,136.48,124.4,99.01
2026-07-15 13:45:00+00:00,136.97,105.03,160.0,86.440002,113.57,50.38,115.1,46.07,160.0,113.57,102.22,87.78,93.67,104.24,121.95,128.13,136.48,124.4,109.55
2026-07-15 14:00:00+00:00,106.93,92.82,169.0,81.31,108.37,72.37,130.23,44.91,169.0,106.2,92.41,80.34,90.0,105.31,90.0,119.97,141.25,143.8,90.0
2026-07-15 14:15:00+00:00,115.14,103.13,169.88,90.220001,124.3,80.65,130.23,45.62,169.88,119.99,103.15,89.58,94.5,108.21,96.61,144.71,141.25,143.8,98.67
2026-07-15 14:30:00+00:00,141.34,122.75,172.17,106.589996,146.77,89.7,130.23,48.3,172.17,142.85,122.51,105.29,95.0,108.8,110.16,166.61,141.25,143.8,113.9
2026-07-15 14:45:00+00:00,152.94,131.75,175.0,113.669998,155.15,92.6,130.23,49.37,175.0,151.16,131.01,113.38,97.63,110.04,127.04,170.33,141.25,143.8,128.29
2026-07-15 15:00:00+00:00,109.94,109.94,171.94,102.18,138.13,100.0,150.02,44.06,171.94,133.22,112.73,101.0,97.63,110.34,101.55,159.09,151.5,149.0,104.11
2026-07-15 15:15:00+00:00,128.82,120.96,174.64,108.400002,153.87,99.1,150.02,52.97,174.64,153.11,123.09,108.54,97.88,112.17,108.54,165.98,151.5,149.0,110.92
2026-07-15 15:30:00+00:00,152.93,132.52,174.64,127.019997,172.02,113.77,150.02,58.03,174.64,173.33,136.87,123.63,98.09,115.95,123.9,173.33,151.5,149.0,127.12
2026-07-15 15:45:00+00:00,171.91,151.3,176.48,140.93,183.22,126.66,150.02,64.39,176.48,184.4,152.61,139.56,98.2,118.97,139.56,184.4,151.5,149.0,140.61
2026-07-15 16:00:00+00:00,138.0,138.0,172.17,129.460007,173.62,128.21,180.08,73.72,172.17,173.53,139.05,128.64,97.68,118.59,128.64,178.38,168.865,153.55,130.78
2026-07-15 16:15:00+00:00,160.28,157.69,174.43,143.8,191.07,130.01,180.08,81.59,174.43,190.13,159.63,142.01,98.2,122.31,134.24,205.03,168.865,153.55,140.48
2026-07-15 16:30:00+00:00,171.99,164.55,197.15,149.79,201.45,130.55,180.08,84.64,197.15,200.42,166.82,147.58,101.44,124.88,136.25,216.77,168.865,153.55,144.52
2026-07-15 16:45:00+00:00,197.15,179.02,197.15,165.41,205.17,140.66,180.08,85.5,197.15,205.0,180.15,164.02,115.66,127.19,140.66,212.69,168.865,153.55,154.93
2026-07-15 17:00:00+00:00,171.93,166.19,178.0,155.18,203.53,98.36,194.0,89.21,178.0,198.95,168.5,147.92,104.7,128.01,112.08,220.17,207.99,174.66,131.59
2026-07-15 17:15:00+00:00,171.95,196.0,194.13,171.14,249.8,130.51,194.0,86.72,194.13,264.71,201.51,163.77,118.91,129.58,141.41,330.07,207.99,174.66,157.74
2026-07-15 17:30:00+00:00,183.98,224.68,199.99,189.93,168.3,153.39,194.0,81.75,199.99,314.65,231.93,183.98,140.61,129.68,153.09,405.36,207.99,174.66,176.93
2026-07-15 17:45:00+00:00,207.88,244.32,207.88,212.17,158.37,180.62,194.0,84.23,207.88,324.87,250.81,207.88,159.0,135.12,180.62,406.09,207.99,174.66,201.74
2026-07-15 18:00:00+00:00,184.95,201.04,197.15,198.43,145.1,166.53,210.03,104.81,197.15,212.0,202.72,197.96,143.3,135.12,158.8,227.95,227.065,189.91,180.25
2026-07-15 18:15:00+00:00,197.35,215.65,197.35,201.57,242.28,183.91,210.03,105.17,197.35,251.31,219.1,199.64,159.49,134.64,180.47,288.42,227.065,189.91,193.81
2026-07-15 18:30:00+00:00,198.57,217.44,198.57,209.42,159.9,180.43,210.03,107.5,198.57,240.64,220.09,208.25,169.12,133.98,173.78,267.81,227.065,189.91,193.93
2026-07-15 18:45:00+00:00,202.29,217.5,200.0,218.13,202.7,187.25,210.03,102.82,200.0,221.41,218.64,218.05,182.1,133.91,179.57,231.35,227.065,189.91,200.0
2026-07-15 19:00:00+00:00,197.15,219.81,197.15,221.21,203.09,170.83,215.04,118.54,197.15,224.24,221.42,221.06,182.1,133.97,158.98,242.25,248.185,187.76,192.44
2026-07-15 19:15:00+00:00,196.12,196.12,196.12,196.11,192.87,196.12,215.04,108.41,196.12,196.12,196.12,196.12,196.12,133.77,196.12,196.12,248.185,187.76,196.12
2026-07-15 19:30:00+00:00,196.8,197.13,197.15,197.12,197.33,197.13,215.04,107.87,197.15,197.24,197.15,197.13,197.15,133.24,197.14,197.57,248.185,187.76,197.15
2026-07-15 19:45:00+00:00,189.95,192.3,196.55,192.320007,193.69,192.33,215.04,94.23,196.55,193.06,192.46,192.29,192.44,132.56,192.35,195.4,248.185,187.76,192.44
2026-07-15 20:00:00+00:00,199.99,199.99,199.99,199.98,199.99,199.99,195.8,109.82,199.99,199.99,199.99,199.99,199.99,131.96,199.99,199.99,241.955,175.62,199.99
2026-07-15 20:15:00+00:00,190.0,190.0,190.0,189.990005,190.0,190.0,195.8,104.51,190.0,190.0,190.0,190.0,190.0,131.95,190.0,190.0,241.955,175.62,190.0
2026-07-15 20:30:00+00:00,187.9,187.9,187.9,187.910004,187.9,187.9,195.8,91.03,187.9,187.9,187.9,187.9,187.9,130.92,187.9,187.9,241.955,175.62,187.9
2026-07-15 20:45:00+00:00,175.63,175.63,175.63,175.64,175.63,175.63,195.8,90.17,175.63,175.63,175.63,175.63,175.63,130.09,175.63,175.63,241.955,175.62,175.63
2026-07-15 21:00:00+00:00,179.14,179.14,179.14,179.15,179.14,179.14,156.03,91.32,179.14,179.14,179.14,179.14,179.14,131.0,179.14,179.14,232.985,159.01,179.14
2026-07-15 21:15:00+00:00,171.94,171.94,171.94,171.949997,171.94,171.94,156.03,90.67,171.94,171.94,171.94,171.94,171.94,130.73,171.94,171.94,232.985,159.01,171.94
2026-07-15 21:30:00+00:00,169.62,169.62,169.62,169.630005,169.62,169.62,156.03,90.2,169.62,169.62,169.62,169.62,169.62,130.63,169.62,169.62,232.985,159.01,169.62
2026-07-15 21:45:00+00:00,164.96,164.96,164.96,164.970001,164.96,164.96,156.03,89.99,164.96,164.96,164.96,164.96,166.12,130.62,164.96,164.96,232.985,159.01,164.96
2026-07-15 22:00:00+00:00,173.58,173.58,173.58,173.59,173.58,173.58,143.0,102.05,173.58,173.58,173.58,173.58,173.58,138.51,173.58,173.58,256.78,159.91,173.58
2026-07-15 22:15:00+00:00,169.04,169.04,203.67,169.050003,169.04,169.04,143.0,100.39,169.04,169.04,169.04,169.04,169.04,136.03,169.04,169.04,256.78,159.91,169.04
2026-07-15 22:30:00+00:00,163.51,163.51,203.75,163.52,163.51,163.51,143.0,98.08,163.51,163.51,163.51,163.51,168.15,132.58,163.51,163.51,256.78,159.91,163.51
2026-07-15 22:45:00+00:00,158.0,158.0,159.0,158.01,158.0,158.0,143.0,97.14,158.0,158.0,158.0,158.0,167.65,130.67,158.0,158.0,256.78,159.91,158.0
2026-07-15 23:00:00+00:00,162.03,162.03,204.99,162.04,162.03,162.03,121.0,95.95,162.03,162.03,162.03,162.03,166.65,130.97,162.03,162.03,232.665,153.44,162.03
2026-07-15 23:15:00+00:00,158.0,158.0,200.0,158.009995,158.0,158.0,121.0,94.65,158.0,158.0,158.0,158.0,166.65,128.81,158.0,158.0,232.665,153.44,158.0
2026-07-15 23:30:00+00:00,158.97,158.97,165.57,158.98,158.97,158.97,121.0,95.06,158.97,158.97,158.97,158.97,166.5,129.49,158.97,158.97,232.665,153.44,158.97
2026-07-15 23:45:00+00:00,157.8,157.8,169.44,157.81,157.8,157.8,121.0,94.75,157.8,157.8,157.8,157.8,166.09,128.83,157.8,157.8,232.665,153.44,157.8
2026-07-16 00:00:00+00:00,157.62,157.62,159.65,157.630005,157.62,157.62,117.0,90.44,157.62,157.62,157.62,157.62,166.65,128.27,157.62,157.62,207.7,149.07,157.62
2026-07-16 00:15:00+00:00,154.67,154.67,162.25,154.67,154.67,154.67,117.0,89.67,154.67,154.67,154.67,154.67,166.5,127.99,154.67,154.67,207.7,149.07,154.67
2026-07-16 00:30:00+00:00,150.84,150.88,153.52,150.910004,150.85,150.18,117.0,88.1,150.83,150.85,150.88,150.92,166.5,127.93,150.01,150.83,207.7,149.07,150.47
2026-07-16 00:45:00+00:00,148.3,148.36,153.49,148.399994,148.32,147.32,117.0,88.12,148.29,148.32,148.37,148.42,166.09,127.88,147.07,148.29,207.7,149.07,147.76
2026-07-16 01:00:00+00:00,151.9,152.0,157.5,152.06,151.93,150.39,115.05,88.63,151.9,151.94,152.01,152.09,166.09,126.48,150.0,151.89,212.435,146.36,151.06
2026-07-16 01:15:00+00:00,147.53,147.55,147.53,147.56,147.53,147.23,115.05,85.87,147.53,147.54,147.55,147.56,165.65,126.35,147.15,147.53,212.435,146.36,147.36
2026-07-16 01:30:00+00:00,148.08,148.08,148.08,148.09,148.08,148.08,115.05,88.32,148.08,148.08,148.08,148.08,165.65,126.35,148.08,148.08,212.435,146.36,148.08
2026-07-16 01:45:00+00:00,148.15,148.17,148.15,148.18,148.16,147.92,115.05,90.05,148.15,148.16,148.17,148.18,165.65,126.35,147.85,148.15,212.435,146.36,148.02
2026-07-16 02:00:00+00:00,147.8,148.4,148.61,148.68,147.98,138.97,115.1,88.88,147.8,148.04,148.44,148.9,165.65,124.89,136.69,147.77,200.585,150.0,142.89
2026-07-16 02:15:00+00:00,149.67,150.07,149.61,150.26,149.79,143.83,115.1,91.01,149.61,149.83,150.1,150.4,165.65,125.08,142.32,149.65,200.585,150.0,146.42
2026-07-16 02:30:00+00:00,153.1,153.73,153.0,154.03,153.29,143.85,115.1,93.71,153.0,153.35,153.77,154.25,165.65,125.97,141.46,153.07,200.585,150.0,147.95
2026-07-16 02:45:00+00:00,154.57,154.92,154.51,155.080002,154.67,149.47,115.1,94.45,154.51,154.71,154.94,155.2,165.65,126.43,148.15,154.55,200.585,150.0,151.73
2026-07-16 03:00:00+00:00,153.16,155.08,152.85,155.929993,153.74,124.95,138.0,92.39,152.85,153.94,155.21,156.76,166.09,126.85,117.59,153.06,198.12,157.01,137.51
2026-07-16 03:15:00+00:00,158.12,158.82,158.0,159.139999,158.33,147.71,138.0,92.89,158.0,158.4,158.87,159.44,166.5,127.25,145.0,158.08,198.12,157.01,152.34
2026-07-16 03:30:00+00:00,160.28,160.29,160.27,160.300003,160.28,160.1,138.0,94.74,160.27,160.28,160.29,160.3,166.5,128.25,160.05,160.28,198.12,157.01,160.18
2026-07-16 03:45:00+00:00,163.28,163.28,163.28,163.289993,163.28,163.28,138.0,96.1,163.28,163.28,163.28,163.28,166.65,128.31,163.28,163.28,198.12,157.01,163.28
2026-07-16 04:00:00+00:00,172.17,173.83,171.94,174.559998,172.69,148.56,147.0,94.98,171.94,172.85,173.95,175.0,166.65,129.99,142.33,172.12,197.085,167.27,159.17
2026-07-16 04:15:00+00:00,174.31,175.11,174.2,175.470001,174.56,162.87,147.0,95.84,174.2,174.64,175.17,175.68,168.01,129.98,159.85,174.28,197.085,167.27,168.01
2026-07-16 04:30:00+00:00,174.98,175.79,174.87,176.15,175.23,163.52,147.0,96.28,174.87,175.31,175.85,176.35,169.04,131.47,160.5,174.96,197.085,167.27,168.67
2026-07-16 04:45:00+00:00,173.79,174.37,173.71,174.619995,173.97,165.64,147.0,96.91,173.71,174.03,174.41,174.77,169.3,131.42,163.49,173.77,197.085,167.27,169.3
2026-07-16 05:00:00+00:00,178.91,179.85,178.78,180.259995,178.1,166.09,172.0,98.3,178.78,179.31,179.92,180.58,171.9,138.29,162.8,178.87,224.39,171.94,171.9
2026-07-16 05:15:00+00:00,176.83,177.4,176.83,177.65,174.61,169.11,172.0,98.93,176.83,177.07,177.44,177.84,172.61,138.16,167.14,176.8,224.39,171.94,172.61
2026-07-16 05:30:00+00:00,171.1,171.31,174.64,171.41,165.29,168.21,172.0,98.39,174.64,171.18,171.32,171.47,169.52,136.96,167.47,171.09,224.39,171.94,169.52
2026-07-16 05:45:00+00:00,161.15,161.15,172.84,161.160004,125.57,161.15,172.0,98.05,172.84,161.15,147.16,161.15,168.15,136.03,161.15,161.15,224.39,171.94,161.15
2026-07-16 06:00:00+00:00,169.26,168.49,175.1,169.39,114.26,169.39,138.0,91.93,175.1,166.36,132.8,169.65,170.0,135.24,169.43,154.6,281.37,159.8,170.0
2026-07-16 06:15:00+00:00,166.12,164.3,172.84,165.770004,107.92,166.08,138.0,88.44,172.84,162.4,128.23,166.12,166.8,130.81,166.35,148.82,281.37,159.8,166.8
2026-07-16 06:30:00+00:00,159.55,146.13,169.0,156.02,69.0,157.19,138.0,87.09,169.0,140.74,119.01,159.55,163.02,127.94,159.63,115.48,281.37,159.8,163.02
2026-07-16 06:45:00+00:00,138.73,109.53,159.7,139.32,15.06,138.05,138.0,84.56,159.7,96.14,112.88,138.73,148.38,121.22,141.95,34.28,281.37,159.8,148.38
2026-07-16 07:00:00+00:00,152.98,152.98,174.64,150.23,110.0,152.98,122.0,87.82,174.64,152.98,112.12,152.98,152.98,126.61,152.98,152.98,292.25,139.95,152.98
2026-07-16 07:15:00+00:00,138.63,138.8,173.05,140.67,107.92,138.24,122.0,84.43,173.05,137.93,138.34,138.29,138.12,120.74,138.22,132.59,292.25,139.95,138.12
2026-07-16 07:30:00+00:00,135.48,136.72,151.12,134.570007,50.0,132.72,122.0,81.06,151.12,130.51,133.45,133.08,131.86,116.72,132.54,92.06,292.25,139.95,131.86
2026-07-16 07:45:00+00:00,127.44,129.09,141.35,125.480003,12.99,123.74,122.0,74.91,141.35,120.78,124.72,124.22,122.6,109.09,123.51,69.3,292.25,139.95,122.6
2026-07-16 08:00:00+00:00,149.59,139.33,159.7,138.520004,47.51,140.34,110.05,81.96,159.7,130.28,128.63,140.04,141.18,117.33,140.67,122.39,239.84,119.18,141.18
2026-07-16 08:15:00+00:00,124.02,125.16,160.0,123.62,0.01,122.62,110.05,74.66,160.0,116.24,119.32,122.66,121.02,112.54,122.21,70.66,239.84,119.18,121.02
2026-07-16 08:30:00+00:00,110.5,110.68,159.7,110.55,0.01,110.34,110.05,65.91,159.7,108.94,109.43,110.32,110.0,108.91,110.25,100.13,239.84,119.18,110.0
2026-07-16 08:45:00+00:00,100.21,100.21,155.93,100.209999,0.01,100.21,110.05,56.32,155.93,100.21,100.21,100.21,100.21,104.31,100.21,100.21,239.84,119.18,100.21
2026-07-16 09:00:00+00:00,114.54,115.31,160.0,113.45,69.47,113.13,107.0,69.38,160.0,111.54,113.59,113.34,102.0,109.98,113.04,91.72,185.5,112.19,112.69
2026-07-16 09:15:00+00:00,110.14,110.7,160.0,109.260002,76.8,109.09,107.0,51.14,160.0,107.92,109.43,109.25,100.01,107.24,109.02,93.26,185.5,112.19,108.76
2026-07-16 09:30:00+00:00,105.98,105.98,144.14,105.95,80.0,105.98,107.0,58.51,144.14,105.98,105.98,105.98,98.65,104.09,105.98,105.98,185.5,112.19,105.98
2026-07-16 09:45:00+00:00,100.36,100.36,141.7,100.349998,85.0,100.36,107.0,60.49,141.7,100.36,100.36,100.36,98.2,98.53,100.36,100.36,185.5,112.19,100.36
2026-07-16 10:00:00+00:00,100.49,100.41,157.44,100.269997,85.0,100.37,106.0,46.37,157.44,100.45,100.4,100.35,98.4,98.43,100.54,100.45,162.58,104.9,100.44
2026-07-16 10:15:00+00:00,101.22,97.07,146.22,94.010002,85.0,94.65,106.0,42.88,146.22,99.14,96.62,93.84,98.09,91.92,103.95,99.29,162.58,104.9,98.67
2026-07-16 10:30:00+00:00,102.8,97.3,148.38,93.279999,89.1,94.09,106.0,41.83,148.38,100.04,96.71,93.02,98.07,91.03,106.41,100.24,162.58,104.9,99.42
2026-07-16 10:45:00+00:00,103.37,96.73,150.0,91.89,100.0,92.85,106.0,40.35,150.0,100.04,96.01,91.55,97.94,89.5,107.74,100.28,162.58,104.9,99.29
2026-07-16 11:00:00+00:00,105.48,98.12,141.7,92.78,80.0,93.79,106.0,49.09,141.7,101.77,97.29,92.38,97.81,90.97,110.39,102.04,159.075,104.0,100.97
2026-07-16 11:15:00+00:00,100.5,95.58,147.38,92.01,85.0,92.69,106.0,49.04,147.38,98.02,95.02,91.74,97.49,90.42,103.79,98.2,159.075,104.0,97.49
2026-07-16 11:30:00+00:00,97.1,89.62,146.2,84.2,93.3,85.22,106.0,45.1,146.2,93.34,88.77,83.79,92.52,82.53,102.1,93.61,159.075,104.0,92.52
2026-07-16 11:45:00+00:00,94.88,87.63,147.38,82.379997,91.19,83.38,106.0,43.53,147.38,91.23,86.81,81.99,90.35,80.7,99.72,91.5,159.075,104.0,90.44
2026-07-16 12:00:00+00:00,95.0,93.21,138.4,91.8,94.08,92.15,112.0,40.41,138.4,94.09,92.99,91.77,90.0,89.87,96.42,94.16,159.56,106.0,93.98
2026-07-16 12:15:00+00:00,100.78,97.0,152.23,94.13,98.83,94.01,112.0,40.58,152.23,98.86,96.54,94.01,90.0,91.93,102.35,98.99,159.56,106.0,98.25
2026-07-16 12:30:00+00:00,107.18,101.53,151.86,97.360001,104.26,97.05,112.0,50.88,151.86,104.3,100.84,97.05,89.75,95.58,109.53,104.5,159.56,106.0,103.39
2026-07-16 12:45:00+00:00,112.83,107.35,160.75,104.510002,110.01,103.01,112.0,53.86,160.75,110.04,106.68,103.01,87.5,101.46,115.11,110.23,159.56,106.0,109.16
2026-07-16 13:00:00+00:00,105.64,105.53,152.51,104.139999,105.58,105.29,128.0,45.53,152.51,105.58,105.51,105.43,85.0,103.2,105.56,105.59,155.13,118.0,105.55
2026-07-16 13:15:00+00:00,110.55,109.5,150.0,108.709999,110.0,107.46,128.0,56.56,150.0,110.02,109.38,108.71,80.0,107.12,109.83,110.04,155.13,118.0,109.71
2026-07-16 13:30:00+00:00,109.36,109.36,159.7,109.260002,109.36,109.36,128.0,46.95,159.7,109.36,109.36,109.36,76.19,107.05,109.36,109.36,155.13,118.0,109.36
2026-07-16 13:45:00+00:00,118.56,116.48,160.75,112.949997,117.47,112.44,128.0,57.19,160.75,117.5,116.24,114.91,75.79,112.91,117.13,117.55,155.13,118.0,116.88
2026-07-16 14:00:00+00:00,105.78,105.78,147.73,107.629997,105.78,105.78,135.01,45.58,147.73,105.78,105.78,105.78,75.79,103.9,105.78,105.78,153.22,130.0,105.78
2026-07-16 14:15:00+00:00,112.67,112.67,149.88,112.580002,112.67,112.67,135.01,51.02,149.88,112.67,112.67,112.67,75.79,112.35,112.67,112.67,153.22,130.0,112.67
2026-07-16 14:30:00+00:00,127.74,127.74,146.22,127.75,127.74,127.74,135.01,63.74,146.22,127.74,127.74,127.74,75.79,117.88,127.74,127.74,153.22,130.0,127.74
2026-07-16 14:45:00+00:00,137.99,135.81,151.43,132.619995,142.62,129.47,135.01,67.27,151.43,140.59,135.91,132.36,75.79,122.57,135.83,149.33,153.22,130.0,136.02
2026-07-16 15:00:00+00:00,127.73,125.75,138.6,124.410004,127.82,124.59,165.1,49.34,138.6,127.73,124.65,124.5,73.14,113.22,124.69,127.68,170.97,148.82,124.9
2026-07-16 15:15:00+00:00,143.86,138.56,148.83,134.910004,150.46,135.37,165.1,65.7,148.83,149.47,130.79,135.4,76.0,122.66,135.87,148.83,170.97,148.82,136.77
2026-07-16 15:30:00+00:00,156.8,147.85,156.8,143.690002,161.85,139.37,165.1,70.99,156.8,161.6,145.77,143.19,85.1,127.35,140.97,157.72,170.97,148.82,143.21
2026-07-16 15:45:00+00:00,173.99,163.33,170.53,154.66,171.96,148.06,165.1,76.1,170.53,174.0,162.88,156.65,85.0,132.94,150.92,170.48,170.97,148.82,154.87
2026-07-16 16:00:00+00:00,165.0,152.86,172.67,149.94,167.53,135.42,198.84,73.85,172.67,167.91,155.25,146.38,70.79,131.56,138.92,162.21,195.075,170.77,143.72
2026-07-16 16:15:00+00:00,178.28,175.48,178.84,179.81,191.66,159.96,198.84,83.17,178.84,191.81,181.1,176.08,83.12,135.68,164.16,181.76,195.075,170.77,169.84
2026-07-16 16:30:00+00:00,180.39,184.73,197.15,181.940002,196.83,146.98,198.84,83.51,197.15,231.34,196.87,181.59,89.75,137.01,156.02,183.07,195.075,170.77,168.02
2026-07-16 16:45:00+00:00,200.09,205.5,198.12,204.529999,210.49,177.63,198.84,90.6,198.12,332.64,216.66,206.74,90.35,143.46,184.68,203.78,195.075,170.77,194.12
2026-07-16 17:00:00+00:00,187.35,190.82,187.35,185.509995,191.92,155.17,280.04,91.66,187.35,192.18,204.35,184.35,90.0,140.92,149.0,189.52,233.325,192.9,168.47
2026-07-16 17:15:00+00:00,220.15,223.78,199.54,211.020004,224.58,184.62,280.04,96.39,199.54,224.86,236.6,217.92,97.81,147.07,177.48,222.19,233.325,192.9,199.54
2026-07-16 17:30:00+00:00,252.85,255.8,229.99,257.19,253.78,210.63,280.04,99.7,229.99,254.06,256.03,257.87,98.3,151.41,199.8,252.76,233.325,192.9,229.99
2026-07-16 17:45:00+00:00,296.35,301.0,260.0,303.11,206.6,229.75,280.04,102.14,260.0,298.25,301.35,304.27,123.11,154.13,212.65,296.2,233.325,192.9,260.28
2026-07-16 18:00:00+00:00,274.31,280.41,227.15,283.09,210.9,186.05,340.0,100.65,227.15,276.82,280.83,284.85,100.01,154.21,164.3,274.13,261.78,210.0,227.15
2026-07-16 18:15:00+00:00,293.06,299.68,240.0,302.44,295.1,198.69,340.0,100.62,240.0,295.75,300.1,304.44,150.0,153.38,174.49,292.78,261.78,210.0,240.0
2026-07-16 18:30:00+00:00,320.04,326.07,228.57,325.43,202.83,263.48,340.0,100.28,228.57,321.53,325.57,329.15,165.65,152.77,227.73,317.71,261.78,210.0,228.57
2026-07-16 18:45:00+00:00,317.31,323.65,224.41,325.149994,211.3,300.07,340.0,98.61,224.41,318.98,323.43,328.3,170.0,152.18,284.48,315.0,261.78,210.0,224.41
2026-07-16 19:00:00+00:00,331.29,336.66,219.89,335.109985,155.04,275.33,325.0,98.36,219.89,331.49,335.9,339.65,170.81,150.23,232.92,327.08,266.695,210.0,219.89
2026-07-16 19:15:00+00:00,273.64,276.33,217.79,275.589996,261.83,245.58,325.0,97.69,217.79,273.74,275.95,277.83,177.51,149.22,224.32,271.53,266.695,210.0,217.79
2026-07-16 19:30:00+00:00,227.6,228.61,206.63,228.380005,227.43,217.06,325.0,97.17,206.63,227.63,228.46,229.17,182.93,148.41,209.08,226.8,266.695,210.0,206.63
2026-07-16 19:45:00+00:00,203.75,203.75,203.75,203.820007,203.75,203.75,325.0,96.09,203.75,203.75,203.75,203.75,187.4,147.29,203.75,203.75,266.695,210.0,203.75
2026-07-16 20:00:00+00:00,228.77,228.77,228.77,228.78,228.77,228.77,234.99,99.85,228.77,228.77,228.77,228.77,189.51,148.14,228.77,228.77,265.995,193.39,228.77
2026-07-16 20:15:00+00:00,203.75,203.75,203.75,203.76,203.75,203.75,234.99,99.18,203.75,203.75,203.75,203.75,189.41,147.08,203.75,203.75,265.995,193.39,203.75
2026-07-16 20:30:00+00:00,205.0,205.0,205.0,205.039993,205.0,205.0,234.99,99.0,205.0,205.0,205.0,205.0,186.28,148.27,205.0,205.0,265.995,193.39,205.0
2026-07-16 20:45:00+00:00,189.84,189.84,189.84,189.850006,189.84,189.84,234.99,98.77,189.84,189.84,189.84,189.84,178.18,146.46,189.84,189.84,265.995,193.39,189.84
2026-07-16 21:00:00+00:00,196.03,196.03,196.03,196.039993,196.03,196.03,173.01,99.62,196.03,196.03,196.03,196.03,182.93,145.42,196.03,196.03,246.34,177.5,196.03
2026-07-16 21:15:00+00:00,180.6,180.6,180.6,180.610001,180.6,180.6,173.01,98.82,180.6,180.6,180.6,180.6,178.18,144.41,180.6,180.6,246.34,177.5,180.6
2026-07-16 21:30:00+00:00,175.1,175.1,175.1,175.110001,175.1,175.1,173.01,98.25,175.1,175.1,175.1,175.1,175.1,143.57,175.1,175.1,246.34,177.5,175.1
2026-07-16 21:45:00+00:00,169.52,169.52,169.52,169.529999,169.52,169.52,173.01,97.46,169.52,169.52,169.52,169.52,169.52,142.61,169.52,169.52,246.34,177.5,169.52
2026-07-16 22:00:00+00:00,175.0,175.0,179.83,175.01,175.0,175.0,169.63,97.89,179.83,175.0,175.0,175.0,175.0,143.92,175.0,175.0,214.19,165.0,175.0
2026-07-16 22:15:00+00:00,171.31,171.31,181.43,171.320007,171.31,171.31,169.63,97.25,181.43,171.31,171.31,171.31,171.31,143.16,171.31,171.31,214.19,165.0,171.31
2026-07-16 22:30:00+00:00,169.45,169.45,179.13,169.460007,169.45,169.45,169.63,95.1,179.13,169.45,169.45,169.45,169.45,139.98,169.45,169.45,214.19,165.0,169.45
2026-07-16 22:45:00+00:00,166.5,166.5,166.5,166.51,166.5,166.5,169.63,95.18,166.5,166.5,166.5,166.5,166.5,140.32,166.5,166.5,214.19,165.0,166.5
2026-07-16 23:00:00+00:00,167.0,167.0,167.0,167.01,167.0,167.0,151.01,95.23,167.0,167.0,167.0,167.0,167.0,138.82,167.0,167.0,178.895,159.06,167.0
2026-07-16 23:15:00+00:00,162.88,162.88,162.88,162.889999,162.88,162.88,151.01,94.44,162.88,162.88,161.0,162.88,164.46,137.94,162.88,162.88,178.895,159.06,162.88
2026-07-16 23:30:00+00:00,160.64,160.64,160.64,160.65,160.64,160.64,151.01,93.08,160.64,160.64,149.68,160.64,164.46,136.09,160.64,160.64,178.895,159.06,160.64
2026-07-16 23:45:00+00:00,155.28,155.28,155.28,155.29,155.28,155.28,151.01,91.17,155.28,155.28,117.35,155.28,164.05,133.2,155.28,155.28,178.895,159.06,155.28
2026-07-17 00:00:00+00:00,156.97,156.97,161.1,156.98,156.97,156.97,125.0,90.64,161.1,156.97,148.1,156.97,163.76,131.58,156.97,156.97,164.455,152.0,156.97
2026-07-17 00:15:00+00:00,153.0,153.0,160.0,153.01,153.0,153.0,125.0,89.4,160.0,153.0,128.7,153.0,163.52,129.75,153.0,153.0,164.455,152.0,153.0
2026-07-17 00:30:00+00:00,151.91,151.91,158.5,151.92,151.91,151.91,125.0,88.87,158.5,151.91,122.88,151.91,163.52,128.94,151.91,151.91,164.455,152.0,151.91
2026-07-17 00:45:00+00:00,146.02,146.02,150.0,146.020004,146.02,146.02,125.0,85.89,150.0,146.02,143.08,146.02,163.28,126.87,146.02,146.02,164.455,152.0,146.02
2026-07-17 01:00:00+00:00,148.0,148.0,157.5,148.01,148.0,148.0,117.0,87.52,157.5,148.0,130.3,148.0,163.28,126.87,148.0,148.0,161.0,148.15,148.0
2026-07-17 01:15:00+00:00,145.0,145.0,157.48,145.009995,145.0,145.0,117.0,85.87,157.48,145.0,122.88,145.0,163.28,124.43,145.0,145.0,161.0,148.15,145.0
2026-07-17 01:30:00+00:00,142.0,142.0,157.34,142.01,142.0,142.0,117.0,84.26,157.34,142.0,120.46,142.0,163.28,122.14,142.0,142.0,161.0,148.15,142.0
2026-07-17 01:45:00+00:00,140.76,140.76,157.36,141.66,140.76,140.76,117.0,84.28,157.36,140.76,131.01,140.76,163.04,122.23,140.76,140.76,161.0,148.15,140.76
2026-07-17 02:00:00+00:00,141.04,141.04,157.5,140.149994,141.04,141.04,124.04,79.87,157.5,141.04,132.4,141.04,162.88,126.98,141.04,141.04,152.885,148.93,141.04
2026-07-17 02:15:00+00:00,142.2,142.2,158.5,142.2,142.2,142.2,124.04,82.11,158.5,142.2,128.7,142.2,162.88,126.93,142.2,142.2,152.885,148.93,142.2
2026-07-17 02:30:00+00:00,142.35,142.35,151.1,142.36,142.35,142.35,124.04,82.75,151.1,142.35,131.37,142.35,162.88,126.9,142.35,142.35,152.885,148.93,142.35
2026-07-17 02:45:00+00:00,146.01,146.01,148.94,146.01,146.01,146.01,124.04,87.47,148.94,146.01,118.18,146.01,162.88,125.96,146.01,146.01,152.885,148.93,146.01
2026-07-17 03:00:00+00:00,150.12,150.65,155.09,150.47,150.14,145.4,130.02,87.73,155.09,150.22,110.86,150.92,162.81,128.62,141.66,149.84,147.295,157.12,140.48
2026-07-17 03:15:00+00:00,150.02,150.8,152.69,150.54,150.05,143.12,130.02,87.91,152.69,150.18,133.61,151.2,162.88,128.7,137.65,149.61,147.295,157.12,135.93
2026-07-17 03:30:00+00:00,152.51,152.85,152.51,152.740005,152.52,149.42,130.02,88.86,152.51,152.58,112.11,153.03,163.04,129.23,146.97,152.32,147.295,157.12,146.2
2026-07-17 03:45:00+00:00,158.67,158.75,158.67,158.789993,158.7,157.48,130.02,91.48,158.67,158.71,142.93,158.8,163.52,132.61,157.16,158.67,147.295,157.12,158.02
2026-07-17 04:00:00+00:00,161.5,162.2,161.37,162.5,161.71,151.02,163.01,93.09,161.37,161.77,139.76,162.67,164.0,138.42,148.3,161.45,156.36,168.1,155.81
2026-07-17 04:15:00+00:00,166.99,167.89,166.82,168.279999,167.26,153.49,163.01,93.54,166.82,167.34,167.94,168.5,164.0,138.56,149.99,166.92,156.36,168.1,159.67
2026-07-17 04:30:00+00:00,166.48,167.32,166.48,167.679993,166.73,153.92,163.01,94.01,166.48,166.81,167.36,167.88,166.04,137.52,150.67,166.41,156.36,168.1,159.67
2026-07-17 04:45:00+00:00,160.7,161.11,163.07,161.289993,160.82,154.48,163.01,98.63,163.07,160.86,161.13,161.39,166.5,137.91,152.87,160.67,156.36,168.1,157.33
2026-07-17 05:00:00+00:00,175.0,176.22,175.0,176.68,167.54,156.74,157.0,94.28,175.0,175.49,176.27,176.95,168.81,141.62,152.5,174.89,167.82,170.0,165.45
2026-07-17 05:15:00+00:00,169.75,170.8,175.98,171.190002,128.73,154.13,157.0,94.98,175.98,170.17,170.22,171.42,167.81,141.84,150.51,169.66,167.82,170.0,161.59
2026-07-17 05:30:00+00:00,163.4,163.58,175.14,160.88,128.13,160.73,157.0,95.88,175.14,163.47,111.33,163.68,166.5,139.67,160.11,163.38,167.82,170.0,162.0
2026-07-17 05:45:00+00:00,150.96,150.96,175.98,153.73,112.92,150.96,157.0,95.4,175.98,150.96,104.37,150.96,163.28,135.67,150.96,150.96,167.82,170.0,150.96
2026-07-17 06:00:00+00:00,172.98,173.12,181.43,175.37,110.0,155.19,117.0,90.75,181.43,171.68,108.01,174.77,167.81,138.51,160.78,122.7,179.025,159.8,167.81
2026-07-17 06:15:00+00:00,165.12,161.96,181.43,162.76,75.0,158.83,117.0,93.14,181.43,156.12,98.87,165.12,164.46,138.46,161.29,131.2,179.025,159.8,164.46
2026-07-17 06:30:00+00:00,154.64,149.04,181.43,155.34,75.0,152.04,117.0,92.0,181.43,137.09,106.01,154.73,156.69,134.86,154.02,134.47,179.025,159.8,156.69
2026-07-17 06:45:00+00:00,132.44,125.22,170.0,138.37,72.1,124.86,117.0,84.45,170.0,107.0,110.4,133.8,134.45,124.25,129.0,120.47,179.025,159.8,134.45
2026-07-17 07:00:00+00:00,150.0,150.0,181.43,147.309998,116.42,150.0,100.0,89.06,181.43,150.0,97.48,150.0,150.0,131.63,150.0,150.0,179.48,142.0,150.0
2026-07-17 07:15:00+00:00,138.69,138.75,181.43,138.630005,110.0,138.6,100.0,83.42,181.43,138.57,97.95,138.62,135.22,128.44,138.6,137.17,179.48,142.0,138.58
2026-07-17 07:30:00+00:00,134.35,134.45,178.86,134.26,75.0,134.23,100.0,79.92,178.86,134.17,98.86,134.25,121.61,124.2,134.22,131.96,179.48,142.0,134.18
2026-07-17 07:45:00+00:00,118.81,118.81,163.0,118.82,40.0,118.81,100.0,70.0,163.0,118.81,109.48,118.81,105.0,118.37,118.81,118.81,179.48,142.0,118.81
2026-07-17 08:00:00+00:00,148.62,148.62,168.46,148.63,78.0,148.62,68.99,88.88,168.46,148.62,106.7,148.62,120.0,128.82,148.62,148.62,149.55,122.59,148.62
2026-07-17 08:15:00+00:00,122.82,124.83,165.0,130.179993,59.49,131.9,68.99,78.04,165.0,118.79,98.87,130.95,110.0,120.37,132.4,127.05,149.55,122.59,133.2
2026-07-17 08:30:00+00:00,106.4,109.51,165.0,120.21,21.2,120.67,68.99,72.14,165.0,107.21,103.65,118.61,109.0,115.73,120.4,108.61,149.55,122.59,120.07
2026-07-17 08:45:00+00:00,106.3,108.2,161.54,112.11,0.01,112.41,68.99,57.37,161.54,106.63,106.25,111.63,101.44,111.15,112.34,103.92,149.55,122.59,112.25
2026-07-17 09:00:00+00:00,128.09,116.13,160.57,118.839996,40.0,121.75,80.04,71.27,160.57,95.01,106.25,120.7,109.0,116.35,122.59,139.69,136.95,118.46,124.18
2026-07-17 09:15:00+00:00,112.99,110.0,160.5,111.99,23.4,112.47,80.04,67.09,160.5,105.55,107.63,112.02,106.0,110.72,112.54,115.41,136.95,118.46,112.75
2026-07-17 09:30:00+00:00,113.0,108.84,161.54,111.48,21.3,112.07,80.04,68.91,161.54,103.6,107.63,111.61,102.0,110.61,112.21,116.3,136.95,118.46,112.53
2026-07-17 09:45:00+00:00,111.03,110.22,159.26,110.79,75.0,110.91,80.04,60.98,159.26,109.22,109.94,110.8,100.01,109.62,110.92,111.65,136.95,118.46,110.98
2026-07-17 10:00:00+00:00,117.69,106.14,157.0,111.08,75.0,113.07,91.0,68.24,157.0,90.99,104.36,112.25,99.4,109.55,113.7,127.33,125.255,115.94,114.93
2026-07-17 10:15:00+00:00,105.0,105.0,156.5,104.99,78.0,105.0,91.0,64.77,156.5,105.0,105.0,105.0,99.4,103.26,105.0,105.0,125.255,115.94,105.0
2026-07-17 10:30:00+00:00,100.0,100.0,157.75,99.99,78.0,100.0,91.0,62.84,157.75,100.0,100.0,100.0,99.0,98.5,100.0,100.0,125.255,115.94,100.0
2026-07-17 10:45:00+00:00,98.3,98.3,156.5,98.290001,98.3,98.3,91.0,61.25,156.5,98.3,98.3,98.3,98.3,96.75,98.3,98.3,125.255,115.94,98.3
2026-07-17 11:00:00+00:00,98.96,98.96,158.25,98.940002,98.96,98.96,95.0,61.51,158.25,98.96,98.96,98.96,98.96,97.32,98.96,98.96,121.08,107.81,98.96
2026-07-17 11:15:00+00:00,98.35,98.35,159.03,98.33,98.35,98.35,95.0,61.18,159.03,98.35,98.35,98.35,98.35,96.73,98.35,98.35,121.08,107.81,98.35
2026-07-17 11:30:00+00:00,97.81,97.81,149.0,97.769997,97.81,97.81,95.0,53.89,149.0,97.81,97.81,97.81,97.81,96.22,97.81,97.81,121.08,107.81,97.81
2026-07-17 11:45:00+00:00,97.68,97.68,140.39,97.639999,97.68,97.68,95.0,54.07,140.39,97.68,97.68,97.68,97.68,96.1,97.68,97.68,121.08,107.81,97.68
2026-07-17 12:00:00+00:00,97.94,97.94,159.25,97.92,75.0,97.94,95.99,61.44,159.25,97.94,97.94,97.94,97.94,96.42,97.94,97.94,119.05,108.9,97.94
2026-07-17 12:15:00+00:00,98.09,98.09,160.0,98.07,98.09,98.09,95.99,61.36,160.0,98.09,98.09,98.09,98.09,96.55,98.09,98.09,119.05,108.9,98.09
2026-07-17 12:30:00+00:00,98.41,98.41,160.0,98.37,98.41,98.41,95.99,55.4,160.0,98.41,98.41,98.41,98.2,96.84,98.41,98.41,119.05,108.9,98.41
2026-07-17 12:45:00+00:00,105.2,101.56,157.34,99.480003,103.32,99.36,95.99,62.48,157.34,103.42,101.45,99.27,98.09,97.83,99.47,103.38,119.05,108.9,99.75
2026-07-17 13:00:00+00:00,99.7,99.7,160.0,99.69,99.7,99.7,100.08,53.2,160.0,99.7,99.7,99.7,97.94,97.95,99.7,99.7,115.75,114.79,99.7
2026-07-17 13:15:00+00:00,105.3,105.3,162.56,105.3,105.3,105.3,100.08,64.53,162.56,105.3,105.3,105.3,97.81,103.55,105.3,105.3,115.75,114.79,105.3
2026-07-17 13:30:00+00:00,113.83,111.0,161.54,108.980003,65.82,106.06,100.08,66.01,161.54,112.51,110.86,108.98,97.68,106.77,111.7,112.6,115.75,114.79,111.41
2026-07-17 13:45:00+00:00,137.22,121.69,170.0,110.620003,115.1,103.18,100.08,68.01,170.0,131.73,121.03,109.94,97.68,108.11,117.28,134.99,115.75,114.79,117.54
2026-07-17 14:00:00+00:00,105.0,105.0,154.8,104.97,105.0,105.0,120.0,36.75,154.8,105.0,105.0,105.0,97.81,103.33,105.0,105.0,117.275,124.0,105.0
2026-07-17 14:15:00+00:00,114.19,112.67,160.0,111.629997,113.64,111.55,120.0,66.63,160.0,113.6,112.67,111.5,97.81,109.79,111.62,114.01,117.275,124.0,111.78
2026-07-17 14:30:00+00:00,125.17,121.13,166.7,117.349998,125.98,116.86,120.0,71.2,166.7,125.17,121.3,116.86,97.81,114.21,117.24,129.42,117.275,124.0,118.0
2026-07-17 14:45:00+00:00,144.68,135.81,161.16,126.57,147.48,124.79,120.0,78.25,161.16,145.87,136.29,125.44,97.94,116.83,125.44,157.72,117.275,124.0,125.44
2026-07-17 15:00:00+00:00,116.06,119.13,154.39,115.120003,126.3,114.73,144.0,68.21,154.39,124.82,119.62,114.66,97.88,110.65,115.05,133.52,127.085,138.1,116.01
2026-07-17 15:15:00+00:00,132.47,129.27,155.0,124.49,153.96,122.57,144.0,76.59,155.0,152.77,135.16,122.57,98.07,113.92,123.09,152.77,127.085,138.1,124.68
2026-07-17 15:30:00+00:00,140.9,135.93,161.05,134.89,168.47,130.5,144.0,83.51,161.05,168.06,145.14,130.51,98.2,121.05,130.99,161.05,127.085,138.1,132.49
2026-07-17 15:45:00+00:00,161.64,143.69,171.0,146.14,192.71,141.79,144.0,89.69,171.0,226.51,171.25,141.96,98.2,129.17,142.27,182.38,127.085,138.1,143.94
2026-07-17 16:00:00+00:00,140.79,134.24,175.98,129.76,169.65,122.92,190.03,81.35,175.98,168.87,141.84,122.92,98.3,119.29,123.29,171.82,138.91,144.81,125.0
2026-07-17 16:15:00+00:00,171.84,155.61,187.59,143.45,192.11,137.9,190.03,89.05,187.59,192.38,173.9,137.9,103.0,128.06,138.44,190.31,138.91,144.81,141.0
2026-07-17 16:30:00+00:00,178.94,169.86,200.0,146.309998,208.93,142.41,190.03,92.24,200.0,216.19,211.1,141.12,110.01,130.73,143.49,216.19,138.91,144.81,146.91
2026-07-17 16:45:00+00:00,188.54,174.67,194.33,154.460007,213.48,149.33,190.03,95.79,194.33,252.26,207.69,148.38,120.0,137.47,150.41,247.63,138.91,144.81,153.96
2026-07-17 17:00:00+00:00,178.9,164.74,187.3,156.399994,184.16,145.65,227.0,96.36,187.3,183.76,186.32,144.82,101.44,136.56,146.29,185.44,160.855,162.8,148.14
2026-07-17 17:15:00+00:00,178.92,176.08,198.87,162.690002,189.03,153.84,227.0,97.64,198.87,196.08,213.21,152.97,120.0,141.35,154.55,197.33,160.855,162.8,157.11
2026-07-17 17:30:00+00:00,178.93,185.37,200.0,164.58,208.83,149.76,227.0,97.56,200.0,208.46,259.23,151.79,147.7,141.3,150.0,202.0,160.855,162.8,156.32
2026-07-17 17:45:00+00:00,183.03,191.71,207.15,166.14,211.31,157.94,227.0,97.07,207.15,216.84,275.0,154.55,162.8,141.88,159.48,209.53,160.855,162.8,162.8
2026-07-17 18:00:00+00:00,173.05,167.87,196.5,159.809998,189.75,150.9,252.04,98.89,196.5,257.06,252.05,148.35,140.0,139.29,152.18,212.43,173.46,177.48,155.12
2026-07-17 18:15:00+00:00,171.17,167.72,199.5,160.669998,205.65,157.88,252.04,98.15,198.25,257.85,243.03,155.75,161.3,139.84,158.92,211.55,173.46,177.48,161.3
2026-07-17 18:30:00+00:00,173.83,169.46,198.0,164.34,194.19,163.66,252.04,97.23,197.5,256.74,234.85,161.92,166.5,141.3,164.52,211.84,173.46,177.48,166.5
2026-07-17 18:45:00+00:00,178.55,174.96,198.5,171.03,202.91,171.47,252.04,96.74,197.0,241.42,222.86,170.24,173.52,142.14,172.09,207.22,173.46,177.48,173.52
2026-07-17 19:00:00+00:00,168.51,157.53,195.11,166.75,160.04,166.01,242.0,100.78,195.11,282.1,217.58,165.0,167.99,142.59,166.56,218.4,175.375,176.21,167.99
2026-07-17 19:15:00+00:00,167.04,155.21,193.43,167.02,169.07,166.34,242.0,99.19,193.43,281.95,211.46,165.36,167.99,140.61,166.84,217.11,175.375,176.21,167.99
2026-07-17 19:30:00+00:00,165.61,153.86,186.63,169.91,214.18,169.09,242.0,97.59,186.63,262.84,190.49,168.84,169.81,140.07,169.26,206.99,175.375,176.21,169.81
2026-07-17 19:45:00+00:00,166.38,159.59,178.53,168.87,210.41,168.39,242.0,96.06,178.53,222.57,180.76,168.25,168.81,139.5,168.49,190.3,175.375,176.21,168.81
2026-07-17 20:00:00+00:00,165.0,151.63,179.83,169.91,205.92,168.98,194.56,99.36,179.83,276.28,193.18,168.71,169.81,141.54,169.18,212.44,170.795,169.83,169.81
2026-07-17 20:15:00+00:00,163.56,156.67,175.98,166.089996,197.68,165.61,194.56,98.26,175.98,220.94,178.09,165.47,166.04,140.7,165.72,188.02,170.795,169.83,166.04
2026-07-17 20:30:00+00:00,163.66,160.48,169.41,164.839996,189.73,164.61,194.56,95.05,169.41,190.19,170.38,164.55,164.81,138.6,164.66,174.97,170.795,169.83,164.81
2026-07-17 20:45:00+00:00,159.12,156.05,164.66,160.25,184.25,160.03,194.56,93.63,164.66,184.7,165.6,159.97,160.22,137.12,160.08,170.02,170.795,169.83,160.22
2026-07-17 21:00:00+00:00,174.19,163.84,174.19,162.699997,176.58,163.18,162.8,94.77,174.19,177.6,164.17,162.97,164.0,136.6,163.44,174.91,159.585,159.03,164.0
2026-07-17 21:15:00+00:00,165.0,161.12,165.0,160.619995,165.75,160.78,162.8,92.41,165.0,166.12,161.24,160.71,161.08,135.56,160.88,165.16,159.585,159.03,161.08
2026-07-17 21:30:00+00:00,159.04,159.04,160.64,158.67,159.04,159.04,162.8,91.75,160.64,159.04,159.04,159.04,159.04,135.41,159.04,159.04,159.585,159.03,159.04
2026-07-17 21:45:00+00:00,150.48,150.48,155.35,150.86,150.48,150.48,162.8,87.69,155.35,150.48,150.48,150.48,150.48,129.27,150.48,150.48,159.585,159.03,150.48
2026-07-17 22:00:00+00:00,168.41,168.41,175.0,154.21,168.41,168.41,158.0,90.31,175.0,168.41,168.41,168.41,168.41,138.36,168.41,168.41,176.62,154.01,168.41
2026-07-17 22:15:00+00:00,160.98,159.1,180.0,157.23,167.18,160.22,158.0,88.51,180.0,167.68,160.06,160.15,160.41,139.1,160.28,164.18,176.62,154.01,160.41
2026-07-17 22:30:00+00:00,151.24,151.24,179.83,151.24,151.24,151.24,158.0,82.53,179.83,151.24,151.24,151.24,157.45,136.75,151.24,151.24,176.62,154.01,151.24
2026-07-17 22:45:00+00:00,145.0,145.0,167.81,145.0,145.0,145.0,158.0,77.18,167.81,145.0,145.0,145.0,154.88,133.64,145.0,145.0,176.62,154.01,145.0
2026-07-17 23:00:00+00:00,152.94,152.94,175.63,152.95,152.94,152.94,146.04,88.05,175.63,152.94,152.94,152.94,157.55,132.82,152.94,152.94,163.0,149.0,152.94
2026-07-17 23:15:00+00:00,146.81,146.81,168.0,146.81,146.81,146.81,146.04,81.57,168.0,146.81,146.81,146.81,157.45,131.86,146.81,146.81,163.0,149.0,146.81
2026-07-17 23:30:00+00:00,144.34,143.31,160.2,143.25,145.0,143.43,146.04,77.45,160.2,145.22,142.76,143.38,156.46,131.0,143.48,144.78,163.0,149.0,143.57
2026-07-17 23:45:00+00:00,138.39,138.39,156.44,138.39,138.39,138.39,146.04,74.5,156.44,138.39,138.39,138.39,155.3,130.49,138.39,138.39,163.0,149.0,138.39
2026-07-18 00:00:00+00:00,146.13,146.13,169.11,146.13,146.13,146.13,139.0,83.07,169.11,146.13,146.13,146.13,158.0,131.38,146.13,146.13,156.79,141.8,146.13
2026-07-18 00:15:00+00:00,142.61,142.61,161.42,142.61,142.61,142.61,139.0,79.63,161.42,142.61,142.61,142.61,156.46,130.84,142.61,142.61,156.79,141.8,142.61
2026-07-18 00:30:00+00:00,139.09,139.09,159.06,139.09,139.09,139.09,139.0,76.32,159.06,139.09,139.09,139.09,155.3,130.52,139.09,139.09,156.79,141.8,139.09
2026-07-18 00:45:00+00:00,140.17,140.17,150.41,140.17,140.17,140.17,139.0,76.0,150.41,140.17,140.17,140.17,154.88,130.79,140.17,140.17,156.79,141.8,140.17
2026-07-18 01:00:00+00:00,137.21,137.21,168.0,137.21,137.21,137.21,134.0,75.14,168.0,137.21,137.21,137.21,155.3,128.94,137.21,137.21,155.47,135.0,137.21
2026-07-18 01:15:00+00:00,135.55,135.55,167.48,135.55,135.55,135.55,134.0,73.64,167.48,135.55,135.55,135.55,154.88,127.64,135.55,135.55,155.47,135.0,135.55
2026-07-18 01:30:00+00:00,135.0,135.0,167.34,132.0,135.0,135.0,134.0,71.37,167.34,135.0,135.0,135.0,154.88,127.23,135.0,135.0,155.47,135.0,135.0
2026-07-18 01:45:00+00:00,133.44,133.44,167.36,126.08,133.44,133.44,134.0,68.39,167.36,133.44,133.44,133.44,154.88,125.64,133.44,133.44,155.47,135.0,133.44
2026-07-18 02:00:00+00:00,137.45,137.41,173.0,136.89,137.42,137.6,132.0,75.14,173.0,137.42,137.37,137.22,154.79,126.23,137.55,137.43,153.47,130.51,137.52
2026-07-18 02:15:00+00:00,142.45,135.82,170.78,135.68,148.51,137.71,132.0,73.8,170.78,150.0,134.26,136.92,154.79,125.42,137.94,146.27,153.47,130.51,138.41
2026-07-18 02:30:00+00:00,136.23,134.55,170.0,130.12,137.74,135.12,132.0,70.65,170.0,138.11,134.13,134.72,154.79,124.51,135.15,137.18,153.47,130.51,135.25
2026-07-18 02:45:00+00:00,130.38,130.38,166.22,118.16,130.38,130.39,132.0,64.08,166.22,130.38,130.38,130.38,154.79,122.73,130.39,130.38,153.47,130.51,130.39
2026-07-18 03:00:00+00:00,142.3,142.13,173.09,125.74,142.16,143.05,130.04,67.35,173.09,142.15,141.92,141.07,154.79,119.81,142.83,142.23,149.23,129.21,142.68
2026-07-18 03:15:00+00:00,134.73,134.63,172.85,123.72,134.65,135.17,130.04,65.35,172.85,134.64,134.51,134.01,154.79,118.84,135.04,134.69,149.23,129.21,134.95
2026-07-18 03:30:00+00:00,131.0,130.93,162.51,122.02,130.94,131.34,130.04,64.72,162.51,130.94,130.83,130.45,154.88,117.36,131.24,130.98,149.23,129.21,131.17
2026-07-18 03:45:00+00:00,123.5,123.48,161.42,118.09,123.49,123.55,130.04,64.61,161.42,123.49,123.47,123.41,154.88,115.85,123.54,123.49,149.23,129.21,123.52
2026-07-18 04:00:00+00:00,132.49,132.37,170.9,120.13,132.4,133.0,115.0,65.28,170.9,132.39,132.22,131.63,155.55,115.54,132.85,132.45,143.04,125.69,132.74
2026-07-18 04:15:00+00:00,129.98,129.88,175.6,119.36,129.9,130.4,115.0,62.55,175.6,129.9,129.76,129.26,156.46,114.93,130.28,129.94,143.04,125.69,130.19
2026-07-18 04:30:00+00:00,127.67,127.6,171.0,119.13,127.62,127.99,115.0,64.71,171.0,127.61,127.51,127.13,156.46,114.21,127.9,127.65,143.04,125.69,127.83
2026-07-18 04:45:00+00:00,118.01,118.01,162.5,118.02,118.01,118.01,115.0,63.33,162.5,118.01,118.01,118.01,157.21,112.31,118.01,118.01,143.04,125.69,118.01
2026-07-18 05:00:00+00:00,152.9,152.58,171.5,124.65,152.66,154.46,91.3,59.43,171.5,152.64,152.16,150.08,158.04,114.41,154.01,152.8,137.795,119.02,153.69
2026-07-18 05:15:00+00:00,120.81,120.8,166.66,120.63,120.81,120.87,91.3,63.32,166.66,120.8,120.79,120.72,155.3,113.53,120.85,120.81,137.795,119.02,120.84
2026-07-18 05:30:00+00:00,109.52,109.52,158.7,109.52,109.52,109.52,91.3,57.03,158.7,109.52,109.52,109.52,153.3,109.33,109.52,109.52,137.795,119.02,109.52
2026-07-18 05:45:00+00:00,96.88,96.88,178.79,96.88,96.88,96.88,91.3,47.89,178.79,96.88,103.53,96.88,150.02,103.97,96.88,96.88,137.795,119.02,96.88
2026-07-18 06:00:00+00:00,127.94,108.29,168.0,118.83,110.0,122.73,62.92,61.24,168.0,121.79,117.45,119.62,146.35,111.34,122.82,124.37,141.235,107.66,122.28
2026-07-18 06:15:00+00:00,106.87,106.87,154.22,106.87,25.3,106.87,62.92,58.99,154.22,106.87,118.0,106.87,119.0,106.51,106.87,106.87,141.235,107.66,106.87
2026-07-18 06:30:00+00:00,91.03,91.03,145.97,91.03,12.77,91.03,62.92,46.59,145.97,91.03,126.66,91.03,101.6,98.96,91.03,91.03,141.235,107.66,91.03
2026-07-18 06:45:00+00:00,78.31,68.69,139.59,71.88,11.01,73.25,62.92,35.51,139.59,59.75,126.62,72.65,84.01,83.65,73.7,84.69,141.235,107.66,74.57
2026-07-18 07:00:00+00:00,82.67,82.67,173.68,82.64,15.5,82.67,39.04,20.05,173.68,82.67,108.14,82.67,82.67,86.43,82.67,82.67,138.18,63.0,82.67
2026-07-18 07:15:00+00:00,58.6,58.44,161.42,57.93,24.59,60.83,39.04,17.08,161.42,58.51,109.52,58.07,69.9,71.43,60.1,58.59,138.18,63.0,59.4
2026-07-18 07:30:00+00:00,27.97,27.97,137.33,27.97,27.97,27.97,39.04,16.57,137.33,27.97,107.67,27.97,30.0,53.37,27.97,27.97,138.18,63.0,27.97
2026-07-18 07:45:00+00:00,11.0,11.0,130.8,11.21,11.0,11.0,39.04,10.89,130.8,11.0,104.91,11.0,11.0,43.63,11.0,11.0,138.18,63.0,11.0
2026-07-18 08:00:00+00:00,22.02,21.91,140.3,21.6,21.98,23.15,25.0,16.74,140.3,21.97,89.52,21.82,22.99,46.34,24.3,22.03,128.78,18.1,22.99
2026-07-18 08:15:00+00:00,11.96,11.96,127.55,11.96,11.96,11.96,25.0,11.81,127.55,11.96,69.0,11.96,11.96,40.64,11.96,11.96,128.78,18.1,11.96
2026-07-18 08:30:00+00:00,4.99,4.99,120.0,6.08,4.99,4.99,25.0,6.95,120.0,4.99,42.79,4.99,4.99,35.85,4.99,4.99,128.78,18.1,4.99
2026-07-18 08:45:00+00:00,5.14,3.03,110.95,4.65,3.95,1.86,25.0,7.49,110.95,4.0,42.8,1.1,2.08,33.39,2.53,4.1,128.78,18.1,2.08
2026-07-18 09:00:00+00:00,8.78,4.63,138.34,4.95,7.17,0.87,15.03,8.19,138.34,7.11,31.27,0.06,1.49,34.58,1.4,8.1,115.7,5.01,1.49
2026-07-18 09:15:00+00:00,8.78,4.59,130.0,5.36,7.15,0.85,15.03,9.05,130.0,7.09,22.71,0.0,1.5,34.36,1.48,8.09,115.7,5.01,1.5
2026-07-18 09:30:00+00:00,8.4,4.94,126.03,4.95,8.32,0.33,15.03,8.77,126.03,8.0,4.24,-0.01,1.2,32.88,0.66,10.14,115.7,5.01,1.2
2026-07-18 09:45:00+00:00,9.26,5.13,126.03,4.67,9.99,0.29,15.03,8.4,126.03,7.99,4.34,-0.07,1.22,32.34,0.65,11.13,115.7,5.01,1.22
2026-07-18 10:00:00+00:00,7.31,3.22,142.14,4.43,10.0,0.05,15.22,7.98,142.14,3.99,2.56,-0.04,0.72,32.45,0.25,8.45,103.935,1.99,0.72
2026-07-18 10:15:00+00:00,4.17,1.55,140.14,4.28,10.21,0.01,15.22,7.74,140.14,1.13,1.16,-0.07,0.46,32.21,0.15,7.68,103.935,1.99,0.46
2026-07-18 10:30:00+00:00,2.96,0.9,137.33,3.96,10.33,-0.01,15.22,7.15,137.33,0.02,0.61,-0.1,0.36,32.52,0.1,7.41,103.935,1.99,0.36
2026-07-18 10:45:00+00:00,3.21,0.89,137.33,3.95,11.0,-0.1,15.22,7.06,137.33,0.01,0.57,-0.29,0.25,32.38,-0.03,7.89,103.935,1.99,0.25
2026-07-18 11:00:00+00:00,5.0,1.91,143.5,3.95,10.74,-0.65,15.22,7.46,143.5,2.15,1.28,-0.96,0.0,31.49,-0.35,8.45,112.09,-3.79,0.0
2026-07-18 11:15:00+00:00,4.82,1.78,143.33,3.91,11.0,-0.88,15.22,7.43,143.33,1.91,1.16,-1.0,0.0,31.88,-0.28,8.56,112.09,-3.79,0.0
2026-07-18 11:30:00+00:00,5.35,1.96,146.55,3.89,12.78,-0.96,15.22,7.44,146.55,2.0,1.27,-1.09,0.0,31.85,-0.35,9.87,112.09,-3.79,-0.01
2026-07-18 11:45:00+00:00,5.8,1.94,144.96,3.64,13.44,-1.4,15.22,7.37,144.96,2.15,1.16,-1.61,0.0,31.47,-0.04,10.43,112.09,-3.79,-0.01
2026-07-18 12:00:00+00:00,8.52,3.4,146.74,3.6,12.77,-1.37,18.0,7.41,146.74,4.83,2.31,-1.86,0.0,30.86,-0.24,10.82,101.425,-4.41,-0.01
2026-07-18 12:15:00+00:00,9.26,3.73,145.93,3.7,13.74,-1.48,18.0,7.67,145.93,5.33,2.54,-2.01,0.0,31.06,-0.27,11.74,101.425,-4.41,-0.01
2026-07-18 12:30:00+00:00,10.65,5.01,146.5,3.91,12.78,-1.51,18.0,7.93,146.5,8.53,3.84,-2.01,0.0,31.14,-0.7,13.77,101.425,-4.41,-0.01
2026-07-18 12:45:00+00:00,13.48,6.91,151.05,3.58,15.0,-1.85,18.0,7.38,151.05,12.36,5.58,-2.09,0.0,33.16,-1.35,18.28,101.425,-4.41,-0.01
2026-07-18 13:00:00+00:00,-5.0,3.08,145.0,3.52,13.47,-1.68,41.49,7.04,145.0,10.2,3.57,-2.02,0.0,37.02,-1.24,24.55,87.175,1.0,0.0
2026-07-18 13:15:00+00:00,-0.09,4.65,143.9,3.53,14.99,-1.91,41.49,7.13,143.9,12.13,4.64,-2.24,0.0,36.86,-1.41,25.07,87.175,1.0,0.0
2026-07-18 13:30:00+00:00,14.62,9.62,156.0,3.77,20.0,-2.35,41.49,7.62,156.0,18.31,8.15,-2.66,0.29,36.64,-1.64,27.32,87.175,1.0,0.29
2026-07-18 13:45:00+00:00,1.37,13.52,170.5,3.98,40.83,-4.0,41.49,9.09,170.5,33.33,13.46,-4.87,1.08,35.8,-2.65,67.35,87.175,1.0,1.08
2026-07-18 14:00:00+00:00,1.33,5.88,158.47,3.89,18.04,-1.68,80.05,7.74,158.47,14.81,7.01,-2.01,0.51,33.42,-1.11,29.6,83.915,15.8,0.51
2026-07-18 14:15:00+00:00,0.01,19.69,156.0,4.95,65.82,-0.89,80.05,9.39,156.0,53.43,23.29,-2.02,1.09,34.45,-0.19,109.51,83.915,15.8,1.09
2026-07-18 14:30:00+00:00,73.16,46.0,171.0,5.0,106.0,-0.53,80.05,10.0,171.0,96.49,46.46,-1.91,1.15,35.18,0.26,146.19,83.915,15.8,1.15
2026-07-18 14:45:00+00:00,88.02,53.59,189.78,5.98,120.0,0.25,80.05,12.35,189.78,110.01,53.74,-1.1,1.15,36.09,0.97,163.12,83.915,15.8,1.15
2026-07-18 15:00:00+00:00,78.79,56.13,172.96,4.99,110.52,-0.19,131.01,10.12,172.96,101.15,85.76,-0.45,1.68,36.17,1.13,149.08,89.855,40.93,1.68
2026-07-18 15:15:00+00:00,95.16,65.25,194.54,5.06,127.78,0.22,131.01,10.05,194.54,117.79,96.19,-0.01,1.99,36.65,1.65,168.83,89.855,40.93,1.99
2026-07-18 15:30:00+00:00,127.55,70.13,194.54,5.37,163.3,0.22,131.01,10.79,194.54,155.37,106.66,0.0,2.76,36.81,1.9,179.23,89.855,40.93,2.76
2026-07-18 15:45:00+00:00,138.65,75.04,201.0,6.39,174.3,3.2,131.01,10.8,201.0,166.67,152.24,2.19,5.88,36.02,5.88,186.9,89.855,40.93,5.88
2026-07-18 16:00:00+00:00,89.34,49.33,185.0,5.89,173.3,3.53,147.03,10.05,185.0,149.75,126.74,1.38,16.55,50.14,7.04,174.04,112.235,108.6,16.55
2026-07-18 16:15:00+00:00,122.34,72.98,188.09,41.84,193.58,41.54,147.03,19.07,188.09,172.72,140.3,39.69,48.86,69.75,43.28,183.62,112.235,108.6,48.86
2026-07-18 16:30:00+00:00,152.9,107.91,205.0,82.2,187.17,84.43,147.03,30.72,205.0,180.72,123.41,82.52,79.01,90.8,87.07,180.97,112.235,108.6,87.07
2026-07-18 16:45:00+00:00,164.57,123.08,202.2,99.39,195.87,101.89,147.03,57.63,202.2,193.29,138.58,100.1,84.15,100.41,104.37,193.29,112.235,108.6,104.37
2026-07-18 17:00:00+00:00,123.07,115.25,190.0,85.98,152.61,90.23,158.05,57.88,190.0,145.65,131.55,87.96,82.5,96.68,93.11,174.79,135.6,118.5,93.11
2026-07-18 17:15:00+00:00,152.9,136.44,208.31,105.94,158.1,111.96,158.05,58.9,208.31,166.67,144.8,110.59,98.01,107.16,113.68,193.91,135.6,118.5,116.02
2026-07-18 17:30:00+00:00,152.9,144.94,192.85,112.28,172.98,119.02,158.05,62.67,192.85,168.78,170.54,117.24,106.2,111.76,120.6,184.3,135.6,118.5,124.08
2026-07-18 17:45:00+00:00,154.24,153.15,207.15,117.87,183.14,126.99,158.05,65.69,207.15,177.7,182.27,125.01,125.0,115.86,128.7,196.93,135.6,118.5,132.4
2026-07-18 18:00:00+00:00,145.0,139.24,191.65,116.6,150.3,121.92,168.03,65.12,191.65,184.39,174.87,120.49,119.78,114.69,123.42,189.27,154.45,131.5,126.74
2026-07-18 18:15:00+00:00,152.9,145.07,191.24,124.83,152.5,131.32,168.03,69.68,191.24,195.5,183.16,129.99,135.7,120.8,132.71,192.93,154.45,131.5,135.7
2026-07-18 18:30:00+00:00,148.81,150.88,203.35,125.43,133.84,138.06,168.03,69.58,203.35,182.14,207.06,135.66,144.43,123.78,140.36,196.09,154.45,131.5,144.43
2026-07-18 18:45:00+00:00,153.0,164.82,204.0,126.92,133.31,145.48,168.03,70.41,204.0,186.61,217.19,142.54,151.28,126.09,147.58,197.93,154.45,131.5,151.28
2026-07-18 19:00:00+00:00,153.0,148.34,201.06,137.86,145.0,144.95,161.0,76.24,201.06,184.93,180.35,143.14,150.0,126.65,145.65,169.97,161.7,141.28,146.93
2026-07-18 19:15:00+00:00,150.31,139.69,193.26,133.17,145.0,144.4,161.0,73.57,193.26,208.49,181.1,142.73,152.0,127.21,145.04,181.33,161.7,141.28,146.36
2026-07-18 19:30:00+00:00,146.02,124.19,188.8,134.4,145.0,147.28,161.0,74.46,188.8,250.0,175.96,145.49,154.3,128.06,147.49,201.62,161.7,141.28,148.45
2026-07-18 19:45:00+00:00,154.07,148.43,185.0,133.93,145.1,155.17,161.0,70.47,185.0,180.0,161.2,152.44,155.08,128.36,155.0,167.95,161.7,141.28,155.08
2026-07-18 20:00:00+00:00,154.96,150.13,203.75,138.87,184.25,155.51,155.0,76.33,203.75,176.69,161.92,153.58,155.55,130.93,155.42,167.13,168.23,145.88,155.55
2026-07-18 20:15:00+00:00,154.28,150.89,185.0,137.48,174.17,155.13,155.0,76.01,185.0,168.99,158.46,153.09,154.98,130.16,154.97,162.53,168.23,145.88,154.98
2026-07-18 20:30:00+00:00,154.1,149.8,179.83,142.89,179.65,154.96,155.0,80.16,179.83,173.01,159.57,152.97,154.88,129.35,154.82,164.7,168.23,145.88,154.88
2026-07-18 20:45:00+00:00,151.15,147.87,178.63,137.32,170.57,151.84,155.0,76.62,178.63,165.52,155.29,150.21,151.76,129.22,151.73,159.21,168.23,145.88,151.76
2026-07-18 21:00:00+00:00,151.24,146.49,190.0,137.3,179.94,151.99,153.0,76.9,190.0,172.43,157.57,150.41,152.0,128.97,151.9,163.08,167.9,135.0,152.0
2026-07-18 21:15:00+00:00,149.61,148.34,184.27,136.57,156.69,150.19,153.0,73.38,184.27,154.82,151.0,148.79,150.0,128.48,150.05,152.53,167.9,135.0,150.0
2026-07-18 21:30:00+00:00,147.41,147.33,177.73,137.04,147.35,147.81,153.0,76.42,177.73,147.34,147.22,146.79,147.62,128.91,147.7,147.39,167.9,135.0,147.62
2026-07-18 21:45:00+00:00,137.06,137.06,168.0,134.6,137.06,137.06,153.0,75.09,168.0,137.06,137.06,137.06,137.06,127.05,137.06,137.06,167.9,135.0,137.06
2026-07-18 22:00:00+00:00,145.59,145.59,180.0,142.97,145.59,145.59,135.0,58.6,180.0,145.59,145.59,145.59,166.0,136.33,145.59,145.59,207.22,133.77,145.59
2026-07-18 22:15:00+00:00,142.6,142.6,185.0,140.04,142.6,142.6,135.0,48.85,185.0,142.6,142.6,142.6,163.13,134.03,142.6,142.6,207.22,133.77,142.6
2026-07-18 22:30:00+00:00,135.63,135.63,185.0,133.19,135.63,135.63,135.0,35.91,185.0,135.63,135.63,135.63,163.13,128.12,135.63,135.63,207.22,133.77,135.63
2026-07-18 22:45:00+00:00,130.97,130.97,179.83,128.610001,130.97,130.97,135.0,24.03,179.83,130.97,130.97,130.97,158.04,125.19,130.97,130.97,207.22,133.77,130.97
2026-07-18 23:00:00+00:00,135.0,135.0,185.0,132.580002,135.0,135.0,123.79,42.7,185.0,135.0,135.0,135.0,163.13,127.02,135.0,135.0,218.95,123.89,135.0
2026-07-18 23:15:00+00:00,132.23,132.23,180.0,129.850006,132.23,132.23,123.79,31.96,180.0,132.23,132.23,132.23,162.57,125.15,132.23,132.23,218.95,123.89,132.23
2026-07-18 23:30:00+00:00,130.06,130.06,178.63,127.72,130.06,130.06,123.79,12.69,178.63,130.06,130.06,130.06,160.07,123.97,130.06,130.06,218.95,123.89,130.06
2026-07-18 23:45:00+00:00,125.68,125.68,173.99,123.41,125.68,125.68,123.79,10.01,173.99,125.68,125.68,125.68,157.21,120.26,125.68,125.68,218.95,123.89,125.68
2026-07-19 00:00:00+00:00,127.55,127.55,185.0,125.26,127.55,127.55,115.04,13.54,185.0,127.55,127.55,127.55,161.86,121.24,127.55,127.55,202.195,119.88,127.55
2026-07-19 00:15:00+00:00,122.31,122.31,178.63,120.11,122.31,122.31,115.04,8.77,178.63,122.31,122.31,122.31,159.0,116.82,122.31,122.31,202.195,119.88,122.31
2026-07-19 00:30:00+00:00,120.85,120.85,176.99,118.67,120.85,120.85,115.04,8.01,176.99,120.85,120.85,120.85,157.18,115.4,120.85,120.85,202.195,119.88,120.85
2026-07-19 00:45:00+00:00,116.96,116.93,167.95,114.78,116.95,116.84,115.04,6.95,167.95,116.95,116.93,116.89,157.18,113.54,116.83,116.97,202.195,119.88,116.14
2026-07-19 01:00:00+00:00,121.07,121.07,161.92,118.89,121.07,121.07,115.02,6.95,143.5,121.07,121.07,121.07,156.5,115.21,121.07,121.07,225.015,118.49,121.07
2026-07-19 01:15:00+00:00,120.09,120.09,166.5,120.089996,120.09,120.09,115.02,6.75,146.2,120.09,120.09,120.09,155.0,114.5,120.09,120.09,225.015,118.49,120.09
2026-07-19 01:30:00+00:00,119.01,118.98,164.59,118.94,119.0,118.88,115.02,5.84,160.29,119.0,118.97,118.93,155.0,113.37,118.86,119.02,225.015,118.49,118.08
2026-07-19 01:45:00+00:00,116.47,116.06,143.5,115.57,116.36,114.78,115.02,5.5,143.5,116.31,116.01,115.5,155.0,111.3,114.57,116.56,225.015,118.49,104.76
2026-07-19 02:00:00+00:00,123.14,121.59,169.6,119.75,122.71,116.88,111.03,5.56,169.6,122.52,121.42,119.53,152.07,115.3,116.13,123.47,215.635,114.96,80.06
2026-07-19 02:15:00+00:00,120.07,118.4,160.29,116.339996,119.57,112.6,111.03,4.64,160.29,119.37,118.19,116.11,152.07,115.26,113.11,120.37,215.635,114.96,79.93
2026-07-19 02:30:00+00:00,115.35,114.72,158.21,113.94,115.16,112.52,111.03,3.46,158.21,115.08,114.64,113.85,154.78,115.03,112.71,115.46,215.635,114.96,100.15
2026-07-19 02:45:00+00:00,112.17,111.93,151.9,111.639999,112.1,111.12,111.03,3.16,151.9,112.07,111.91,111.61,155.0,112.94,111.19,112.21,215.635,114.96,106.53
2026-07-19 03:00:00+00:00,120.01,117.25,179.83,113.599998,119.1,107.59,85.1,2.67,179.83,118.78,116.85,113.18,157.15,113.79,104.5,120.37,199.17,112.1,72.57
2026-07-19 03:15:00+00:00,115.22,113.16,176.67,110.42,114.54,105.92,85.1,2.67,176.67,114.3,112.85,110.1,157.15,110.89,103.54,115.49,199.17,112.1,80.09
2026-07-19 03:30:00+00:00,111.8,110.61,161.42,109.120003,111.45,106.42,85.1,2.65,161.42,111.3,110.45,108.94,157.15,110.03,106.69,112.02,199.17,112.1,83.42
2026-07-19 03:45:00+00:00,106.17,105.87,142.08,105.489998,106.08,104.81,85.1,3.63,142.08,106.04,105.83,105.45,158.55,106.96,104.9,106.23,199.17,112.1,98.84
2026-07-19 04:00:00+00:00,115.09,112.88,145.62,109.940002,114.36,105.13,65.0,3.11,145.62,114.11,112.55,109.53,158.55,108.52,102.42,115.36,191.455,109.13,78.29
2026-07-19 04:15:00+00:00,112.22,108.87,144.59,104.41,111.11,97.11,65.0,3.11,144.59,110.73,108.37,103.79,160.07,104.6,93.0,112.63,191.455,109.13,56.42
2026-07-19 04:30:00+00:00,110.59,106.87,152.69,101.91,109.36,93.81,65.0,2.35,152.69,108.94,106.31,101.23,162.57,102.05,89.25,111.05,191.455,109.13,48.62
2026-07-19 04:45:00+00:00,106.01,100.78,143.5,93.220001,104.27,82.4,65.0,2.33,143.5,103.69,99.99,92.84,163.13,94.15,75.99,106.65,191.455,109.13,18.83
2026-07-19 05:00:00+00:00,113.81,108.42,161.42,100.779999,112.05,88.4,69.99,2.41,161.42,111.45,107.69,100.73,166.0,99.7,76.64,114.55,200.92,94.41,17.32
2026-07-19 05:15:00+00:00,103.47,98.77,149.7,92.2,101.94,81.33,69.99,1.85,149.7,101.41,98.13,92.07,160.07,92.2,71.08,104.11,200.92,94.41,19.4
2026-07-19 05:30:00+00:00,100.36,95.37,160.35,88.2,98.73,76.83,69.99,1.87,160.35,98.18,99.51,88.25,152.07,88.23,65.94,101.05,200.92,94.41,11.01
2026-07-19 05:45:00+00:00,82.5,78.49,175.98,72.79,81.2,63.63,69.99,2.1,175.98,80.75,91.06,72.79,135.1,76.68,55.43,83.06,200.92,94.41,9.33
2026-07-19 06:00:00+00:00,82.2,78.87,175.98,74.35,81.09,66.47,59.05,1.49,175.98,80.72,78.41,74.18,129.49,80.77,59.99,82.65,196.14,51.07,19.37
2026-07-19 06:15:00+00:00,66.22,62.68,175.98,57.43,65.03,49.43,59.05,1.33,175.98,64.64,62.18,57.66,110.0,70.09,41.55,66.68,196.14,51.07,1.91
2026-07-19 06:30:00+00:00,33.98,32.45,175.97,30.3,27.79,26.75,59.05,1.44,175.97,33.3,32.23,30.29,98.96,53.16,23.79,34.18,196.14,51.07,5.06
2026-07-19 06:45:00+00:00,11.98,11.36,157.99,10.46,11.77,9.07,59.05,1.45,157.99,11.7,11.28,10.5,82.4,40.74,7.71,12.06,196.14,51.07,0.85
2026-07-19 07:00:00+00:00,12.05,11.4,173.79,10.5,11.82,8.93,26.0,1.02,173.79,11.75,11.29,10.51,80.93,40.75,7.45,12.13,201.16,14.31,0.06
2026-07-19 07:15:00+00:00,5.09,4.81,159.11,4.39,4.99,3.76,26.0,1.16,159.11,4.96,4.77,4.43,50.0,36.77,3.14,5.12,201.16,14.31,0.0
2026-07-19 07:30:00+00:00,1.67,1.58,140.16,1.49,1.64,1.23,26.0,0.82,140.16,1.63,1.56,1.45,5.88,35.02,1.02,1.68,201.16,14.31,-0.01
2026-07-19 07:45:00+00:00,0.31,0.29,136.84,0.26,0.3,0.22,26.0,0.16,136.84,0.3,0.29,0.27,1.08,34.42,0.18,0.31,201.16,14.31,-0.01
2026-07-19 08:00:00+00:00,0.06,0.06,136.88,0.21,0.06,0.05,17.69,0.38,136.88,0.06,0.06,0.06,1.03,35.35,0.04,0.06,167.92,1.08,0.0
2026-07-19 08:15:00+00:00,0.01,0.01,130.3,0.15,0.01,0.0,17.69,0.32,130.3,0.01,0.01,0.0,0.2,33.39,0.0,0.01,167.92,1.08,-0.01
2026-07-19 08:30:00+00:00,0.0,0.0,130.11,0.35,0.04,0.0,17.69,0.67,130.11,0.0,0.0,0.0,0.0,33.68,0.0,0.0,167.92,1.08,-0.01
2026-07-19 08:45:00+00:00,0.0,0.0,123.11,0.34,0.04,0.0,17.69,0.66,123.11,0.0,0.0,0.0,0.0,33.1,-0.01,0.0,167.92,1.08,-0.01
2026-07-19 09:00:00+00:00,-0.03,0.0,138.16,0.22,0.04,-0.01,11.0,0.45,138.16,0.02,0.0,-0.01,0.0,34.21,-0.01,0.09,145.895,1.14,-0.01
2026-07-19 09:15:00+00:00,-0.04,-0.01,126.0,0.34,0.04,-0.02,11.0,0.67,126.0,0.02,0.0,-0.02,0.0,33.68,-0.01,0.11,145.895,1.14,-0.01
2026-07-19 09:30:00+00:00,-0.11,-0.01,125.0,0.34,0.15,-0.04,11.0,0.68,125.0,0.09,0.01,-0.04,-0.01,34.04,-0.03,0.34,145.895,1.14,-0.02
2026-07-19 09:45:00+00:00,-0.33,-0.02,131.24,0.29,0.5,-0.09,11.0,0.64,131.24,0.3,0.06,-0.11,-0.01,32.98,-0.07,1.13,145.895,1.14,-0.03
2026-07-19 10:00:00+00:00,2.36,1.23,111.1,0.27,2.95,-0.4,13.71,0.66,111.1,2.64,1.16,-0.44,-0.01,32.66,-0.3,4.24,132.045,1.99,-0.03
2026-07-19 10:15:00+00:00,3.53,1.82,100.0,0.3,4.49,-0.66,13.71,0.65,100.0,3.99,1.73,-0.73,-0.01,32.48,-0.51,6.48,132.045,1.99,-0.1
2026-07-19 10:30:00+00:00,3.43,1.89,110.15,0.43,5.0,-0.72,13.71,0.9,110.15,4.35,1.84,-0.8,-0.01,34.52,-0.56,7.49,132.045,1.99,-0.11
2026-07-19 10:45:00+00:00,2.91,1.58,100.64,0.65,4.67,-1.19,13.71,1.23,100.64,4.0,1.55,-1.0,-0.01,33.7,-0.48,7.23,132.045,1.99,-0.11
2026-07-19 11:00:00+00:00,5.0,1.87,107.74,0.34,3.76,-1.7,10.78,0.67,107.74,3.71,1.53,-1.19,0.0,33.57,-0.39,4.48,127.56,2.35,-0.11
2026-07-19 11:15:00+00:00,3.79,0.66,83.0,0.33,2.55,-2.3,10.78,0.65,83.0,2.51,0.33,-2.36,0.0,33.17,-2.15,3.27,127.56,2.35,-1.74
2026-07-19 11:30:00+00:00,3.19,0.27,83.0,0.17,2.99,-3.02,10.78,0.37,83.0,2.68,0.01,-3.09,0.0,32.85,-2.83,4.6,127.56,2.35,-2.34
2026-07-19 11:45:00+00:00,3.41,-0.34,81.75,0.28,2.11,-4.0,10.78,0.57,81.75,2.0,0.0,-4.07,0.0,31.54,-3.81,3.14,127.56,2.35,-3.3
2026-07-19 12:00:00+00:00,5.51,1.13,76.0,0.26,6.31,-4.47,16.98,0.55,76.0,5.51,0.74,-4.62,0.0,30.1,-4.15,9.83,119.92,4.56,-3.28
2026-07-19 12:15:00+00:00,6.45,1.57,83.0,0.26,7.67,-4.82,16.98,0.56,83.0,6.69,5.99,-5.0,0.0,30.08,-4.45,11.91,119.92,4.56,-3.44
2026-07-19 12:30:00+00:00,6.8,1.87,92.74,0.27,8.44,-4.81,16.98,0.57,92.74,7.33,23.72,-5.0,0.0,30.07,-4.42,13.12,119.92,4.56,-3.36
2026-07-19 12:45:00+00:00,6.78,1.5,95.4,0.66,7.67,-5.19,16.98,1.3,95.4,6.73,50.5,-5.37,0.0,30.0,-4.81,11.83,119.92,4.56,-3.77
2026-07-19 13:00:00+00:00,8.0,2.08,86.0,1.1,9.08,-5.43,24.09,1.16,86.0,8.0,36.33,-5.69,-0.01,25.17,-4.99,13.82,115.46,15.0,-3.82
2026-07-19 13:15:00+00:00,6.48,2.06,66.0,1.0,9.99,-5.0,24.09,1.86,66.0,8.41,59.42,-5.29,-0.01,24.41,-4.57,16.2,115.46,15.0,-3.38
2026-07-19 13:30:00+00:00,7.21,3.2,76.0,1.07,12.78,-4.49,24.09,1.98,76.0,10.66,64.78,-4.83,-0.02,24.46,-4.0,20.75,115.46,15.0,-2.64
2026-07-19 13:45:00+00:00,7.33,4.45,86.0,1.53,16.03,-3.6,24.09,2.83,86.0,13.16,99.48,-4.01,-0.02,23.6,-3.06,26.38,115.46,15.0,-1.54
2026-07-19 14:00:00+00:00,8.07,6.0,76.0,1.6,14.91,-2.0,85.07,1.9,76.0,13.31,105.39,-2.31,-0.07,30.0,-1.5,21.47,115.46,89.0,-0.11
2026-07-19 14:15:00+00:00,9.92,7.52,102.98,1.8,18.75,-2.45,85.07,3.42,102.98,16.7,102.02,-2.84,-0.05,29.61,-1.82,27.06,115.46,89.0,-0.09
2026-07-19 14:30:00+00:00,43.44,32.71,115.74,2.53,70.38,-3.03,85.07,4.3,115.74,63.78,98.96,-3.4,-0.01,31.47,-1.73,97.63,115.46,89.0,-0.01
2026-07-19 14:45:00+00:00,71.42,47.48,143.3,4.0,93.18,-1.3,85.07,5.36,143.3,86.43,106.77,-1.2,-0.01,31.83,-0.06,123.3,115.46,89.0,-0.01
2026-07-19 15:00:00+00:00,9.45,6.46,115.0,3.19,14.27,-0.97,103.01,4.91,115.0,13.01,159.94,-1.2,0.0,24.05,-0.62,19.66,115.98,113.19,-0.01
2026-07-19 15:15:00+00:00,96.25,55.42,146.46,4.48,104.47,-0.6,103.01,6.15,146.46,97.62,109.54,-0.97,0.0,68.8,0.76,129.01,115.98,113.19,0.0
2026-07-19 15:30:00+00:00,153.0,72.57,161.56,8.38,150.23,0.08,103.01,9.53,161.56,154.99,98.96,-0.01,0.0,81.97,1.66,154.99,115.98,113.19,0.0
2026-07-19 15:45:00+00:00,173.2,81.35,179.83,12.62,170.5,0.6,103.01,16.18,179.83,176.72,98.96,0.6,0.01,85.2,2.28,173.49,115.98,113.19,0.0
2026-07-19 16:00:00+00:00,98.13,56.52,157.34,6.83,124.99,1.0,130.0,7.4,157.34,114.76,107.69,0.68,1.08,88.4,2.36,139.86,144.61,138.04,1.08
2026-07-19 16:15:00+00:00,152.9,92.98,175.0,35.51,155.66,25.87,130.0,24.84,175.0,157.69,109.78,29.42,3.43,90.75,23.52,165.44,144.61,138.04,3.43
2026-07-19 16:30:00+00:00,154.62,111.48,201.03,74.11,183.47,56.74,130.0,49.44,201.03,186.49,118.28,62.58,20.0,87.78,51.72,191.18,144.61,138.04,20.0
2026-07-19 16:45:00+00:00,139.02,128.74,219.78,101.68,162.97,92.02,130.0,63.92,219.78,155.89,128.89,98.69,50.0,97.87,85.62,189.15,144.61,138.04,50.0
2026-07-19 17:00:00+00:00,125.66,108.86,185.0,95.339996,135.28,86.32,160.0,59.21,185.0,132.69,110.05,87.8,76.86,102.84,84.93,147.88,172.475,148.19,76.86
2026-07-19 17:15:00+00:00,137.51,122.69,192.96,116.760002,135.28,108.05,160.0,71.68,192.96,134.94,122.67,109.62,94.0,111.54,108.18,139.2,172.475,148.19,94.0
2026-07-19 17:30:00+00:00,153.0,141.11,202.01,132.429993,148.19,128.73,160.0,78.78,202.01,148.36,140.7,131.67,104.02,116.4,128.35,149.57,172.475,148.19,104.02
2026-07-19 17:45:00+00:00,153.0,145.46,217.07,140.03,149.96,137.91,160.0,84.68,207.15,150.08,145.22,139.55,123.1,124.91,138.08,150.8,172.475,148.19,123.1
2026-07-19 18:00:00+00:00,125.64,124.75,184.47,129.49,140.2,132.27,163.16,76.95,184.47,144.48,130.23,128.5,120.02,122.19,139.47,131.88,191.515,148.8,120.02
2026-07-19 18:15:00+00:00,142.73,140.94,186.44,140.48,143.78,140.12,163.16,83.0,185.0,144.33,141.5,140.1,140.25,128.18,140.15,142.94,191.515,148.8,140.25
2026-07-19 18:30:00+00:00,151.34,151.25,187.48,149.87,151.26,151.63,163.16,88.44,185.0,151.26,151.16,150.91,151.48,134.37,151.54,151.29,191.515,148.8,151.48
2026-07-19 18:45:00+00:00,157.64,157.5,185.0,156.01,157.52,158.07,163.16,91.69,185.0,157.51,157.36,156.98,157.85,136.97,157.94,157.57,191.515,148.8,157.85
2026-07-19 19:00:00+00:00,152.96,152.87,178.63,151.6,152.88,153.25,165.16,91.02,178.63,152.88,152.77,152.54,166.68,135.84,153.17,152.91,202.66,148.8,153.11
2026-07-19 19:15:00+00:00,150.71,150.64,179.0,149.7,150.65,150.92,165.16,90.1,179.0,150.65,150.58,150.38,173.18,135.26,150.86,150.67,202.66,148.8,150.81
2026-07-19 19:30:00+00:00,149.94,149.92,179.83,148.720001,149.93,150.04,165.16,88.37,179.83,149.92,149.91,149.65,174.5,135.43,150.0,149.93,202.66,148.8,149.98
2026-07-19 19:45:00+00:00,146.34,146.29,178.39,145.81,146.3,146.46,165.16,85.68,178.39,146.3,146.25,146.15,174.5,132.95,146.43,146.31,202.66,148.8,146.4
2026-07-19 20:00:00+00:00,159.96,159.79,179.0,157.85,159.82,160.47,157.06,94.62,179.0,159.81,159.63,159.18,176.02,137.43,160.32,159.87,207.475,151.86,160.21
2026-07-19 20:15:00+00:00,151.38,151.28,175.98,149.869995,151.3,151.69,157.06,89.64,175.98,151.29,151.18,150.91,178.01,133.87,151.6,151.33,207.475,151.86,151.53
2026-07-19 20:30:00+00:00,148.59,148.5,175.14,147.550003,148.52,148.84,157.06,86.26,175.14,148.51,148.42,148.2,174.5,132.23,148.76,148.54,207.475,151.86,148.71
2026-07-19 20:45:00+00:00,140.39,140.38,174.52,140.24,140.38,140.43,157.06,81.56,174.52,140.38,140.37,140.34,174.5,129.86,140.42,140.39,207.475,151.86,140.41
2026-07-19 21:00:00+00:00,152.21,152.12,180.6,151.020004,152.13,152.5,133.02,90.8,180.6,152.13,152.02,151.71,174.0,133.8,152.41,152.16,199.84,147.71,152.35
2026-07-19 21:15:00+00:00,137.02,137.02,175.98,137.029999,137.02,137.02,133.02,80.9,175.98,137.02,137.02,137.02,173.0,127.56,137.02,137.02,199.84,147.71,137.02
2026-07-19 21:30:00+00:00,135.65,135.65,169.6,135.660004,135.65,135.65,133.02,79.64,169.6,135.65,135.65,135.65,172.0,125.75,135.65,135.65,199.84,147.71,135.65
2026-07-19 21:45:00+00:00,128.43,128.43,155.0,128.43,128.43,128.43,133.02,75.51,155.0,128.43,128.43,128.43,170.0,120.63,128.43,128.43,199.84,147.71,128.43
2026-07-19 22:00:00+00:00,167.33,167.33,181.24,167.34,167.33,167.33,140.65,88.94,167.33,167.33,167.33,167.33,168.0,133.38,167.33,167.33,169.28,138.21,167.33
2026-07-19 22:15:00+00:00,150.11,150.11,181.56,150.11,150.11,150.11,140.65,88.05,175.0,150.11,150.11,150.11,166.0,136.15,150.11,150.11,169.28,138.21,150.11
2026-07-19 22:30:00+00:00,140.74,140.74,170.0,140.74,140.74,140.74,140.65,79.93,165.32,140.74,140.74,140.74,161.81,133.82,140.74,140.74,169.28,138.21,140.74
2026-07-19 22:45:00+00:00,131.63,131.63,170.0,131.63,131.63,131.63,140.65,67.17,163.5,131.63,131.63,131.63,161.44,131.24,131.63,131.63,169.28,138.21,131.63
2026-07-19 23:00:00+00:00,148.25,148.25,161.42,148.25,148.25,148.25,133.59,88.34,161.42,148.25,148.25,148.25,160.63,134.38,148.25,148.25,155.4,129.99,148.25
2026-07-19 23:15:00+00:00,140.01,140.01,156.56,140.01,140.01,140.01,133.59,81.05,156.56,140.01,140.01,140.01,159.86,132.66,140.01,140.01,155.4,129.99,140.01
2026-07-19 23:30:00+00:00,135.68,135.68,147.02,135.68,135.68,135.68,133.59,75.25,147.02,135.68,135.68,135.68,159.8,129.45,135.68,135.68,155.4,129.99,135.68
2026-07-19 23:45:00+00:00,129.99,129.99,144.94,129.99,129.99,129.99,133.59,55.81,144.94,129.99,129.99,129.99,159.0,125.14,129.99,129.99,155.4,129.99,129.99
2026-07-20 00:00:00+00:00,133.97,133.06,149.26,132.09,135.86,132.56,120.08,73.52,149.26,136.2,128.23,132.41,159.0,125.55,132.64,135.0,148.305,129.29,132.79
2026-07-20 00:15:00+00:00,128.91,128.13,150.7,127.88,131.93,131.3,120.08,67.82,150.7,132.51,121.01,128.37,159.0,123.22,137.39,130.34,148.305,129.29,122.2
2026-07-20 00:30:00+00:00,129.91,128.8,145.5,127.96,133.08,130.39,120.08,62.72,145.5,133.68,121.04,128.49,159.0,123.22,134.2,131.51,148.305,129.29,124.96
2026-07-20 00:45:00+00:00,125.08,124.38,143.5,125.29,130.53,134.36,120.08,49.58,143.5,131.62,112.08,126.15,158.76,121.83,151.75,127.43,148.305,129.29,107.73
2026-07-20 01:00:00+00:00,127.72,126.86,152.24,126.45,130.62,129.4,115.01,67.99,152.24,131.18,120.12,126.92,158.52,121.4,134.54,129.12,146.915,129.99,121.5
2026-07-20 01:15:00+00:00,124.52,122.72,149.0,121.76,130.34,127.5,115.01,59.54,149.0,131.43,109.24,122.69,158.52,120.9,138.18,127.4,146.915,129.99,106.93
2026-07-20 01:30:00+00:00,124.96,123.07,153.11,121.77,130.5,126.37,115.01,48.64,149.78,131.55,110.01,122.69,158.76,119.81,133.93,127.72,146.915,129.99,114.64
2026-07-20 01:45:00+00:00,124.25,122.11,155.66,120.77,130.76,126.67,115.01,36.02,153.36,131.98,106.91,121.82,158.76,118.88,137.46,127.51,146.915,129.99,105.29
2026-07-20 02:00:00+00:00,128.58,126.76,145.5,124.58,131.38,124.05,115.08,42.15,145.5,131.84,119.57,125.04,158.52,119.11,123.63,130.34,143.56,131.24,113.24
2026-07-20 02:15:00+00:00,141.31,135.2,151.72,128.32,152.58,129.31,115.08,38.76,148.41,154.56,106.77,130.26,158.76,122.16,128.92,147.8,143.56,131.24,115.01
2026-07-20 02:30:00+00:00,148.27,140.51,155.3,131.45,161.17,130.66,115.08,25.21,153.88,163.34,107.64,133.62,159.0,125.72,129.41,156.06,143.56,131.24,96.25
2026-07-20 02:45:00+00:00,149.81,142.46,155.16,133.99,162.55,133.99,115.08,23.9,155.16,164.73,110.14,136.16,159.86,128.43,133.08,157.35,143.56,131.24,107.3
2026-07-20 03:00:00+00:00,139.52,130.56,152.57,131.33,145.0,137.25,111.13,28.76,145.01,146.42,114.5,132.84,159.86,125.9,146.1,141.92,144.7,145.0,123.41
2026-07-20 03:15:00+00:00,152.55,137.0,154.92,135.7,160.77,139.28,111.13,36.68,154.92,162.88,111.37,138.22,160.63,129.76,139.99,156.54,144.7,145.0,141.18
2026-07-20 03:30:00+00:00,150.91,138.0,159.15,137.25,157.97,141.19,111.13,42.71,159.15,159.78,116.29,139.35,161.44,131.23,144.08,154.29,144.7,145.0,137.71
2026-07-20 03:45:00+00:00,152.9,148.12,163.96,142.98,162.81,145.48,111.13,50.6,163.96,164.68,123.45,144.75,164.86,136.02,145.95,158.28,144.7,145.0,146.73
2026-07-20 04:00:00+00:00,152.9,149.51,164.83,147.79,151.26,147.73,125.03,51.4,161.42,151.36,149.55,147.63,170.0,138.53,147.92,151.46,152.655,152.27,147.74
2026-07-20 04:15:00+00:00,152.9,151.05,194.59,150.09,152.0,150.03,125.03,65.58,178.63,152.05,151.07,150.01,171.0,140.14,150.06,152.12,152.655,152.27,150.15
2026-07-20 04:30:00+00:00,156.36,152.54,202.69,150.58,154.51,150.46,125.03,94.43,192.62,154.62,152.58,150.41,173.0,140.67,150.52,154.75,152.655,152.27,150.71
2026-07-20 04:45:00+00:00,149.19,149.19,193.5,149.19,149.19,149.19,125.03,95.64,187.33,149.19,149.19,149.19,174.01,140.09,149.19,149.19,152.655,152.27,149.19
2026-07-20 05:00:00+00:00,159.92,159.92,182.14,159.92,159.92,159.92,131.73,97.54,182.14,159.92,159.92,159.92,178.01,143.49,159.92,159.92,172.975,156.17,159.92
2026-07-20 05:15:00+00:00,152.96,152.96,197.7,152.97,152.96,152.96,131.73,92.01,197.7,152.96,152.96,152.96,178.8,141.01,152.96,152.96,172.975,156.17,152.96
2026-07-20 05:30:00+00:00,148.99,148.99,201.03,149.0,135.78,148.99,131.73,94.73,201.03,148.99,148.99,148.99,174.96,138.21,148.99,148.99,172.975,156.17,148.99
2026-07-20 05:45:00+00:00,139.23,139.68,197.7,140.36,115.74,141.83,131.73,92.0,197.7,139.49,139.78,140.24,173.24,133.77,145.0,139.26,172.975,156.17,136.72
2026-07-20 06:00:00+00:00,159.0,159.0,183.96,159.01,116.51,159.0,128.95,95.85,183.96,159.0,159.0,159.0,174.5,137.72,159.0,159.0,217.305,144.9,159.0
2026-07-20 06:15:00+00:00,140.0,140.0,197.7,140.01,118.64,140.0,128.95,88.39,197.7,140.0,140.0,140.0,170.78,130.02,140.0,140.0,217.305,144.9,140.0
2026-07-20 06:30:00+00:00,120.7,120.7,197.7,120.71,111.65,120.7,128.95,79.31,197.7,120.7,120.7,120.7,158.76,123.96,120.7,120.7,217.305,144.9,120.7
2026-07-20 06:45:00+00:00,104.29,104.29,180.64,104.29,104.29,104.29,128.95,52.17,180.64,104.29,104.29,104.29,139.25,115.74,104.29,104.29,217.305,144.9,104.29
2026-07-20 07:00:00+00:00,113.72,113.72,183.23,113.73,80.0,113.72,101.5,74.36,183.23,113.72,113.72,113.72,145.3,114.48,113.72,113.72,222.15,133.87,113.72
2026-07-20 07:15:00+00:00,102.0,102.0,197.7,102.0,85.0,102.0,101.5,63.14,197.7,102.0,102.0,102.0,121.31,109.89,102.0,102.0,222.15,133.87,102.0
2026-07-20 07:30:00+00:00,89.33,89.33,190.16,89.33,89.33,89.33,101.5,54.54,190.16,89.33,89.33,89.33,114.17,108.81,89.33,89.33,222.15,133.87,89.33
2026-07-20 07:45:00+00:00,65.82,65.82,178.63,65.82,65.82,65.82,101.5,39.5,178.63,65.82,65.82,65.82,105.01,108.62,65.82,65.82,222.15,133.87,65.82
2026-07-20 08:00:00+00:00,83.1,83.1,165.32,83.1,83.1,83.1,89.91,57.96,165.32,83.1,83.1,83.1,105.1,103.04,83.1,83.1,197.755,119.1,83.1
2026-07-20 08:15:00+00:00,73.36,73.36,170.0,73.36,73.36,73.36,89.91,29.86,170.0,73.36,73.36,73.36,101.1,100.18,73.36,73.36,197.755,119.1,73.36
2026-07-20 08:30:00+00:00,57.77,58.07,174.76,58.54,57.92,59.54,89.91,19.95,174.76,57.94,58.14,58.47,95.0,102.72,61.76,57.79,197.755,119.1,55.99
2026-07-20 08:45:00+00:00,23.49,24.4,165.91,26.75,23.9,33.16,89.91,17.02,165.91,24.1,24.77,26.16,89.3,102.31,48.9,23.18,197.755,119.1,0.0
2026-07-20 09:00:00+00:00,74.38,51.2,162.4,34.51,65.51,31.91,80.09,27.16,162.4,65.96,49.87,31.71,88.96,101.82,30.54,68.67,169.065,115.61,14.18
2026-07-20 09:15:00+00:00,51.58,33.63,158.0,22.79,45.0,28.91,80.09,22.01,158.0,45.65,33.04,19.47,85.13,101.03,35.59,46.66,169.065,115.61,10.29
2026-07-20 09:30:00+00:00,29.54,18.66,160.93,13.59,25.53,15.0,80.09,14.78,160.93,25.91,18.27,10.0,84.15,101.01,18.44,26.6,169.065,115.61,5.94
2026-07-20 09:45:00+00:00,49.85,23.42,155.79,11.9,40.0,10.27,80.09,16.54,155.79,40.79,22.29,1.97,84.01,101.15,15.42,42.89,169.065,115.61,0.07
2026-07-20 10:00:00+00:00,82.45,45.67,150.27,23.01,68.92,30.62,80.06,22.54,150.27,70.25,44.5,16.21,82.4,97.74,86.53,72.44,158.675,64.84,-0.01
2026-07-20 10:15:00+00:00,81.73,39.03,147.95,16.14,65.82,15.82,80.06,19.88,147.95,67.14,37.34,4.12,81.65,98.23,51.58,70.46,158.675,64.84,-0.01
2026-07-20 10:30:00+00:00,80.98,40.18,148.24,15.98,65.81,19.2,80.06,17.2,148.24,67.13,38.64,6.98,81.55,97.42,59.4,70.14,158.675,64.84,-0.01
2026-07-20 10:45:00+00:00,81.94,38.71,151.02,13.07,65.82,14.9,80.06,14.79,151.02,67.15,36.99,3.34,81.35,97.38,49.43,70.55,158.675,64.84,-0.01
2026-07-20 11:00:00+00:00,59.99,27.09,149.24,13.2,47.62,5.47,80.08,19.94,149.24,48.48,25.78,0.05,81.0,100.65,7.73,51.59,158.545,61.0,7.73
2026-07-20 11:15:00+00:00,60.03,27.05,148.41,11.94,48.32,5.44,80.08,17.64,148.41,48.23,25.74,0.01,80.0,100.43,7.71,51.79,158.545,61.0,7.71
2026-07-20 11:30:00+00:00,48.13,21.75,150.24,9.99,38.19,3.54,80.08,14.89,150.24,38.86,20.66,0.0,80.0,98.37,4.71,41.44,158.545,61.0,7.82
2026-07-20 11:45:00+00:00,45.63,20.62,153.75,9.06,36.21,3.36,80.08,13.27,153.75,36.84,19.59,0.0,79.01,97.54,4.47,39.29,158.545,61.0,7.41
2026-07-20 12:00:00+00:00,60.03,26.99,148.61,11.18,47.64,8.72,86.0,15.83,148.61,48.59,25.56,0.0,79.01,98.73,20.17,51.39,165.1,66.0,0.0
2026-07-20 12:15:00+00:00,65.25,29.33,155.82,11.15,51.78,8.9,86.0,15.66,155.82,52.82,27.77,0.0,79.0,100.05,25.47,55.86,165.1,66.0,0.0
2026-07-20 12:30:00+00:00,74.59,33.54,164.01,12.32,59.2,9.27,86.0,17.35,164.01,60.39,41.0,0.02,76.45,103.06,34.87,63.86,165.1,66.0,-0.01
2026-07-20 12:45:00+00:00,90.06,40.44,165.32,12.95,72.56,11.18,86.0,17.54,165.32,72.45,60.23,0.01,73.88,103.56,42.09,77.37,165.1,66.0,-0.01
2026-07-20 13:00:00+00:00,73.51,33.0,150.27,11.78,58.28,3.56,95.08,17.02,150.27,59.28,57.48,0.01,69.43,102.35,4.05,63.36,161.56,104.16,1.6
2026-07-20 13:15:00+00:00,89.11,39.92,161.14,11.35,71.61,4.85,95.08,15.39,161.14,71.52,66.04,0.03,65.0,104.73,7.09,77.0,161.56,104.16,0.0
2026-07-20 13:30:00+00:00,120.48,53.67,165.32,13.8,96.94,10.24,95.08,17.71,165.32,96.86,78.66,0.07,61.57,106.83,21.66,103.8,161.56,104.16,0.0
2026-07-20 13:45:00+00:00,125.18,58.17,170.0,15.87,100.01,10.0,95.08,18.92,170.0,101.69,62.48,3.72,61.57,106.7,13.24,108.36,161.56,104.16,0.0
2026-07-20 14:00:00+00:00,82.6,35.83,170.0,8.71,64.97,11.21,130.01,10.65,170.0,66.26,69.68,0.03,60.0,98.52,25.46,69.95,162.0,119.1,0.0
2026-07-20 14:15:00+00:00,84.19,36.57,175.0,11.23,66.23,11.38,130.01,13.56,175.0,67.54,78.41,0.09,61.57,100.18,25.72,71.32,162.0,119.1,0.0
2026-07-20 14:30:00+00:00,144.99,72.14,178.63,21.42,117.26,23.41,130.01,21.35,178.63,118.95,92.01,14.9,61.57,102.47,31.84,125.85,162.0,119.1,0.0
2026-07-20 14:45:00+00:00,172.5,100.52,175.0,54.4,145.32,62.15,130.01,28.77,175.0,147.25,98.5,45.4,69.43,100.72,88.01,153.12,162.0,119.1,9.85
2026-07-20 15:00:00+00:00,93.2,54.21,171.0,26.78,73.31,26.74,146.53,11.37,171.0,74.7,99.38,23.43,69.43,100.17,32.71,75.57,164.515,138.1,23.14
2026-07-20 15:15:00+00:00,143.5,107.97,175.0,82.38,125.42,80.0,146.53,17.88,175.0,126.59,105.17,79.41,76.45,103.91,82.56,127.75,164.515,138.1,65.87
2026-07-20 15:30:00+00:00,175.03,127.77,175.03,93.29,153.1,92.32,146.53,27.44,175.03,154.88,119.99,90.1,81.55,107.86,97.1,155.21,164.515,138.1,81.55
2026-07-20 15:45:00+00:00,179.83,138.79,179.83,110.05,158.93,108.17,146.53,59.42,179.83,160.32,135.61,106.11,85.0,112.78,114.47,161.5,164.515,138.1,85.0
2026-07-20 16:00:00+00:00,153.0,116.65,164.66,98.04,155.7,101.96,182.89,47.14,164.66,157.93,122.3,95.51,85.93,113.0,114.82,159.85,189.405,157.15,85.93
2026-07-20 16:15:00+00:00,175.02,127.89,175.79,109.75,187.09,111.94,182.89,74.39,175.79,197.81,142.1,106.67,100.0,117.0,122.28,176.78,189.405,157.15,100.0
2026-07-20 16:30:00+00:00,179.99,140.08,184.04,129.7,195.78,133.44,182.89,85.63,184.04,209.96,156.77,127.06,111.21,123.74,146.65,176.75,189.405,157.15,115.62
2026-07-20 16:45:00+00:00,179.91,156.08,190.94,145.04,176.86,144.85,182.89,92.87,190.94,179.91,159.63,144.41,118.27,130.22,145.2,174.84,189.405,157.15,146.33
2026-07-20 17:00:00+00:00,167.48,154.29,182.2,143.89,171.37,142.45,200.0,90.58,182.2,170.22,155.38,142.32,114.04,131.34,142.48,178.16,206.475,160.18,143.36
2026-07-20 17:15:00+00:00,179.95,165.77,193.43,153.93,184.62,152.97,200.0,96.74,193.43,182.96,166.97,152.87,121.79,136.79,152.97,193.43,206.475,160.18,153.61
2026-07-20 17:30:00+00:00,179.97,170.59,202.01,162.71,183.21,162.06,200.0,99.76,197.7,182.1,171.41,161.99,152.5,142.31,162.03,189.14,206.475,160.18,162.03
2026-07-20 17:45:00+00:00,181.29,179.37,243.53,178.0,181.42,177.88,200.0,100.94,201.03,181.29,179.49,177.87,160.63,144.97,177.88,182.26,206.475,160.18,177.98
2026-07-20 18:00:00+00:00,179.92,169.91,215.2,165.8,181.95,161.95,209.99,103.73,197.7,184.7,172.9,165.17,149.0,145.96,154.93,178.41,223.295,170.76,149.0
2026-07-20 18:15:00+00:00,179.93,174.53,232.48,171.66,177.81,169.82,209.99,103.64,197.7,178.1,174.66,171.39,163.5,147.54,166.38,177.88,223.295,170.76,163.5
2026-07-20 18:30:00+00:00,179.41,179.4,231.65,181.94,191.46,180.14,209.99,102.88,197.7,196.0,185.03,181.65,174.01,147.6,176.92,183.88,223.295,170.76,174.01
2026-07-20 18:45:00+00:00,192.59,193.92,239.98,194.77,193.07,192.15,209.99,102.18,197.7,193.2,193.99,194.77,181.49,147.72,186.57,192.54,223.295,170.76,181.49
2026-07-20 19:00:00+00:00,176.17,173.44,228.63,181.71,222.81,180.0,197.0,103.02,183.78,240.58,196.09,180.53,177.62,146.34,178.72,193.99,227.47,175.0,177.62
2026-07-20 19:15:00+00:00,180.31,180.41,229.0,180.48,180.35,180.29,197.0,104.6,180.31,180.35,180.41,180.47,179.5,145.73,179.87,180.31,227.47,175.0,179.5
2026-07-20 19:30:00+00:00,179.92,179.92,200.0,179.92,179.92,179.92,197.0,103.69,179.92,179.92,179.92,179.92,179.92,145.4,179.92,179.92,227.47,175.0,179.92
2026-07-20 19:45:00+00:00,178.0,178.0,194.0,178.01,178.0,178.0,197.0,102.35,178.0,178.0,178.0,178.0,178.01,144.74,178.0,178.0,227.47,175.0,178.0
2026-07-20 20:00:00+00:00,186.34,186.34,186.34,186.35,186.34,186.34,185.01,102.85,186.34,186.34,186.34,186.34,186.34,144.94,186.34,186.34,223.84,170.0,186.34
2026-07-20 20:15:00+00:00,175.98,175.98,175.98,175.99,175.98,175.98,185.01,101.51,175.98,175.98,175.98,175.98,175.98,144.4,175.98,175.98,223.84,170.0,175.98
2026-07-20 20:30:00+00:00,171.94,171.94,171.94,171.95,171.94,171.94,185.01,100.12,171.94,171.94,171.94,171.94,174.01,143.59,171.94,171.94,223.84,170.0,171.94
2026-07-20 20:45:00+00:00,165.0,165.0,165.0,165.01,165.0,165.0,185.01,99.05,165.0,165.0,165.0,165.0,172.0,142.95,165.0,165.0,223.84,170.0,165.0
2026-07-20 21:00:00+00:00,170.02,169.02,171.33,167.92,172.23,168.43,165.01,100.19,170.82,172.48,163.77,168.33,173.0,142.63,168.53,171.23,207.02,161.01,168.7
2026-07-20 21:15:00+00:00,163.66,162.65,165.32,161.55,165.88,162.06,165.01,98.29,165.32,166.12,157.39,161.96,170.86,138.41,162.16,164.87,207.02,161.01,162.33
2026-07-20 21:30:00+00:00,161.68,159.66,163.29,157.46,166.13,158.48,165.01,95.94,163.29,166.63,149.12,158.28,167.0,136.36,158.68,164.12,207.02,161.01,159.02
2026-07-20 21:45:00+00:00,152.07,150.43,160.0,148.63,155.7,149.46,165.01,87.55,160.0,156.11,141.83,149.3,161.84,135.53,149.63,154.06,207.02,161.01,149.91
2026-07-20 22:00:00+00:00,167.89,150.74,204.5,150.42,183.63,154.74,170.38,94.72,174.35,184.82,145.98,153.81,172.47,137.35,155.47,177.04,187.76,159.8,156.74
2026-07-20 22:15:00+00:00,162.94,147.22,198.95,148.369995,177.37,150.89,170.38,92.96,171.59,178.46,142.85,150.03,171.0,137.01,151.56,171.32,187.76,159.8,152.72
2026-07-20 22:30:00+00:00,156.47,144.56,185.55,144.880005,167.54,146.95,170.38,89.3,170.32,168.74,139.01,146.26,170.0,136.35,147.48,162.99,187.76,159.8,148.41
2026-07-20 22:45:00+00:00,151.74,147.33,171.0,143.62,160.14,145.53,170.38,79.65,160.0,161.26,129.06,145.01,167.0,135.32,145.93,156.41,187.76,159.8,146.59
2026-07-20 23:00:00+00:00,156.21,153.8,179.99,150.889999,161.85,152.2,133.04,90.46,160.0,162.6,139.99,151.84,162.6,135.76,152.46,159.29,168.01,157.08,152.9
2026-07-20 23:15:00+00:00,154.74,152.43,186.56,149.639999,160.14,150.9,133.04,84.69,161.78,160.86,139.21,150.56,160.76,135.43,151.15,157.69,168.01,157.08,151.57
2026-07-20 23:30:00+00:00,155.75,152.15,165.0,147.82,164.15,149.78,133.04,78.61,159.96,165.26,131.6,149.25,162.64,134.86,150.17,160.34,168.01,157.08,150.82
2026-07-20 23:45:00+00:00,153.07,149.4,162.5,144.97,164.15,146.97,133.04,70.0,156.22,162.79,128.4,146.43,163.86,134.59,147.37,157.76,168.01,157.08,148.03
2026-07-21 00:00:00+00:00,153.69,149.78,167.99,145.04,162.84,147.17,131.0,81.61,160.0,164.09,127.52,146.63,163.34,134.94,147.61,158.68,158.5,153.4,148.3
2026-07-21 00:15:00+00:00,151.91,147.55,165.0,142.26,162.13,144.64,131.0,77.37,159.26,163.52,122.7,144.03,162.28,134.7,145.12,157.49,158.5,153.4,145.9
2026-07-21 00:30:00+00:00,151.76,146.9,162.19,141.009995,163.13,143.66,131.0,73.55,158.75,164.68,119.24,142.98,160.7,133.85,144.2,157.96,158.5,153.4,145.06
2026-07-21 00:45:00+00:00,145.44,142.39,162.14,138.679993,152.6,140.35,131.0,75.63,162.03,153.58,124.98,139.92,160.7,131.4,140.69,149.35,158.5,153.4,141.23
2026-07-21 01:00:00+00:00,144.83,142.31,164.46,139.25,150.73,140.62,104.99,82.0,164.46,151.54,128.17,140.27,162.28,131.27,140.9,148.05,159.78,153.01,141.35
2026-07-21 01:15:00+00:00,142.78,140.19,160.99,137.04,148.85,138.45,104.99,79.19,160.18,149.68,125.63,138.09,162.28,129.49,138.74,146.09,159.78,153.01,139.2
2026-07-21 01:30:00+00:00,143.11,140.39,160.0,137.08,149.5,138.56,104.99,76.17,160.0,150.37,125.1,138.18,162.28,129.58,138.87,146.59,159.78,153.01,139.35
2026-07-21 01:45:00+00:00,144.0,141.2,155.0,137.789993,150.58,139.32,104.99,68.26,155.0,151.48,125.45,138.93,162.28,130.26,139.63,147.59,159.78,153.01,140.13
2026-07-21 02:00:00+00:00,135.03,135.03,155.34,135.029999,135.03,135.03,130.04,70.35,155.34,135.03,135.03,135.03,160.7,127.25,135.03,135.03,157.81,154.57,135.03
2026-07-21 02:15:00+00:00,140.46,138.64,155.7,136.619995,144.18,137.53,130.04,69.94,155.7,144.69,129.41,137.3,160.7,129.16,137.71,142.41,157.81,154.57,138.01
2026-07-21 02:30:00+00:00,147.64,143.79,152.08,139.529999,155.53,141.44,130.04,73.76,152.08,156.61,124.26,140.95,162.11,132.06,141.83,151.78,157.81,154.57,142.46
2026-07-21 02:45:00+00:00,149.98,146.38,152.48,142.389999,157.35,144.18,130.04,80.41,152.48,158.37,128.11,143.73,162.13,134.5,144.54,153.85,157.81,154.57,145.13
2026-07-21 03:00:00+00:00,158.75,119.33,158.75,137.98,151.06,141.19,147.01,58.31,158.75,151.01,127.2,140.34,160.63,130.93,142.01,154.06,158.3,158.74,143.31
2026-07-21 03:15:00+00:00,160.0,126.49,160.0,140.880005,155.53,144.0,147.01,72.54,160.0,155.77,128.33,143.19,160.7,133.51,144.77,157.11,158.3,158.74,146.0
2026-07-21 03:30:00+00:00,156.46,139.0,156.46,145.51,155.52,147.4,147.01,86.55,156.46,155.82,136.69,146.91,162.28,135.38,147.85,155.69,158.3,158.74,148.58
2026-07-21 03:45:00+00:00,158.75,138.21,158.75,147.99,154.65,149.65,147.01,92.64,158.75,154.62,142.52,149.21,165.44,135.54,150.07,156.26,158.3,158.74,150.75
2026-07-21 04:00:00+00:00,155.7,154.01,155.7,154.93,155.19,155.03,150.01,90.12,155.7,155.18,154.73,155.0,164.0,136.4,155.04,155.42,161.325,164.0,155.04
2026-07-21 04:15:00+00:00,169.61,144.6,169.61,158.16,162.14,159.69,150.01,82.54,169.61,161.94,155.33,159.33,167.0,135.58,159.91,165.43,161.325,164.0,159.91
2026-07-21 04:30:00+00:00,161.77,157.0,170.32,159.570007,160.34,159.86,150.01,54.18,170.32,160.3,159.04,159.79,170.34,133.33,159.9,160.97,161.325,164.0,160.01
2026-07-21 04:45:00+00:00,157.53,155.0,177.51,156.369995,156.78,156.52,150.01,69.99,177.51,156.75,156.08,156.48,171.0,134.66,156.54,157.11,161.325,164.0,156.6
2026-07-21 05:00:00+00:00,167.0,167.0,181.63,167.0,167.0,167.0,140.5,94.19,181.63,167.0,167.0,167.0,170.31,137.75,167.0,167.0,175.595,162.89,167.0
2026-07-21 05:15:00+00:00,159.35,159.35,197.7,159.350006,159.35,159.35,140.5,95.89,197.7,159.35,159.35,159.35,170.31,140.0,159.35,159.35,175.595,162.89,159.35
2026-07-21 05:30:00+00:00,155.01,155.01,190.28,152.259995,155.01,155.01,140.5,95.53,190.28,155.01,155.01,155.01,170.0,138.59,155.01,155.01,175.595,162.89,155.01
2026-07-21 05:45:00+00:00,136.35,136.35,190.39,136.35,136.35,136.35,140.5,91.61,190.39,136.35,136.35,136.35,166.0,132.69,136.35,136.35,175.595,162.89,136.35
2026-07-21 06:00:00+00:00,164.78,164.78,196.59,161.82,164.78,164.78,133.01,97.99,196.59,164.78,164.78,164.78,170.81,140.02,164.78,164.78,197.53,151.4,164.78
2026-07-21 06:15:00+00:00,149.0,149.0,197.7,146.44,137.76,149.0,133.01,94.39,197.7,149.0,149.0,149.0,163.0,135.88,149.0,149.0,197.53,151.4,149.0
2026-07-21 06:30:00+00:00,142.16,142.16,181.0,141.389999,142.16,142.16,133.01,90.06,181.0,142.16,142.16,142.16,159.32,133.55,142.16,142.16,197.53,151.4,142.16
2026-07-21 06:45:00+00:00,125.57,125.57,184.71,125.580002,122.5,125.57,133.01,81.6,184.71,125.57,125.57,125.57,138.12,128.6,125.57,125.57,197.53,151.4,125.57
2026-07-21 07:00:00+00:00,153.01,153.01,201.99,150.26,111.74,153.01,97.07,90.45,201.99,153.01,153.01,153.01,158.84,128.57,153.01,153.01,213.205,119.0,153.01
2026-07-21 07:15:00+00:00,120.15,120.35,181.63,122.370003,99.59,120.13,97.07,81.24,181.63,121.44,120.33,120.16,135.78,119.58,120.12,118.21,213.205,119.0,120.07
2026-07-21 07:30:00+00:00,107.37,107.37,165.0,107.68,107.37,107.37,97.07,72.7,165.0,107.37,107.37,107.37,125.43,114.69,107.37,107.37,213.205,119.0,107.37
2026-07-21 07:45:00+00:00,80.47,79.96,155.0,79.199997,80.28,77.85,97.07,55.33,155.0,80.21,79.85,79.27,113.31,109.01,77.28,80.52,213.205,119.0,63.59
2026-07-21 08:00:00+00:00,120.0,97.85,169.21,101.099998,103.17,100.55,70.01,48.2,169.21,89.22,97.0,103.18,119.0,111.76,98.1,151.59,194.95,108.81,73.82
2026-07-21 08:15:00+00:00,88.55,87.53,170.5,85.919998,88.15,82.91,70.01,49.8,170.5,88.03,87.27,86.15,106.0,109.85,80.13,88.64,194.95,108.81,63.89
2026-07-21 08:30:00+00:00,97.82,86.09,170.0,78.839996,92.24,71.83,70.01,36.38,170.0,92.0,85.47,79.37,100.13,108.26,65.0,94.4,194.95,108.81,23.88
2026-07-21 08:45:00+00:00,96.9,76.41,170.0,65.309998,87.0,57.46,70.01,24.3,170.0,86.76,75.69,66.06,92.5,107.76,49.41,90.23,194.95,108.81,0.0
2026-07-21 09:00:00+00:00,113.91,74.1,170.0,64.239998,90.72,58.4,60.09,35.92,170.0,82.01,73.31,66.11,90.1,99.78,50.79,124.62,153.345,74.99,0.0
2026-07-21 09:15:00+00:00,126.01,75.96,170.3,58.03,99.95,53.7,60.09,33.49,170.3,96.83,75.78,59.09,89.13,100.45,47.6,116.54,153.345,74.99,4.56
2026-07-21 09:30:00+00:00,92.93,66.63,161.0,39.01,89.0,34.23,60.09,32.8,161.0,89.33,63.9,36.89,85.1,97.62,30.01,94.14,153.345,74.99,0.0
2026-07-21 09:45:00+00:00,87.22,57.68,160.5,16.34,89.0,14.88,60.09,16.34,160.5,88.63,52.88,12.46,85.1,102.57,13.81,99.56,153.345,74.99,0.0
2026-07-21 10:00:00+00:00,77.94,54.35,163.26,23.15,80.18,17.27,65.02,22.97,163.26,80.81,50.38,16.31,85.1,93.02,15.74,85.6,153.945,47.17,0.0
2026-07-21 10:15:00+00:00,83.55,52.6,162.0,16.690001,85.51,9.03,65.02,21.0,162.0,85.05,47.59,5.46,84.15,101.28,8.97,96.69,153.945,47.17,0.0
2026-07-21 10:30:00+00:00,76.71,47.84,162.0,15.54,78.57,7.45,65.02,20.54,162.0,78.15,43.17,3.85,83.55,97.67,7.61,89.03,153.945,47.17,0.54
2026-07-21 10:45:00+00:00,75.0,46.64,161.06,14.72,77.21,6.26,65.02,20.05,161.06,77.18,42.02,2.59,82.97,98.38,6.49,86.28,153.945,47.17,0.0
2026-07-21 11:00:00+00:00,87.06,27.75,160.34,12.67,48.6,4.97,64.99,18.73,160.34,42.91,42.56,2.52,84.15,101.96,5.17,73.79,147.75,51.45,0.0
2026-07-21 11:15:00+00:00,92.64,29.68,162.21,11.35,65.81,4.23,64.99,19.76,162.21,45.45,40.09,1.44,84.15,101.87,4.58,81.47,147.75,51.45,0.0
2026-07-21 11:30:00+00:00,123.98,35.08,160.06,11.9,90.01,4.35,64.99,19.95,160.06,51.49,30.29,0.08,83.55,101.68,5.16,122.22,147.75,51.45,0.0
2026-07-21 11:45:00+00:00,95.41,30.7,158.12,11.0,89.0,3.1,64.99,20.49,158.12,45.86,27.15,0.0,83.0,101.37,3.61,89.67,147.75,51.45,0.0
2026-07-21 12:00:00+00:00,60.74,28.0,152.08,9.51,44.02,0.41,70.09,17.99,152.08,43.77,23.98,0.04,82.97,96.97,0.68,45.99,143.68,42.11,0.01
2026-07-21 12:15:00+00:00,77.89,35.74,169.56,10.0,59.04,0.58,70.09,18.26,169.56,55.33,30.56,0.09,82.97,102.76,0.92,60.92,143.68,42.11,0.0
2026-07-21 12:30:00+00:00,83.0,37.98,170.32,10.79,64.39,0.62,70.09,19.34,170.32,58.5,34.3,0.1,82.97,101.89,0.99,66.03,143.68,42.11,0.0
2026-07-21 12:45:00+00:00,103.4,50.0,176.0,13.12,88.3,3.94,70.09,20.45,176.0,75.39,46.58,3.78,82.97,102.15,3.95,92.12,143.68,42.11,0.0
2026-07-21 13:00:00+00:00,58.91,26.36,180.0,9.8,38.57,2.96,90.6,16.81,180.0,39.44,46.7,3.3,82.97,100.78,2.8,40.61,140.01,35.54,0.0
2026-07-21 13:15:00+00:00,70.01,32.83,181.0,12.73,46.78,6.11,90.6,18.73,181.0,47.78,44.59,6.49,82.4,102.87,5.92,49.11,140.01,35.54,2.72
2026-07-21 13:30:00+00:00,91.71,45.87,181.9,17.77,65.81,10.08,90.6,17.77,181.9,66.3,41.46,11.51,82.52,101.81,9.02,71.37,140.01,35.54,0.02
2026-07-21 13:45:00+00:00,128.92,76.01,186.57,34.349998,103.03,28.85,90.6,31.0,186.57,102.48,70.87,33.38,82.97,101.35,25.15,113.46,140.01,35.54,0.0
2026-07-21 14:00:00+00:00,42.69,35.11,181.63,30.2,38.56,26.25,119.07,22.5,181.63,38.55,34.8,30.47,83.0,59.39,22.39,39.65,134.865,115.94,0.0
2026-07-21 14:15:00+00:00,105.98,75.51,186.5,63.29,93.73,56.22,119.07,33.27,186.5,92.66,76.71,64.0,84.15,84.56,48.46,101.48,134.865,115.94,0.01
2026-07-21 14:30:00+00:00,132.68,87.79,177.45,70.34,119.88,63.56,119.07,42.46,177.45,117.02,90.67,71.46,85.1,89.82,55.14,135.86,134.865,115.94,0.0
2026-07-21 14:45:00+00:00,158.96,103.43,181.63,81.63,145.81,74.12,119.07,58.96,181.63,141.59,107.44,83.0,88.4,95.61,64.44,168.0,134.865,115.94,0.0
2026-07-21 15:00:00+00:00,118.64,94.01,165.0,77.22,117.8,67.56,149.0,53.2,165.0,108.82,93.61,77.06,88.96,102.79,58.27,113.51,138.295,135.1,2.86
2026-07-21 15:15:00+00:00,126.08,108.52,175.0,94.199997,130.62,84.76,149.0,63.17,175.0,121.64,107.43,94.26,90.1,106.0,75.46,127.93,138.295,135.1,20.04
2026-07-21 15:30:00+00:00,168.73,136.13,181.92,114.82,194.3,106.5,149.0,77.7,181.92,168.95,120.71,112.0,95.0,111.24,102.86,176.6,138.295,135.1,59.69
2026-07-21 15:45:00+00:00,177.43,149.15,197.7,125.59,198.59,124.3,149.0,84.78,197.7,183.25,130.82,126.94,101.74,117.58,121.49,191.78,138.295,135.1,101.74
2026-07-21 16:00:00+00:00,163.7,133.07,189.13,119.33,190.81,113.17,188.02,80.96,189.13,173.65,127.28,113.81,101.74,117.73,112.9,185.4,152.875,157.9,101.74
2026-07-21 16:15:00+00:00,173.52,148.12,197.7,131.31,193.35,129.49,188.02,88.21,197.7,181.04,144.41,130.62,113.57,125.52,128.98,192.92,152.875,157.9,113.57
2026-07-21 16:30:00+00:00,172.53,158.19,204.5,143.96,200.92,141.34,188.02,92.88,204.5,180.01,158.37,142.99,121.04,131.15,140.58,195.93,152.875,157.9,121.04
2026-07-21 16:45:00+00:00,170.41,163.96,197.7,151.73,203.95,153.02,188.02,96.56,197.7,177.46,164.86,154.04,140.0,137.19,152.52,190.48,152.875,157.9,140.0
2026-07-21 17:00:00+00:00,175.0,147.06,197.7,146.800003,211.31,141.53,201.0,94.49,197.7,215.55,153.38,140.91,133.74,136.89,141.24,201.43,183.3,165.92,133.74
2026-07-21 17:15:00+00:00,184.99,155.86,197.7,152.199997,216.94,150.92,201.0,95.89,197.7,222.18,161.71,150.92,150.43,139.17,150.03,203.82,183.3,165.92,150.43
2026-07-21 17:30:00+00:00,174.9,163.2,218.32,159.740005,213.77,158.37,201.0,96.99,201.0,199.8,166.76,158.07,159.56,142.06,158.51,199.44,183.3,165.92,159.56
2026-07-21 17:45:00+00:00,175.0,166.29,251.94,164.470001,223.64,164.88,201.0,98.18,203.6,208.35,170.58,164.54,166.0,145.1,165.03,203.95,183.3,165.92,166.0
2026-07-21 18:00:00+00:00,174.94,149.75,204.5,163.800003,219.06,165.44,199.02,101.21,182.48,197.01,161.96,166.51,158.47,146.53,161.48,186.39,203.82,178.0,158.47
2026-07-21 18:15:00+00:00,174.98,161.65,214.8,171.19,219.96,171.31,199.02,100.55,181.63,175.78,169.1,172.0,167.0,146.55,168.89,179.57,203.82,178.0,167.0
2026-07-21 18:30:00+00:00,174.98,172.77,209.1,174.42,216.84,174.1,199.02,100.04,178.01,186.37,174.13,174.59,171.13,146.45,172.48,180.4,203.82,178.0,171.13
2026-07-21 18:45:00+00:00,175.0,173.96,237.6,174.809998,210.14,174.86,199.02,99.34,177.88,182.0,174.77,174.9,174.5,146.2,174.63,179.03,203.82,178.0,174.5
2026-07-21 19:00:00+00:00,176.81,177.09,204.5,177.26,213.44,176.89,194.99,103.06,176.81,176.93,177.11,177.29,174.5,146.65,175.63,176.79,207.935,178.39,174.5
2026-07-21 19:15:00+00:00,175.41,176.47,204.5,176.63,204.25,175.93,194.99,102.4,175.41,175.87,176.5,177.19,175.83,146.36,170.93,175.32,207.935,178.39,166.44
2026-07-21 19:30:00+00:00,174.34,174.54,204.26,171.82,200.27,174.82,194.99,101.63,174.34,174.39,174.48,174.6,176.43,145.98,173.35,174.28,207.935,178.39,172.07
2026-07-21 19:45:00+00:00,169.44,169.34,220.66,164.6,193.83,169.92,194.99,100.86,169.44,169.35,169.25,169.17,176.24,145.31,169.64,169.38,207.935,178.39,169.44
2026-07-21 20:00:00+00:00,177.08,173.5,216.34,175.35,193.66,176.26,181.47,101.01,182.65,196.16,175.53,175.9,176.67,143.33,176.38,186.47,197.23,172.4,176.67
2026-07-21 20:15:00+00:00,170.17,165.33,191.71,163.059998,192.55,169.06,181.47,100.16,177.68,195.93,168.08,168.57,175.0,143.1,169.22,182.84,197.23,172.4,169.61
2026-07-21 20:30:00+00:00,171.76,167.84,180.0,160.98,188.92,171.61,181.47,99.26,177.51,191.53,169.82,170.06,174.01,142.47,171.47,181.48,197.23,172.4,171.63
2026-07-21 20:45:00+00:00,160.4,155.51,170.0,157.770004,182.92,159.38,181.47,97.85,167.96,186.32,158.26,158.74,173.0,140.12,159.5,173.16,197.23,172.4,159.88
2026-07-21 21:00:00+00:00,165.5,165.37,177.42,155.460007,165.4,165.98,165.01,98.03,165.71,165.4,165.28,165.16,172.0,138.85,165.81,165.44,181.66,159.8,165.71
2026-07-21 21:15:00+00:00,156.13,156.12,167.78,155.01,156.12,156.19,165.01,97.04,167.78,156.12,156.11,156.09,170.0,138.29,156.17,156.12,181.66,159.8,156.15
2026-07-21 21:30:00+00:00,154.96,151.84,159.48,148.32,168.66,154.17,165.01,91.6,159.48,169.82,152.08,153.42,166.0,136.03,154.2,162.52,181.66,159.8,154.42
2026-07-21 21:45:00+00:00,146.37,145.9,147.0,141.309998,161.5,146.36,165.01,83.12,147.0,148.45,145.92,146.08,160.7,134.25,146.33,147.43,181.66,159.8,146.34
2026-07-21 22:00:00+00:00,166.14,154.9,169.41,137.71,174.18,158.85,156.07,75.38,169.41,175.37,152.07,156.4,174.0,131.84,158.89,170.88,163.88,157.18,159.43
2026-07-21 22:15:00+00:00,163.49,154.17,188.82,135.550003,170.06,157.76,156.07,54.96,170.0,171.04,151.79,155.25,173.0,129.9,157.7,167.36,163.88,157.18,158.09
2026-07-21 22:30:00+00:00,152.17,151.95,197.94,134.050003,152.01,153.25,156.07,41.14,170.0,152.01,151.75,151.39,172.0,128.69,152.88,152.1,163.88,157.18,152.67
2026-07-21 22:45:00+00:00,146.32,146.15,188.82,131.789993,146.2,147.16,156.07,24.71,157.19,146.19,146.0,145.72,171.0,127.02,146.87,146.27,163.88,157.18,146.71
2026-07-21 23:00:00+00:00,157.79,157.39,180.0,127.419998,157.51,159.72,109.99,61.07,165.0,157.5,157.05,156.37,166.0,121.94,159.06,157.67,156.93,151.74,158.68
2026-07-21 23:15:00+00:00,149.85,149.43,180.0,125.83,149.87,151.15,109.99,45.07,165.89,149.86,148.58,148.57,162.96,120.98,150.65,149.88,156.93,151.74,150.38
2026-07-21 23:30:00+00:00,148.3,147.04,170.37,125.53,150.12,148.0,109.99,34.08,165.0,150.11,141.73,145.66,161.4,120.76,147.66,149.27,156.93,151.74,147.57
2026-07-21 23:45:00+00:00,143.37,143.13,155.0,125.459999,143.25,144.41,109.99,23.78,151.75,143.24,142.85,142.55,160.32,120.92,144.05,143.32,156.93,151.74,143.84
2026-07-22 00:00:00+00:00,155.25,150.74,169.34,125.400002,163.2,150.11,109.99,39.6,165.0,163.22,128.91,146.94,162.92,118.91,150.0,159.39,151.02,147.18,150.38
2026-07-22 00:15:00+00:00,151.08,147.79,165.94,124.620003,156.71,147.76,109.99,39.5,165.94,156.72,132.13,144.88,162.92,118.07,147.56,154.01,151.02,147.18,147.76
2026-07-22 00:30:00+00:00,146.96,144.99,165.0,125.41,150.13,145.56,109.99,63.2,165.0,150.13,135.93,143.04,162.92,118.03,145.28,148.62,151.02,147.18,145.3
2026-07-22 00:45:00+00:00,140.12,139.17,155.0,125.400002,141.47,139.92,109.99,64.2,151.46,141.47,135.09,138.07,163.0,117.84,139.65,140.84,151.02,147.18,139.58
2026-07-22 01:00:00+00:00,145.44,143.95,165.0,122.139999,147.62,144.97,95.18,60.21,165.0,147.62,137.5,142.08,162.89,115.64,144.6,146.6,149.87,143.36,144.51
2026-07-22 01:15:00+00:00,135.67,135.48,165.0,122.01,135.55,136.71,95.18,57.01,165.0,135.54,135.3,134.75,162.89,114.6,136.36,135.63,149.87,143.36,136.17
2026-07-22 01:30:00+00:00,132.83,132.67,158.24,121.88,132.72,133.76,95.18,55.52,158.24,132.71,132.5,132.02,164.0,113.59,133.45,132.8,149.87,143.36,133.27
2026-07-22 01:45:00+00:00,131.56,131.4,165.0,117.889999,131.45,132.41,95.18,54.97,158.8,131.45,131.25,130.8,166.0,113.54,132.13,131.52,149.87,143.36,131.96
2026-07-22 02:00:00+00:00,131.14,130.99,163.49,117.870003,131.04,132.02,114.0,63.58,163.49,131.03,130.83,130.3,166.0,111.92,131.73,131.11,145.8,144.35,131.57
2026-07-22 02:15:00+00:00,130.63,130.48,162.01,117.879997,130.53,131.51,114.0,58.58,162.01,130.52,130.32,129.8,166.0,111.77,131.22,130.6,145.8,144.35,131.06
2026-07-22 02:30:00+00:00,131.94,131.77,163.12,117.870003,131.82,132.93,114.0,70.02,163.12,131.82,131.59,131.0,167.0,111.58,132.6,131.9,145.8,144.35,132.42
2026-07-22 02:45:00+00:00,132.54,132.36,162.49,117.85,132.42,133.56,114.0,70.93,159.46,132.41,132.17,131.56,169.74,111.61,133.22,132.5,145.8,144.35,133.03
2026-07-22 03:00:00+00:00,152.85,99.07,152.85,113.370003,134.73,130.54,122.5,57.52,152.85,134.58,120.57,128.24,169.0,111.12,131.16,141.18,148.04,150.01,132.42
2026-07-22 03:15:00+00:00,164.51,96.51,164.51,113.379997,142.33,136.85,122.5,69.67,164.51,141.76,123.17,132.75,171.0,111.25,137.46,150.06,148.04,150.01,138.95
2026-07-22 03:30:00+00:00,163.45,111.39,163.45,113.400002,145.87,142.66,122.5,70.49,163.45,145.72,132.01,138.93,172.0,111.49,143.02,152.16,148.04,150.01,144.09
2026-07-22 03:45:00+00:00,170.67,114.09,170.67,117.83,151.55,148.21,122.5,74.99,170.67,151.39,136.46,143.91,174.0,112.62,148.56,158.4,148.04,150.01,149.7
2026-07-22 04:00:00+00:00,170.0,112.48,170.0,117.830002,152.44,148.28,108.93,63.14,170.0,152.55,136.02,144.26,174.5,113.49,148.77,160.08,152.255,158.89,150.1
2026-07-22 04:15:00+00:00,166.7,131.36,179.71,117.839996,155.82,154.36,108.93,74.0,179.71,155.89,145.55,150.01,174.5,114.33,154.35,160.57,152.255,158.89,154.98
2026-07-22 04:30:00+00:00,168.06,144.69,188.82,125.25,160.77,160.98,108.93,79.28,188.82,160.81,153.79,156.08,176.72,115.34,160.63,163.97,152.255,158.89,160.85
2026-07-22 04:45:00+00:00,150.9,146.08,188.82,125.059998,149.28,150.74,108.93,80.58,188.82,149.29,147.61,147.29,177.89,115.47,150.26,150.01,152.255,158.89,150.07
2026-07-22 05:00:00+00:00,189.03,156.47,189.03,125.43,172.9,162.24,130.0,75.56,189.03,174.89,161.7,156.89,180.98,117.18,163.1,172.38,161.63,158.88,165.07
2026-07-22 05:15:00+00:00,176.19,140.8,195.0,125.419998,162.67,154.32,130.0,72.8,195.0,163.23,150.66,150.03,180.98,116.88,154.99,166.57,161.63,158.88,156.49
2026-07-22 05:30:00+00:00,153.6,133.34,189.03,125.419998,135.09,148.79,130.0,79.99,189.03,140.96,139.67,145.16,180.98,116.13,149.27,118.26,161.63,158.88,150.44
2026-07-22 05:45:00+00:00,133.4,121.0,188.82,123.86,119.65,130.61,130.0,79.99,188.82,124.47,124.7,129.3,178.01,116.12,131.07,105.22,161.63,158.88,132.0
2026-07-22 06:00:00+00:00,190.0,139.86,190.0,126.769997,172.52,163.15,115.05,80.0,190.0,171.97,155.96,158.11,180.98,123.51,164.01,179.73,185.07,149.18,165.81
2026-07-22 06:15:00+00:00,170.59,121.31,188.82,125.73,153.68,143.94,115.05,79.99,188.82,153.09,137.74,141.28,174.5,121.21,151.01,160.85,185.07,149.18,149.28
2026-07-22 06:30:00+00:00,131.76,109.82,171.8,117.870003,124.73,123.18,115.05,75.28,171.8,124.37,118.29,121.54,168.0,116.13,127.14,128.12,185.07,149.18,125.25
2026-07-22 06:45:00+00:00,110.78,109.01,170.0,108.43,110.0,107.79,115.05,70.1,170.0,109.89,108.77,107.0,174.01,115.13,134.24,110.62,185.07,149.18,118.66
2026-07-22 07:00:00+00:00,168.12,122.7,190.0,115.98,124.49,122.4,89.78,74.87,190.0,135.28,123.47,114.48,175.0,114.88,182.83,86.07,191.625,132.61,153.3
2026-07-22 07:15:00+00:00,125.81,107.72,181.73,102.480003,116.0,105.05,89.78,67.49,181.73,116.51,108.67,102.42,171.0,106.65,126.21,116.51,191.625,132.61,115.48
2026-07-22 07:30:00+00:00,102.9,90.3,195.0,86.4,96.62,90.59,89.78,58.89,195.0,96.7,90.98,86.34,160.0,96.86,104.0,98.12,191.625,132.61,96.0
2026-07-22 07:45:00+00:00,67.35,63.31,184.63,60.08,65.49,85.38,89.78,44.3,184.63,65.42,63.18,60.53,145.3,81.09,84.14,66.35,191.625,132.61,71.23
2026-07-22 08:00:00+00:00,105.96,94.57,183.34,91.88,100.02,98.76,66.11,61.35,183.34,100.2,95.37,92.11,147.7,97.14,100.92,101.02,183.945,117.42,92.18
2026-07-22 08:15:00+00:00,102.96,73.58,171.8,68.0,87.48,83.71,66.11,48.78,171.8,88.03,75.95,68.71,129.0,84.01,96.2,89.65,183.945,117.42,60.41
2026-07-22 08:30:00+00:00,81.58,60.1,171.08,58.330002,70.11,66.46,66.11,43.24,171.08,70.59,62.11,57.8,119.8,77.8,81.31,71.35,183.945,117.42,44.31
2026-07-22 08:45:00+00:00,54.11,45.26,153.7,46.630001,49.13,53.87,66.11,36.4,153.7,49.46,46.41,45.99,109.04,70.42,68.63,49.17,183.945,117.42,29.51
2026-07-22 09:00:00+00:00,49.93,48.29,170.0,48.95,48.78,53.31,38.01,39.35,170.0,48.91,48.63,49.24,106.2,71.05,61.13,48.53,164.29,109.24,39.97
2026-07-22 09:15:00+00:00,59.06,42.55,167.49,33.53,48.0,48.15,38.01,30.56,167.49,48.92,33.29,37.27,105.0,73.74,67.4,49.17,164.29,109.24,18.53
2026-07-22 09:30:00+00:00,93.49,37.76,159.72,24.280001,59.74,40.18,38.01,23.65,159.72,61.31,26.05,21.69,99.13,67.21,70.0,64.76,164.29,109.24,0.0
2026-07-22 09:45:00+00:00,86.44,32.11,155.87,17.67,53.64,31.27,38.01,18.77,155.87,55.11,20.31,15.54,97.5,51.28,55.84,58.79,164.29,109.24,0.0
2026-07-22 10:00:00+00:00,67.72,29.59,139.73,24.190001,46.14,28.97,35.47,25.85,139.73,46.6,31.3,21.08,95.1,82.21,41.71,49.61,151.915,81.87,16.0
2026-07-22 10:15:00+00:00,95.41,25.7,138.0,13.38,56.01,27.37,35.47,24.6,138.0,56.83,28.81,9.99,95.01,50.54,78.14,62.41,151.915,81.87,3.58
2026-07-22 10:30:00+00:00,83.47,21.0,131.0,13.38,48.17,22.53,35.47,22.49,131.0,48.9,23.79,6.94,95.0,48.52,67.98,53.89,151.915,81.87,1.1
2026-07-22 10:45:00+00:00,90.75,20.09,112.28,9.1,50.9,17.13,35.47,19.92,112.28,51.68,23.11,3.53,94.52,91.91,45.47,57.55,151.915,81.87,0.06
2026-07-22 11:00:00+00:00,101.32,22.2,134.96,10.0,56.74,18.68,35.03,23.26,134.96,57.6,25.48,3.99,94.52,95.21,50.0,64.18,145.42,73.89,0.0
2026-07-22 11:15:00+00:00,98.68,19.59,134.96,11.47,55.0,14.45,35.03,21.63,134.96,54.7,22.8,0.99,94.52,100.38,43.08,61.96,145.42,73.89,0.0
2026-07-22 11:30:00+00:00,95.78,18.47,134.96,6.7,52.79,13.03,35.03,20.94,134.96,52.92,21.57,0.15,94.15,100.48,40.62,59.86,145.42,73.89,0.0
2026-07-22 11:45:00+00:00,82.02,15.77,136.41,6.63,45.45,10.44,35.03,18.57,136.41,45.19,18.43,0.03,93.51,100.57,29.7,51.32,145.42,73.89,0.0
2026-07-22 12:00:00+00:00,70.42,22.48,141.91,6.38,48.0,3.36,36.0,21.25,141.91,40.01,21.4,0.03,93.51,101.28,8.74,46.59,143.815,72.55,0.03
2026-07-22 12:15:00+00:00,65.08,21.08,131.0,6.44,39.72,3.23,36.0,20.07,131.0,39.61,20.04,0.08,93.51,98.44,8.3,42.8,143.815,72.55,0.0
2026-07-22 12:30:00+00:00,74.58,24.54,119.6,7.04,48.0,3.99,36.0,21.74,119.6,47.7,23.76,0.03,93.0,100.21,10.29,54.12,143.815,72.55,0.0
2026-07-22 12:45:00+00:00,82.85,27.0,121.86,7.28,55.07,5.0,36.0,21.46,121.86,54.83,43.65,0.01,92.01,100.24,12.88,64.39,143.815,72.55,0.0
2026-07-22 13:00:00+00:00,67.24,21.35,139.73,6.91,41.07,2.88,58.99,20.54,139.73,40.06,40.02,0.05,91.72,99.33,7.82,43.3,146.005,85.86,0.0
2026-07-22 13:15:00+00:00,77.65,24.66,138.0,8.74,48.0,2.63,58.99,22.2,138.0,46.04,60.0,0.09,90.0,100.25,13.34,50.15,146.005,85.86,0.0
2026-07-22 13:30:00+00:00,79.58,25.7,136.46,6.62,48.0,3.56,58.99,20.33,136.46,47.97,78.7,0.77,90.0,100.19,15.7,51.21,146.005,85.86,0.0
2026-07-22 13:45:00+00:00,104.5,31.88,136.46,6.7,61.24,8.41,58.99,20.73,136.46,62.67,80.8,1.08,90.0,99.73,32.41,66.67,146.005,85.86,0.0
2026-07-22 14:00:00+00:00,61.46,20.25,143.64,9.1,36.74,5.11,88.07,15.84,143.64,37.89,87.73,1.9,90.0,79.51,11.13,39.8,143.315,108.81,0.0
2026-07-22 14:15:00+00:00,108.0,41.75,144.63,12.13,65.95,12.42,88.07,17.35,144.63,68.83,94.17,5.44,90.78,97.92,25.49,71.43,143.315,108.81,0.0
2026-07-22 14:30:00+00:00,105.18,38.89,149.43,16.36,64.36,13.88,88.07,23.27,149.43,66.68,93.55,6.89,92.52,96.47,27.48,69.39,143.315,108.81,0.0
2026-07-22 14:45:00+00:00,158.9,52.28,158.9,25.08,107.21,38.64,88.07,26.65,158.9,107.43,96.1,22.37,94.01,97.94,63.9,127.27,143.315,108.81,20.95
2026-07-22 15:00:00+00:00,24.99,24.99,147.94,23.66,24.99,24.99,130.0,22.95,147.94,24.99,99.4,24.99,94.52,56.6,24.99,24.99,146.755,139.64,24.99
2026-07-22 15:15:00+00:00,123.34,87.48,154.96,60.119999,108.1,60.68,130.0,44.27,154.96,105.58,96.1,59.6,95.01,100.61,68.71,112.81,146.755,139.64,61.0
2026-07-22 15:30:00+00:00,164.94,112.49,164.94,71.510002,142.21,77.67,130.0,51.02,164.94,141.12,109.95,68.63,98.96,101.62,84.7,155.52,146.755,139.64,76.9
2026-07-22 15:45:00+00:00,170.08,126.61,171.04,101.709999,167.77,100.47,130.0,69.85,171.04,167.43,122.12,99.62,104.6,103.31,104.6,167.43,146.755,139.64,104.6
2026-07-22 16:00:00+00:00,136.0,103.86,148.94,81.75,146.56,88.08,158.5,55.06,148.94,120.19,110.41,82.67,100.0,104.87,104.3,120.19,171.88,153.2,94.77
2026-07-22 16:15:00+00:00,139.46,115.0,166.09,102.400002,129.98,103.28,158.5,67.33,166.09,130.57,115.0,102.38,111.4,107.89,120.1,130.57,171.88,153.2,111.4
2026-07-22 16:30:00+00:00,161.15,132.81,187.0,116.629997,146.16,115.88,158.5,80.3,187.0,147.05,137.96,114.93,123.84,114.45,131.51,147.05,171.88,153.2,123.84
2026-07-22 16:45:00+00:00,165.9,133.0,192.41,127.59,154.04,133.86,158.5,83.7,192.41,154.36,150.02,132.42,142.68,119.28,150.97,155.99,171.88,153.2,142.68
2026-07-22 17:00:00+00:00,137.54,119.0,195.85,125.41,142.4,124.07,162.05,80.85,195.85,143.29,135.79,122.97,143.13,116.9,126.78,139.11,212.14,158.39,126.78
2026-07-22 17:15:00+00:00,165.9,125.99,198.34,127.09,148.04,139.33,162.05,81.04,198.34,165.9,157.41,134.85,158.36,117.8,151.0,163.18,212.14,158.39,147.0
2026-07-22 17:30:00+00:00,186.55,129.5,201.84,132.05,147.47,148.97,162.05,82.37,201.84,184.45,169.2,144.48,162.86,121.68,169.36,181.79,212.14,158.39,162.86
2026-07-22 17:45:00+00:00,194.94,128.0,210.85,138.63,146.49,149.01,162.05,85.66,210.85,194.94,172.01,149.01,174.0,126.41,166.03,192.98,212.14,158.39,164.94
2026-07-22 18:00:00+00:00,184.58,125.78,200.91,138.34,135.0,155.02,169.04,86.96,200.91,191.09,154.55,151.37,159.94,126.84,159.5,186.0,224.615,159.8,159.5
2026-07-22 18:15:00+00:00,189.38,125.31,200.91,141.759995,135.01,158.78,169.04,87.24,200.91,224.0,157.94,154.68,173.0,128.87,160.0,207.1,224.615,159.8,162.66
2026-07-22 18:30:00+00:00,190.97,132.0,208.1,141.330002,131.89,162.78,169.04,86.0,201.84,223.68,162.83,158.27,180.98,129.48,163.83,207.71,224.615,159.8,166.26
2026-07-22 18:45:00+00:00,194.91,135.38,222.82,139.95,131.47,169.29,169.04,83.64,200.91,214.52,159.97,163.72,201.7,129.94,169.9,204.38,224.615,159.8,171.79
2026-07-22 19:00:00+00:00,175.38,161.15,225.0,146.31,130.55,170.34,168.0,91.12,192.41,170.33,166.0,166.36,200.0,133.15,170.0,171.94,223.845,163.03,170.05
2026-07-22 19:15:00+00:00,166.43,161.68,224.52,145.53,130.16,165.77,168.0,89.85,192.41,164.71,163.06,162.43,234.87,132.72,165.34,165.31,223.845,163.03,165.18
2026-07-22 19:30:00+00:00,169.96,157.28,209.22,144.76,130.26,165.44,168.0,87.71,191.24,165.46,161.61,161.95,253.63,132.21,165.14,166.9,223.845,163.03,165.19
2026-07-22 19:45:00+00:00,166.0,149.24,188.82,143.36,131.67,159.12,168.0,81.74,184.64,160.09,155.17,156.3,287.9,131.48,159.0,161.93,223.845,163.03,159.24
2026-07-22 20:00:00+00:00,181.09,157.28,188.82,146.72,144.42,171.41,156.04,90.18,184.63,172.73,165.69,167.24,251.0,133.45,171.21,175.32,225.365,165.0,171.53
2026-07-22 20:15:00+00:00,172.64,149.19,188.82,144.610001,146.33,162.65,156.04,86.66,184.63,164.43,145.1,159.44,250.0,132.12,162.6,166.95,225.365,165.0,162.99
2026-07-22 20:30:00+00:00,171.8,142.68,188.82,143.610001,160.15,158.82,156.04,82.18,171.8,161.62,153.23,155.94,222.01,131.49,158.93,164.72,225.365,165.0,159.52
2026-07-22 20:45:00+00:00,166.22,131.26,166.22,138.380005,153.91,149.97,156.04,77.6,166.22,154.03,144.09,147.82,200.14,129.12,150.3,157.71,225.365,165.0,151.14
2026-07-22 21:00:00+00:00,174.98,134.16,188.82,132.220001,160.15,157.41,115.06,79.55,188.82,160.64,149.17,153.17,199.21,127.29,157.73,163.46,237.0,157.4,158.36
2026-07-22 21:15:00+00:00,166.85,123.26,184.63,130.610001,148.81,153.17,115.06,75.38,184.63,150.64,139.04,143.94,193.13,125.24,153.52,148.07,237.0,157.4,152.27
2026-07-22 21:30:00+00:00,165.9,118.17,165.9,130.699997,147.27,152.42,115.06,75.29,165.9,148.61,135.5,140.56,185.38,125.29,152.75,148.61,237.0,157.4,150.45
2026-07-22 21:45:00+00:00,148.11,124.79,148.11,129.990005,137.3,139.65,115.06,74.72,148.11,138.98,133.26,136.5,180.98,124.65,140.0,134.6,237.0,157.4,140.0
2026-07-22 22:00:00+00:00,187.63,123.77,187.63,134.54,165.22,160.46,86.0,80.08,187.63,164.72,147.39,153.4,190.76,128.65,163.89,172.13,190.125,155.01,162.66
2026-07-22 22:15:00+00:00,173.69,123.79,204.5,133.56,156.16,151.45,86.0,70.7,185.27,155.79,142.34,147.31,189.0,127.85,153.12,161.51,190.125,155.01,153.12
2026-07-22 22:30:00+00:00,165.9,114.52,211.95,132.110001,147.87,142.5,86.0,32.72,179.99,147.49,133.74,139.23,184.99,127.1,144.53,153.35,190.125,155.01,144.53
2026-07-22 22:45:00+00:00,156.64,106.25,190.0,125.599998,138.95,132.39,86.0,13.96,158.01,138.6,125.25,131.08,182.98,124.53,133.28,144.26,190.125,155.01,134.38
2026-07-22 23:00:00+00:00,165.9,120.51,205.0,127.93,149.99,144.26,73.04,74.99,167.81,149.67,137.6,142.47,180.01,130.02,146.57,154.82,166.18,153.2,146.57
2026-07-22 23:15:00+00:00,164.92,112.28,191.02,125.589996,146.5,141.54,73.04,58.97,170.0,146.12,132.14,137.83,178.01,129.47,143.94,152.12,166.18,153.2,143.35
2026-07-22 23:30:00+00:00,164.9,109.42,188.97,125.589996,145.49,140.32,73.04,35.99,166.33,145.09,130.34,136.34,175.32,128.19,142.89,151.42,166.18,153.2,142.21
2026-07-22 23:45:00+00:00,144.09,121.74,175.01,125.59,136.26,133.36,73.04,22.92,167.5,136.1,130.21,132.74,174.84,125.74,133.74,138.61,166.18,153.2,134.23
2026-07-23 00:00:00+00:00,164.98,106.62,180.0,125.58,144.61,139.2,70.03,54.97,172.7,144.15,128.69,135.04,174.84,127.0,142.0,150.85,165.325,151.94,141.24
2026-07-23 00:15:00+00:00,161.53,105.86,178.84,125.58,142.07,135.4,70.03,40.6,166.46,141.65,126.98,133.28,174.6,125.44,136.82,147.96,165.325,151.94,137.47
2026-07-23 00:30:00+00:00,154.25,113.78,175.1,125.57,140.1,134.85,70.03,35.01,164.58,139.79,129.15,133.78,174.5,125.76,135.56,144.37,165.325,151.94,136.45
2026-07-23 00:45:00+00:00,144.46,120.9,168.0,125.57,136.22,133.16,70.03,24.74,160.58,136.05,129.85,132.54,174.5,125.31,133.58,138.71,165.325,151.94,134.09
2026-07-23 01:00:00+00:00,149.22,116.02,172.75,125.580002,137.6,133.06,68.01,35.81,168.18,137.32,128.62,132.42,174.01,124.42,133.57,141.1,169.0,145.55,134.44
2026-07-23 01:15:00+00:00,161.62,108.47,168.0,125.58,143.01,135.76,68.01,30.5,167.9,142.58,128.64,134.73,174.0,126.66,136.57,148.63,169.0,145.55,137.96
2026-07-23 01:30:00+00:00,155.66,109.58,161.46,125.59,139.53,133.24,68.01,21.28,161.46,139.15,127.07,132.35,174.0,124.99,133.95,144.4,169.0,145.55,135.15
2026-07-23 01:45:00+00:00,155.69,109.58,162.75,125.589996,139.55,133.25,68.01,16.42,159.46,139.17,127.07,132.36,174.0,125.25,133.96,144.42,169.0,145.55,135.16
2026-07-23 02:00:00+00:00,149.48,116.78,164.9,125.66,138.06,133.61,70.01,23.96,164.9,137.79,129.21,133.0,174.0,125.56,134.11,141.51,168.735,148.92,134.96
2026-07-23 02:15:00+00:00,164.9,102.69,164.9,125.67,143.17,134.7,70.01,22.44,164.9,142.66,126.34,133.54,174.0,126.03,135.65,149.74,168.735,148.92,137.27
2026-07-23 02:30:00+00:00,162.47,112.7,162.47,134.26,145.08,138.31,70.01,20.84,162.47,144.68,131.62,137.38,174.01,129.44,139.07,150.34,168.735,148.92,140.36
2026-07-23 02:45:00+00:00,162.75,119.69,162.75,136.86,147.71,141.85,70.01,28.45,162.75,147.36,136.06,141.04,174.01,132.59,142.5,152.26,168.735,148.92,143.62
2026-07-23 03:00:00+00:00,165.9,99.11,167.08,128.85,142.53,133.45,75.0,9.72,166.9,142.04,124.37,132.23,174.0,124.97,134.49,149.62,162.5,155.88,136.26
2026-07-23 03:15:00+00:00,166.0,111.02,171.26,134.740005,146.68,139.08,75.0,12.21,171.26,146.31,131.08,138.07,174.0,130.07,139.95,152.55,162.5,155.88,141.43
2026-07-23 03:30:00+00:00,165.9,134.05,165.9,137.75,154.11,149.35,75.0,22.18,165.9,154.13,140.08,147.78,174.5,132.35,149.77,157.81,162.5,155.88,150.64
2026-07-23 03:45:00+00:00,165.9,143.49,165.9,139.54,158.03,155.95,75.0,34.04,165.9,157.85,151.77,154.1,174.5,133.35,156.02,160.46,162.5,155.88,156.45
2026-07-23 04:00:00+00:00,179.46,119.61,179.46,145.36,158.0,150.27,81.0,17.83,179.46,157.8,141.55,148.92,174.0,134.78,151.85,164.57,176.03,158.18,151.85
2026-07-23 04:15:00+00:00,171.19,153.47,188.61,158.97,164.84,162.55,81.0,42.68,188.61,164.78,159.97,162.15,174.01,135.4,163.01,166.78,176.03,158.18,163.01
2026-07-23 04:30:00+00:00,164.98,158.44,196.91,158.64,162.64,161.79,81.0,55.0,196.91,162.61,160.84,161.64,174.84,136.73,161.96,163.35,176.03,158.18,161.96
2026-07-23 04:45:00+00:00,164.01,164.01,195.02,161.059998,136.41,164.01,81.0,89.1,195.02,164.01,164.01,164.01,174.84,139.6,164.01,164.01,176.03,158.18,164.01
2026-07-23 05:00:00+00:00,177.48,167.72,191.0,169.65,114.77,173.16,70.09,72.15,191.0,174.51,171.58,172.95,174.84,140.75,173.34,175.95,185.84,159.8,173.65
2026-07-23 05:15:00+00:00,173.72,173.72,197.7,170.600006,95.73,173.72,70.09,87.85,197.7,173.72,173.72,173.72,174.84,141.34,173.72,173.72,185.84,159.8,173.72
2026-07-23 05:30:00+00:00,165.96,161.35,195.28,160.79,72.01,163.92,70.09,101.99,195.28,164.56,163.18,163.82,174.5,142.56,164.01,165.24,185.84,159.8,164.15
2026-07-23 05:45:00+00:00,165.95,155.27,190.0,157.89,15.49,161.23,70.09,94.0,190.0,162.71,159.5,161.0,172.0,141.61,161.42,164.29,185.84,159.8,161.76
2026-07-23 06:00:00+00:00,174.01,174.01,194.85,170.88,102.08,174.01,71.07,102.59,194.85,174.01,174.01,174.01,174.01,147.31,174.01,174.01,220.32,155.67,174.01
2026-07-23 06:15:00+00:00,162.8,162.8,191.92,159.87,13.14,162.8,71.07,100.87,191.92,162.8,162.8,162.8,173.0,144.79,162.8,162.8,220.32,155.67,162.8
2026-07-23 06:30:00+00:00,160.61,162.66,188.61,158.63,15.49,159.67,71.07,100.17,188.61,160.57,160.34,159.96,160.0,143.0,159.51,132.74,220.32,155.67,159.02
2026-07-23 06:45:00+00:00,144.71,150.12,184.62,141.899994,12.26,142.3,71.07,92.51,184.62,144.6,144.0,143.04,148.32,138.06,141.93,71.36,220.32,155.67,140.44
2026-07-23 07:00:00+00:00,164.97,170.7,187.63,159.88,10.0,161.81,36.0,93.07,187.63,162.9,162.99,162.67,159.76,137.95,161.43,80.77,236.82,139.7,159.76
2026-07-23 07:15:00+00:00,146.69,151.81,175.23,144.47,8.43,143.88,36.0,89.99,175.23,144.84,144.92,144.64,142.23,133.3,143.54,71.57,236.82,139.7,142.04
2026-07-23 07:30:00+00:00,120.67,124.82,180.3,120.16,8.43,118.38,36.0,75.88,180.3,119.17,119.23,119.0,125.15,129.68,118.11,59.69,236.82,139.7,116.9
2026-07-23 07:45:00+00:00,111.83,115.85,173.0,111.459999,10.0,111.43,36.0,71.16,173.0,110.6,110.85,111.0,106.51,122.59,113.46,56.41,236.82,139.7,106.51
2026-07-23 08:00:00+00:00,118.79,123.28,172.7,117.800003,10.0,116.74,70.01,70.41,172.7,118.44,117.8,117.29,114.97,119.83,116.53,59.04,219.82,123.36,114.97
2026-07-23 08:15:00+00:00,105.37,110.59,183.71,108.32,10.0,112.18,70.01,60.49,183.71,105.72,106.14,107.38,105.53,112.1,124.21,52.53,219.82,123.36,92.28
2026-07-23 08:30:00+00:00,95.51,101.0,172.21,100.919998,12.77,107.85,70.01,53.9,172.21,96.3,97.42,99.74,100.0,108.52,127.42,49.34,219.82,123.36,76.88
2026-07-23 08:45:00+00:00,78.67,82.83,169.22,84.739998,27.8,93.22,70.01,47.56,169.22,79.66,102.03,83.51,95.01,108.43,122.46,50.16,219.82,123.36,19.28
2026-07-23 09:00:00+00:00,89.94,93.0,150.0,98.040001,80.0,108.65,66.04,48.81,150.0,91.33,93.29,96.47,95.01,103.42,140.55,83.66,195.73,117.53,41.52
2026-07-23 09:15:00+00:00,84.09,84.25,156.08,84.51,84.38,87.81,66.04,32.4,156.08,84.34,87.23,84.74,85.42,100.16,104.95,84.46,195.73,117.53,16.17
2026-07-23 09:30:00+00:00,78.11,77.76,148.17,77.81,78.23,78.92,66.04,51.1,148.17,78.12,100.08,77.53,81.95,101.61,94.41,78.62,195.73,117.53,0.0
2026-07-23 09:45:00+00:00,47.52,52.2,148.68,62.68,49.47,80.07,66.04,39.51,148.68,50.0,96.4,59.42,45.0,100.97,128.47,46.93,195.73,117.53,0.0
2026-07-23 10:00:00+00:00,49.84,54.04,139.09,62.78,51.59,79.01,54.02,35.12,139.09,52.07,85.41,60.42,38.99,103.38,122.47,49.32,181.75,105.41,7.45
2026-07-23 10:15:00+00:00,39.28,36.5,137.62,37.189999,37.05,42.72,54.02,31.4,137.62,37.28,97.29,35.99,38.88,101.79,61.16,36.62,181.75,105.41,0.0
2026-07-23 10:30:00+00:00,60.45,36.0,146.52,22.53,43.49,22.21,54.02,21.42,146.52,44.07,95.8,20.66,38.77,101.12,24.39,44.84,181.75,105.41,21.77
2026-07-23 10:45:00+00:00,43.37,21.1,143.56,12.48,27.87,9.5,54.02,16.58,143.56,28.43,96.04,7.3,38.77,100.99,13.27,29.01,181.75,105.41,6.46
2026-07-23 11:00:00+00:00,88.25,40.41,139.2,19.48,54.67,20.44,55.08,20.57,139.2,55.98,94.49,11.37,35.0,102.24,37.9,56.62,197.025,106.79,0.0
2026-07-23 11:15:00+00:00,68.18,29.0,139.2,14.96,40.8,10.35,55.08,21.13,139.2,41.82,95.44,4.84,37.43,102.25,20.34,42.61,197.025,106.79,0.0
2026-07-23 11:30:00+00:00,59.13,24.12,140.06,11.88,35.57,4.94,55.08,20.23,140.06,36.47,94.65,1.0,35.0,102.53,11.24,37.53,197.025,106.79,0.0
2026-07-23 11:45:00+00:00,57.4,23.34,141.94,11.27,34.99,3.69,55.08,20.23,141.94,35.87,83.79,0.0,34.98,102.27,9.22,37.06,197.025,106.79,0.0
2026-07-23 12:00:00+00:00,49.36,19.22,139.22,10.68,28.45,1.42,54.05,16.94,139.22,29.09,72.75,0.0,38.99,103.37,2.82,30.11,183.345,105.0,2.82
2026-07-23 12:15:00+00:00,50.58,20.3,153.46,11.1,30.2,1.63,54.05,17.64,153.46,30.86,72.53,0.0,38.99,103.44,3.16,32.03,183.345,105.0,3.16
2026-07-23 12:30:00+00:00,68.0,37.41,153.67,12.69,58.05,5.14,54.05,20.75,153.67,59.02,92.15,0.0,38.99,103.15,8.78,62.56,183.345,105.0,8.78
2026-07-23 12:45:00+00:00,61.02,31.08,155.76,14.06,47.8,3.89,54.05,24.08,155.76,48.65,94.01,0.0,38.88,102.93,6.76,51.34,183.345,105.0,6.76
2026-07-23 13:00:00+00:00,49.28,19.15,156.88,9.75,28.37,1.14,67.99,16.29,156.88,29.03,87.38,0.0,38.88,103.11,2.34,30.05,181.23,115.45,2.88
2026-07-23 13:15:00+00:00,61.01,27.11,153.0,13.2,40.99,2.79,67.99,20.04,153.0,41.85,88.01,0.0,38.66,103.75,4.48,43.75,181.23,115.45,4.48
2026-07-23 13:30:00+00:00,60.22,25.62,164.56,13.78,38.5,2.84,67.99,21.61,164.56,39.36,94.96,0.03,37.88,103.85,4.76,40.96,181.23,115.45,3.04
2026-07-23 13:45:00+00:00,124.37,59.0,168.0,16.13,93.02,13.23,67.99,24.39,168.0,91.99,80.5,0.09,38.66,103.76,22.72,109.13,181.23,115.45,0.09
2026-07-23 14:00:00+00:00,77.66,43.09,176.0,10.0,68.0,4.18,90.02,14.75,176.0,69.04,90.49,0.0,38.66,98.44,7.0,73.61,178.755,121.12,3.07
2026-07-23 14:15:00+00:00,117.05,73.0,187.63,16.59,115.28,15.97,90.02,19.29,187.63,117.05,102.49,3.11,38.77,100.1,30.35,124.58,178.755,121.12,6.85
2026-07-23 14:30:00+00:00,106.24,69.86,191.91,28.74,95.84,27.44,90.02,27.05,191.91,96.83,93.25,24.79,38.99,99.97,30.13,101.95,178.755,121.12,11.2
2026-07-23 14:45:00+00:00,132.57,104.0,191.91,64.339996,130.04,60.09,90.02,49.19,191.91,130.78,101.56,60.09,39.1,99.54,59.93,136.74,178.755,121.12,30.23
2026-07-23 15:00:00+00:00,84.73,65.58,190.0,53.96,73.8,51.54,62.05,40.0,190.0,73.72,88.99,52.99,38.99,104.77,51.08,76.55,184.365,136.6,38.99
2026-07-23 15:15:00+00:00,113.55,101.18,196.2,96.52,109.97,93.75,62.05,64.91,196.2,109.71,99.92,94.82,79.32,108.28,93.91,112.04,184.365,136.6,79.32
2026-07-23 15:30:00+00:00,133.43,120.06,205.75,113.82,130.42,112.13,62.05,75.0,205.75,130.24,118.18,113.51,89.0,114.86,113.09,132.11,184.365,136.6,89.0
2026-07-23 15:45:00+00:00,165.0,130.13,205.0,125.5,158.12,125.18,62.05,84.6,205.0,158.06,129.85,125.5,95.0,121.55,128.88,160.94,184.365,136.6,95.0
2026-07-23 16:00:00+00:00,130.18,117.15,187.63,124.21,130.72,111.54,140.02,84.57,187.63,130.18,114.52,111.39,98.85,120.8,113.57,133.04,189.45,154.01,98.85
2026-07-23 16:15:00+00:00,154.17,141.77,202.27,141.63,153.65,138.77,140.02,88.35,202.27,154.17,140.58,139.21,106.0,126.71,139.21,154.17,189.45,154.01,129.56
2026-07-23 16:30:00+00:00,164.9,158.28,220.18,152.649994,162.22,153.5,140.02,93.62,220.18,162.4,157.38,154.96,110.0,135.38,152.98,162.4,189.45,154.01,139.27
2026-07-23 16:45:00+00:00,170.53,166.7,230.0,160.679993,168.32,165.0,140.02,97.84,230.0,168.41,156.96,165.0,127.09,141.95,165.0,168.42,189.45,154.01,164.92
2026-07-23 17:00:00+00:00,152.77,152.77,204.5,157.009995,152.77,152.77,150.04,97.03,200.91,152.77,150.31,152.77,128.01,139.6,152.77,152.77,227.835,172.6,152.77
2026-07-23 17:15:00+00:00,164.67,164.67,200.91,164.669998,164.67,164.67,150.04,100.33,200.91,164.67,135.36,164.67,148.13,145.38,164.67,164.67,227.835,172.6,164.67
2026-07-23 17:30:00+00:00,168.27,168.27,204.14,168.289993,168.27,168.27,150.04,101.63,201.84,168.27,142.99,168.27,168.27,147.11,168.27,168.27,227.835,172.6,168.27
2026-07-23 17:45:00+00:00,178.69,178.69,240.85,178.699997,175.14,178.69,150.04,103.43,201.84,178.69,149.9,178.69,174.5,149.42,178.69,178.69,227.835,172.6,178.69
2026-07-23 18:00:00+00:00,172.79,172.79,204.59,172.789993,172.79,172.79,143.0,105.56,197.7,172.79,152.18,172.79,168.27,151.71,172.79,172.79,222.575,190.0,172.79
2026-07-23 18:15:00+00:00,189.05,176.96,230.4,183.77,188.45,184.53,143.0,105.31,197.7,189.05,166.18,184.29,175.26,151.76,184.89,189.05,222.575,190.0,184.89
2026-07-23 18:30:00+00:00,194.98,171.38,229.05,184.440002,193.13,185.8,143.0,104.84,197.7,194.25,173.88,185.48,186.92,151.47,186.2,194.25,222.575,190.0,186.92
2026-07-23 18:45:00+00:00,197.5,197.5,234.52,197.51,197.5,197.5,143.0,104.02,197.7,197.5,184.89,197.5,197.5,151.45,197.5,197.5,222.575,190.0,197.5
2026-07-23 19:00:00+00:00,192.84,192.84,225.0,192.84,192.84,192.84,150.02,106.99,197.7,192.84,189.2,192.84,200.0,151.38,192.84,192.84,229.695,190.51,192.84
2026-07-23 19:15:00+00:00,191.79,191.79,225.4,191.8,191.79,191.79,150.02,106.09,197.7,191.79,170.61,191.79,250.0,151.07,191.79,191.79,229.695,190.51,191.79
2026-07-23 19:30:00+00:00,189.7,189.7,205.0,189.71,189.7,189.7,150.02,104.85,192.13,189.7,157.33,189.7,280.63,150.5,189.7,189.7,229.695,190.51,189.7
2026-07-23 19:45:00+00:00,185.67,185.67,192.0,185.679993,185.67,185.67,150.02,103.88,189.09,185.67,137.38,185.67,290.0,150.07,185.67,185.67,229.695,190.51,185.67
2026-07-23 20:00:00+00:00,195.92,195.92,195.92,195.929993,195.92,195.92,122.08,107.64,195.92,195.92,120.29,195.92,250.57,150.02,195.92,195.92,224.155,180.75,195.92
2026-07-23 20:15:00+00:00,188.96,188.96,224.91,188.97,188.96,188.96,122.08,106.04,191.91,188.96,127.09,188.96,250.0,149.44,188.96,188.96,224.155,180.75,188.96
2026-07-23 20:30:00+00:00,184.29,184.29,202.59,184.300003,184.29,184.29,122.08,104.44,188.61,184.29,146.77,184.29,225.0,149.05,184.29,184.29,224.155,180.75,184.29
2026-07-23 20:45:00+00:00,177.0,177.0,191.74,177.01,177.0,177.0,122.08,102.17,186.12,177.0,155.48,177.0,201.33,148.05,177.0,177.0,224.155,180.75,177.0
2026-07-23 21:00:00+00:00,181.68,181.68,197.7,181.690002,181.68,181.68,138.0,107.46,197.7,181.68,138.42,181.68,201.33,147.84,181.68,181.68,221.655,167.04,181.68
2026-07-23 21:15:00+00:00,170.66,170.66,197.7,170.669998,170.66,170.66,138.0,103.99,197.7,170.66,162.84,170.66,198.13,146.23,170.66,170.66,221.655,167.04,170.66
2026-07-23 21:30:00+00:00,166.94,166.94,189.6,166.95,166.94,166.94,138.0,102.13,189.6,166.94,166.94,166.94,190.6,144.62,166.94,166.94,221.655,167.04,166.94
2026-07-23 21:45:00+00:00,162.4,162.4,175.0,162.399994,162.4,162.4,138.0,99.47,175.0,162.4,162.4,162.4,185.29,141.06,162.4,162.4,221.655,167.04,162.4
2026-07-23 22:00:00+00:00,161.0,161.0,201.84,168.23,161.0,161.0,155.56,99.04,201.84,161.0,161.0,161.0,184.5,142.06,161.0,161.0,221.655,165.52,161.0
2026-07-23 22:15:00+00:00,161.0,161.0,238.0,163.65,161.0,161.0,155.56,97.67,201.99,161.0,161.0,161.0,184.0,140.33,161.0,161.0,221.655,165.52,161.0
2026-07-23 22:30:00+00:00,161.0,161.0,225.93,160.59,161.0,161.0,155.56,97.11,201.84,161.0,161.0,161.0,183.0,139.68,161.0,161.0,221.655,165.52,161.0
2026-07-23 22:45:00+00:00,161.0,161.0,202.0,151.56,161.0,161.0,155.56,93.91,201.84,161.0,161.0,161.0,182.0,134.56,161.0,161.0,221.655,165.52,161.0
2026-07-23 23:00:00+00:00,157.2,157.17,222.87,162.68,157.19,157.08,125.99,96.53,204.39,157.19,157.17,157.14,181.0,137.03,157.07,157.2,221.655,161.6,156.38
2026-07-23 23:15:00+00:00,157.2,157.17,205.46,158.02,157.19,157.08,125.99,95.44,204.39,157.19,157.17,157.14,180.0,135.67,157.07,157.2,221.655,161.6,156.38
2026-07-23 23:30:00+00:00,157.2,157.17,202.75,155.9,157.19,157.08,125.99,95.07,198.3,157.19,157.17,157.14,181.0,135.49,157.07,157.2,221.655,161.6,156.38
2026-07-23 23:45:00+00:00,157.2,157.17,192.92,151.95,157.19,157.08,125.99,93.77,192.92,157.19,157.17,157.14,181.0,133.6,157.07,157.2,221.655,161.6,156.38
2026-07-24 00:00:00+00:00,153.41,152.73,192.92,155.27,153.26,150.28,118.05,95.08,192.92,153.17,152.61,151.81,183.9,133.8,149.98,153.63,221.655,158.37,131.14
2026-07-24 00:15:00+00:00,153.41,152.73,192.92,151.7,153.26,150.28,118.05,93.48,192.92,153.17,152.61,151.81,183.0,133.37,149.98,153.63,221.655,158.37,131.14
2026-07-24 00:30:00+00:00,153.41,152.73,192.0,150.4,153.26,150.28,118.05,90.39,192.0,153.17,152.61,151.81,182.01,133.17,149.98,153.63,221.655,158.37,131.14
2026-07-24 00:45:00+00:00,153.41,152.73,190.58,149.16,153.26,150.28,118.05,89.99,190.58,153.17,152.61,151.81,182.0,132.96,149.98,153.63,221.655,158.37,131.14
2026-07-24 01:00:00+00:00,153.98,152.3,192.0,153.55,144.19,152.53,89.06,93.59,171.36,148.9,151.39,153.33,181.31,132.68,151.0,127.66,221.655,157.84,142.29
2026-07-24 01:15:00+00:00,153.98,152.3,192.0,144.67,144.19,152.53,89.06,90.83,168.26,148.9,151.39,153.33,181.31,132.13,151.0,127.66,221.655,157.84,142.29
2026-07-24 01:30:00+00:00,153.98,152.3,191.46,143.96,144.19,152.53,89.06,89.95,164.5,148.9,151.39,153.33,181.0,131.5,151.0,127.66,221.655,157.84,142.29
2026-07-24 01:45:00+00:00,153.98,152.3,190.0,143.61,144.19,152.53,89.06,79.22,164.7,148.9,151.39,153.33,181.0,131.26,151.0,127.66,221.655,157.84,142.29
2026-07-24 02:00:00+00:00,155.26,152.83,181.99,144.68,138.12,153.53,102.81,89.99,164.86,146.09,151.28,155.66,180.01,132.43,150.59,117.29,221.655,163.1,133.15
2026-07-24 02:15:00+00:00,155.26,152.83,178.1,144.29,138.12,153.53,102.81,89.49,166.49,146.09,151.28,155.66,179.0,131.97,150.59,117.29,221.655,163.1,133.15
2026-07-24 02:30:00+00:00,155.26,152.83,176.0,144.82,138.12,153.53,102.81,89.62,168.23,146.09,151.28,155.66,179.0,132.42,150.59,117.29,221.655,163.1,133.15
2026-07-24 02:45:00+00:00,155.26,152.83,176.05,153.62,138.12,153.53,102.81,82.56,176.05,146.09,151.28,155.66,179.0,132.67,150.59,117.29,221.655,163.1,133.15
2026-07-24 03:00:00+00:00,161.49,161.37,175.69,152.42,161.4,161.89,120.12,95.44,165.01,161.39,161.26,161.17,171.0,131.8,161.75,161.45,221.655,165.0,161.59
2026-07-24 03:15:00+00:00,161.49,161.37,158.62,157.92,161.4,161.89,120.12,92.0,158.62,161.39,161.26,161.17,171.63,132.23,161.75,161.45,221.655,165.0,161.59
2026-07-24 03:30:00+00:00,161.49,161.37,165.46,150.92,161.4,161.89,120.12,92.0,165.46,161.39,161.26,161.17,172.0,132.44,161.75,161.45,221.655,165.0,161.59
2026-07-24 03:45:00+00:00,161.49,161.37,169.2,152.69,161.4,161.89,120.12,96.27,169.2,161.39,161.26,161.17,175.0,132.5,161.75,161.45,221.655,165.0,161.59
2026-07-24 04:00:00+00:00,172.86,172.74,168.25,160.21,162.09,173.4,113.72,95.53,168.25,172.76,160.65,172.54,178.98,135.0,173.26,172.83,221.655,174.42,173.16
2026-07-24 04:15:00+00:00,172.86,172.74,177.35,159.35,162.09,173.4,113.72,96.08,177.35,172.76,160.65,172.54,181.0,135.15,173.26,172.83,221.655,174.42,173.16
2026-07-24 04:30:00+00:00,172.86,172.74,175.13,168.11,162.09,173.4,113.72,97.07,175.13,172.76,160.65,172.54,181.31,135.42,173.26,172.83,221.655,174.42,173.16
2026-07-24 04:45:00+00:00,172.86,172.74,171.9,162.58,162.09,173.4,113.72,97.41,171.9,172.76,160.65,172.54,181.31,135.55,173.26,172.83,221.655,174.42,173.16
2026-07-24 05:00:00+00:00,167.52,167.47,192.92,175.56,128.98,167.71,105.09,97.85,192.92,167.47,155.4,167.39,182.0,139.35,167.66,167.5,221.655,170.96,167.63
2026-07-24 05:15:00+00:00,167.52,167.47,197.42,170.3,128.98,167.71,105.09,97.57,197.42,167.47,155.4,167.39,182.0,137.45,167.66,167.5,221.655,170.96,167.63
2026-07-24 05:30:00+00:00,167.52,167.47,190.47,163.06,128.98,167.71,105.09,91.99,190.47,167.47,155.4,167.39,181.31,136.74,167.66,167.5,221.655,170.96,167.63
2026-07-24 05:45:00+00:00,167.52,167.47,190.07,152.0,128.98,167.71,105.09,94.54,190.07,167.47,155.4,167.39,176.0,137.67,167.66,167.5,221.655,170.96,167.63
2026-07-24 06:00:00+00:00,160.65,160.89,187.0,174.02,131.54,159.92,100.0,99.01,187.0,159.31,131.19,160.0,184.0,140.42,159.87,150.87,221.655,162.1,159.71
2026-07-24 06:15:00+00:00,160.65,160.89,166.76,166.77,131.54,159.92,100.0,97.39,166.76,159.31,131.19,160.0,184.99,137.75,159.87,150.87,221.655,162.1,159.71
2026-07-24 06:30:00+00:00,160.65,160.89,187.0,159.5,131.54,159.92,100.0,78.7,187.0,159.31,131.19,160.0,182.0,135.33,159.87,150.87,221.655,162.1,159.71
2026-07-24 06:45:00+00:00,160.65,160.89,166.08,139.93,131.54,159.92,100.0,48.52,166.08,159.31,131.19,160.0,169.82,132.52,159.87,150.87,221.655,162.1,159.71
2026-07-24 07:00:00+00:00,132.8,130.55,201.84,168.81,111.01,135.43,89.83,97.74,201.84,111.46,116.23,132.6,170.0,135.07,140.91,121.11,221.655,131.48,127.36
2026-07-24 07:15:00+00:00,132.8,130.55,195.0,130.47,111.01,135.43,89.83,77.47,195.0,111.46,116.23,132.6,134.23,131.89,140.91,121.11,221.655,131.48,127.36
2026-07-24 07:30:00+00:00,132.8,130.55,190.63,117.42,111.01,135.43,89.83,30.01,190.63,111.46,116.23,132.6,110.13,127.17,140.91,121.11,221.655,131.48,127.36
2026-07-24 07:45:00+00:00,132.8,130.55,172.53,111.23,111.01,135.43,89.83,14.42,172.53,111.46,116.23,132.6,95.08,121.2,140.91,121.11,221.655,131.48,127.36
2026-07-24 08:00:00+00:00,96.55,98.93,187.0,117.35,97.59,112.69,82.06,21.51,187.0,97.85,99.58,102.32,99.0,117.44,133.48,96.34,221.655,106.75,75.93
2026-07-24 08:15:00+00:00,96.55,98.93,166.0,107.14,97.59,112.69,82.06,14.4,166.0,97.85,99.58,102.32,85.2,113.45,133.48,96.34,221.655,106.75,75.93
2026-07-24 08:30:00+00:00,96.55,98.93,152.21,99.57,97.59,112.69,82.06,11.72,152.21,97.85,99.58,102.32,74.52,113.02,133.48,96.34,221.655,106.75,75.93
2026-07-24 08:45:00+00:00,96.55,98.93,153.0,90.27,97.59,112.69,82.06,9.96,153.0,97.85,99.58,102.32,45.0,108.35,133.48,96.34,221.655,106.75,75.93
2026-07-24 09:00:00+00:00,71.21,73.15,154.05,88.84,72.23,86.41,70.0,14.4,154.05,72.4,73.79,75.66,33.78,106.57,112.0,71.34,221.655,67.69,12.41
2026-07-24 09:15:00+00:00,71.21,73.15,155.81,80.14,72.23,86.41,70.0,12.83,155.81,72.4,73.79,75.66,13.35,105.31,112.0,71.34,221.655,67.69,12.41
2026-07-24 09:30:00+00:00,71.21,73.15,156.25,75.71,72.23,86.41,70.0,12.09,156.25,72.4,73.79,75.66,1.5,105.4,112.0,71.34,221.655,67.69,12.41
2026-07-24 09:45:00+00:00,71.21,73.15,156.55,64.76,72.23,86.41,70.0,10.57,156.55,72.4,73.79,75.66,1.0,105.58,112.0,71.34,221.655,67.69,12.41
2026-07-24 10:00:00+00:00,38.22,40.88,143.48,66.02,86.05,58.8,60.04,13.58,143.48,39.58,46.21,44.74,2.2,104.33,68.0,37.72,221.655,39.19,1.48
2026-07-24 10:15:00+00:00,38.22,40.88,140.03,54.41,86.05,58.8,60.04,11.77,140.03,39.58,46.21,44.74,1.5,104.41,68.0,37.72,221.655,39.19,1.48
2026-07-24 10:30:00+00:00,38.22,40.88,140.03,40.35,86.05,58.8,60.04,10.31,140.03,39.58,46.21,44.74,1.15,104.44,68.0,37.72,221.655,39.19,1.48
2026-07-24 10:45:00+00:00,38.22,40.88,140.03,26.72,86.05,58.8,60.04,8.81,140.03,39.58,46.21,44.74,1.08,104.62,68.0,37.72,221.655,39.19,1.48
2026-07-24 11:00:00+00:00,16.8,18.54,138.55,38.82,100.02,30.95,54.0,10.99,138.55,17.65,35.5,21.03,1.08,70.22,49.61,16.25,221.655,17.5,0.0
2026-07-24 11:15:00+00:00,16.8,18.54,140.04,24.63,100.02,30.95,54.0,10.01,140.04,17.65,35.5,21.03,1.0,61.34,49.61,16.25,221.655,17.5,0.0
2026-07-24 11:30:00+00:00,16.8,18.54,140.04,18.91,100.02,30.95,54.0,8.95,140.04,17.65,35.5,21.03,0.66,57.31,49.61,16.25,221.655,17.5,0.0
2026-07-24 11:45:00+00:00,16.8,18.54,140.04,9.29,100.02,30.95,54.0,7.56,140.04,17.65,35.5,21.03,0.51,51.38,49.61,16.25,221.655,17.5,0.0
2026-07-24 12:00:00+00:00,16.13,11.17,140.04,6.79,98.81,10.37,51.06,6.92,140.04,13.52,39.25,6.49,0.66,45.99,12.89,13.34,221.655,11.58,0.26
2026-07-24 12:15:00+00:00,16.13,11.17,88.7,6.62,98.81,10.37,51.06,6.75,88.7,13.52,39.25,6.49,0.51,45.7,12.89,13.34,221.655,11.58,0.26
2026-07-24 12:30:00+00:00,16.13,11.17,89.0,7.4,98.81,10.37,51.06,7.3,89.0,13.52,39.25,6.49,0.51,45.81,12.89,13.34,221.655,11.58,0.26
2026-07-24 12:45:00+00:00,16.13,11.17,96.49,10.65,98.81,10.37,51.06,6.96,96.49,13.52,39.25,6.49,0.51,48.12,12.89,13.34,221.655,11.58,0.26
2026-07-24 13:00:00+00:00,59.63,36.64,138.0,5.55,81.44,17.76,61.06,5.55,138.0,47.66,67.49,14.29,0.54,54.68,23.11,49.03,221.655,45.31,0.29
2026-07-24 13:15:00+00:00,59.63,36.64,133.0,7.35,81.44,17.76,61.06,7.35,133.0,47.66,67.49,14.29,0.51,67.28,23.11,49.03,221.655,45.31,0.29
2026-07-24 13:30:00+00:00,59.63,36.64,122.45,20.89,81.44,17.76,61.06,7.72,122.45,47.66,67.49,14.29,0.1,73.62,23.11,49.03,221.655,45.31,0.29
2026-07-24 13:45:00+00:00,59.63,36.64,131.0,37.8,81.44,17.76,61.06,9.39,131.0,47.66,67.49,14.29,0.01,73.67,23.11,49.03,221.655,45.31,0.29
2026-07-24 14:00:00+00:00,96.11,80.83,128.28,33.33,91.25,63.0,84.0,6.89,128.28,88.16,89.61,68.97,0.28,49.13,60.53,90.69,221.655,96.3,0.66
2026-07-24 14:15:00+00:00,96.11,80.83,132.89,61.39,91.25,63.0,84.0,7.4,132.89,88.16,89.61,68.97,0.51,68.17,60.53,90.69,221.655,96.3,0.66
2026-07-24 14:30:00+00:00,96.11,80.83,139.94,81.9,91.25,63.0,84.0,7.9,139.94,88.16,89.61,68.97,0.77,92.44,60.53,90.69,221.655,96.3,0.66
2026-07-24 14:45:00+00:00,96.11,80.83,138.43,102.13,91.25,63.0,84.0,9.81,138.43,88.16,89.61,68.97,1.08,101.6,60.53,90.69,221.655,96.3,0.66
2026-07-24 15:00:00+00:00,119.14,117.09,141.0,76.7,133.48,108.65,88.55,9.27,141.0,118.49,124.64,114.02,1.08,105.65,106.32,119.95,221.655,126.01,52.63
2026-07-24 15:15:00+00:00,119.14,117.09,141.41,111.49,133.48,108.65,88.55,10.01,141.41,118.49,124.64,114.02,2.0,111.74,106.32,119.95,221.655,126.01,52.63
2026-07-24 15:30:00+00:00,119.14,117.09,144.09,126.22,133.48,108.65,88.55,12.41,144.09,118.49,124.64,114.02,2.99,116.61,106.32,119.95,221.655,126.01,52.63
2026-07-24 15:45:00+00:00,119.14,117.09,153.9,140.15,133.48,108.65,88.55,20.4,153.9,118.49,124.64,114.02,3.43,121.45,106.32,119.95,221.655,126.01,52.63
2026-07-24 16:00:00+00:00,157.62,156.52,153.9,127.04,148.46,152.13,125.95,12.71,153.9,157.24,156.23,154.67,3.43,126.59,150.15,158.01,221.655,159.8,127.03
2026-07-24 16:15:00+00:00,157.62,156.52,171.28,147.38,148.46,152.13,125.95,29.28,171.28,157.24,156.23,154.67,5.88,130.44,150.15,158.01,221.655,159.8,127.03
2026-07-24 16:30:00+00:00,157.62,156.52,166.94,161.05,148.46,152.13,125.95,74.3,166.94,157.24,156.23,154.67,25.0,135.08,150.15,158.01,221.655,159.8,127.03
2026-07-24 16:45:00+00:00,157.62,156.52,183.52,174.15,148.46,152.13,125.95,92.0,183.52,157.24,156.23,154.67,44.52,136.69,150.15,158.01,221.655,159.8,127.03
2026-07-24 17:00:00+00:00,180.64,180.43,187.63,148.77,123.46,179.53,114.1,61.68,187.63,180.56,180.37,180.14,55.52,136.39,178.96,180.7,221.655,186.99,175.91
2026-07-24 17:15:00+00:00,180.64,180.43,192.28,175.92,123.46,179.53,114.1,70.0,192.28,180.56,180.37,180.14,82.5,137.09,178.96,180.7,221.655,186.99,175.91
2026-07-24 17:30:00+00:00,180.64,180.43,201.84,190.23,123.46,179.53,114.1,70.97,201.84,180.56,180.37,180.14,97.0,137.03,178.96,180.7,221.655,186.99,175.91
2026-07-24 17:45:00+00:00,180.64,180.43,204.95,204.95,123.46,179.53,114.1,89.99,204.95,180.56,180.37,180.14,110.0,138.43,178.96,180.7,221.655,186.99,175.91
2026-07-24 18:00:00+00:00,197.13,198.62,204.39,188.45,114.8,200.93,130.08,78.78,204.39,197.71,198.95,200.04,110.13,137.09,200.06,196.79,221.655,197.76,182.63
2026-07-24 18:15:00+00:00,197.13,198.62,204.39,194.44,114.8,200.93,130.08,78.44,204.39,197.71,198.95,200.04,155.5,137.09,200.06,196.79,221.655,197.76,182.63
2026-07-24 18:30:00+00:00,197.13,198.62,204.39,206.82,114.8,200.93,130.08,81.51,204.39,197.71,198.95,200.04,180.01,137.14,200.06,196.79,221.655,197.76,182.63
2026-07-24 18:45:00+00:00,197.13,198.62,207.33,212.96,114.8,200.93,130.08,80.84,207.33,197.71,198.95,200.04,184.24,137.16,200.06,196.79,221.655,197.76,182.63
2026-07-24 19:00:00+00:00,200.04,201.76,204.39,210.14,135.06,203.98,139.08,91.99,204.39,200.88,202.08,203.17,183.0,139.13,203.15,199.98,221.655,194.0,186.29
2026-07-24 19:15:00+00:00,200.04,201.76,204.39,207.5,135.06,203.98,139.08,90.0,204.39,200.88,202.08,203.17,186.79,139.05,203.15,199.98,221.655,194.0,186.29
2026-07-24 19:30:00+00:00,200.04,201.76,204.32,201.68,135.06,203.98,139.08,89.94,204.32,200.88,202.08,203.17,188.13,138.91,203.15,199.98,221.655,194.0,186.29
2026-07-24 19:45:00+00:00,200.04,201.76,201.84,195.6,135.06,203.98,139.08,77.67,201.84,200.88,202.08,203.17,187.25,139.21,203.15,199.98,221.655,194.0,186.29
2026-07-24 20:00:00+00:00,193.37,194.0,204.39,208.01,124.63,194.83,150.02,93.9,204.39,193.68,194.12,194.52,190.93,137.54,194.52,193.34,221.655,190.0,188.28
2026-07-24 20:15:00+00:00,193.37,194.0,204.39,197.78,124.63,194.83,150.02,80.15,204.39,193.68,194.12,194.52,189.04,137.13,194.52,193.34,221.655,190.0,188.28
2026-07-24 20:30:00+00:00,193.37,194.0,204.39,188.64,124.63,194.83,150.02,55.41,204.39,193.68,194.12,194.52,188.64,136.37,194.52,193.34,221.655,190.0,188.28
2026-07-24 20:45:00+00:00,193.37,194.0,201.84,184.5,124.63,194.83,150.02,79.41,201.84,193.68,194.12,194.52,184.5,136.94,194.52,193.34,221.655,190.0,188.28
2026-07-24 21:00:00+00:00,180.12,180.12,204.39,185.48,140.29,180.12,133.2,94.12,204.39,180.12,180.12,180.12,185.48,137.51,180.12,180.12,221.655,179.7,180.12
2026-07-24 21:15:00+00:00,180.12,180.12,202.24,183.0,140.29,180.12,133.2,92.61,202.24,180.12,180.12,180.12,183.0,137.49,180.12,180.12,221.655,179.7,180.12
2026-07-24 21:30:00+00:00,180.12,180.12,201.84,181.31,140.29,180.12,133.2,77.88,201.84,180.12,180.12,180.12,181.31,136.65,180.12,180.12,221.655,179.7,180.12
2026-07-24 21:45:00+00:00,180.12,180.12,191.53,170.67,140.29,180.12,133.2,57.7,191.53,180.12,180.12,180.12,170.67,135.65,180.12,180.12,221.655,179.7,180.12
2026-07-24 22:00:00+00:00,175.92,175.92,200.0,175.92,175.92,175.92,105.0,44.69,200.0,175.92,175.92,175.92,175.92,135.47,175.92,175.92,192.935,162.1,175.92
2026-07-24 22:15:00+00:00,168.63,168.63,199.88,168.630005,151.7,168.63,105.0,30.01,199.88,168.63,168.63,168.63,175.41,134.31,168.63,168.63,192.935,162.1,168.63
2026-07-24 22:30:00+00:00,167.09,166.64,190.0,165.8,134.62,164.66,105.0,30.0,190.0,166.94,166.53,165.98,169.86,134.17,163.43,167.24,192.935,162.1,156.61
2026-07-24 22:45:00+00:00,161.24,159.92,190.0,157.49,134.36,154.18,105.0,10.01,190.0,160.79,159.62,158.01,164.5,132.61,150.61,161.67,192.935,162.1,130.84
2026-07-24 23:00:00+00:00,170.01,170.01,195.18,170.009995,135.36,170.01,82.86,13.56,195.18,170.01,170.01,170.01,175.41,132.57,170.01,170.01,169.15,159.52,170.01
2026-07-24 23:15:00+00:00,156.1,155.91,189.09,156.580002,135.93,156.89,82.86,10.39,189.09,154.24,155.62,156.79,171.0,131.72,156.96,144.57,169.15,159.52,156.96
2026-07-24 23:30:00+00:00,158.31,157.4,183.97,160.37,136.03,161.64,82.86,9.24,183.97,149.85,156.08,161.32,170.0,131.09,161.88,106.19,169.15,159.52,161.32
2026-07-24 23:45:00+00:00,154.73,153.27,190.0,156.98,130.13,158.1,82.86,8.6,190.0,143.07,151.41,158.32,168.0,130.78,157.83,83.39,169.15,159.52,153.75
2026-07-25 00:00:00+00:00,162.0,162.0,201.7,162.0,133.8,162.0,76.89,8.8,201.7,162.0,162.0,162.0,164.5,131.29,162.0,162.0,157.035,155.51,162.0
2026-07-25 00:15:00+00:00,159.51,159.2,190.0,158.62,128.14,157.83,76.89,8.34,190.0,159.4,159.13,158.72,163.82,131.0,156.99,159.61,157.035,155.51,152.15
2026-07-25 00:30:00+00:00,165.05,163.96,180.0,161.889999,125.47,159.06,76.89,7.77,180.0,164.66,163.68,162.25,160.64,130.71,156.09,165.41,157.035,155.51,138.9
2026-07-25 00:45:00+00:00,162.47,161.01,188.3,158.259995,121.9,154.49,76.89,7.12,188.3,161.95,160.64,158.74,159.06,130.49,150.52,162.95,157.035,155.51,127.61
2026-07-25 01:00:00+00:00,166.93,165.01,186.0,161.37,125.2,156.42,88.02,9.36,186.0,166.23,164.55,162.0,159.06,131.07,151.24,167.55,149.75,150.0,122.1
2026-07-25 01:15:00+00:00,162.97,160.51,186.0,160.11,128.9,156.85,88.02,8.99,186.0,155.05,158.95,161.32,157.48,130.56,152.63,118.87,149.75,150.0,127.2
2026-07-25 01:30:00+00:00,162.36,159.59,190.63,159.570007,122.02,156.23,88.02,8.13,190.63,152.69,157.73,160.98,157.21,130.29,151.71,107.9,149.75,150.0,124.29
2026-07-25 01:45:00+00:00,154.06,151.47,191.5,153.570007,120.67,152.0,88.02,7.45,191.5,141.47,149.23,155.11,155.9,130.2,148.98,80.53,149.75,150.0,129.25
2026-07-25 02:00:00+00:00,163.65,161.03,168.58,154.880005,119.31,149.29,88.86,9.72,168.58,162.7,160.41,156.89,155.9,128.27,142.21,164.5,138.84,148.13,102.48
2026-07-25 02:15:00+00:00,156.54,154.77,171.85,148.839996,123.9,146.88,88.86,9.18,171.85,155.9,154.36,151.99,154.24,128.07,142.12,157.11,138.84,148.13,115.4
2026-07-25 02:30:00+00:00,152.25,151.16,177.18,141.929993,135.0,146.58,88.86,8.54,177.18,151.84,150.88,149.4,153.6,127.69,143.68,152.59,138.84,148.13,127.6
2026-07-25 02:45:00+00:00,151.91,151.17,185.0,132.630005,135.96,149.17,88.86,7.81,185.0,151.58,150.86,149.77,150.21,127.51,147.36,152.07,138.84,148.13,137.97
2026-07-25 03:00:00+00:00,154.72,152.49,185.0,132.589996,149.64,145.76,77.01,7.66,185.0,151.8,151.55,150.12,150.0,127.47,140.59,141.98,131.295,148.11,112.77
2026-07-25 03:15:00+00:00,148.15,146.65,180.0,131.96,138.18,145.6,77.01,7.38,180.0,143.19,145.59,147.0,147.97,126.97,143.2,120.13,131.295,148.11,129.9
2026-07-25 03:30:00+00:00,147.53,146.3,170.02,131.35,135.0,147.97,77.01,7.67,170.02,141.46,145.12,147.84,147.66,126.27,146.77,111.64,131.295,148.11,139.81
2026-07-25 03:45:00+00:00,139.62,139.31,163.15,130.490005,135.0,140.76,77.01,6.95,163.15,137.41,138.88,140.05,146.37,125.81,140.72,126.27,131.295,148.11,140.44
2026-07-25 04:00:00+00:00,162.69,160.93,174.65,130.440002,118.3,155.34,75.0,9.41,174.65,161.99,160.27,157.71,148.5,124.04,151.7,163.19,123.725,140.1,123.9
2026-07-25 04:15:00+00:00,136.87,136.61,177.35,130.429993,134.4,135.92,75.0,9.51,177.35,136.76,136.5,136.12,149.21,124.64,135.66,136.94,123.725,140.1,130.24
2026-07-25 04:30:00+00:00,130.91,130.56,177.12,129.929993,118.58,129.1,75.0,9.36,177.12,130.79,130.48,130.01,150.0,121.92,128.76,131.05,123.725,140.1,120.2
2026-07-25 04:45:00+00:00,117.88,117.8,170.23,117.669998,15.34,117.46,75.0,9.35,170.23,117.86,117.78,117.68,148.24,115.58,117.38,117.92,123.725,140.1,115.37
2026-07-25 05:00:00+00:00,137.24,136.91,164.5,133.429993,118.66,135.55,105.03,12.33,164.5,137.13,136.83,136.39,149.2,121.83,135.23,137.37,115.645,121.96,127.17
2026-07-25 05:15:00+00:00,120.13,120.08,157.42,119.98,11.0,119.85,105.03,10.99,157.42,120.11,120.06,119.99,145.34,115.29,119.8,120.15,115.645,121.96,118.46
2026-07-25 05:30:00+00:00,107.52,107.52,150.0,107.519997,8.0,107.52,105.03,10.71,150.0,107.52,107.52,107.52,140.0,105.68,107.52,107.52,115.645,121.96,107.52
2026-07-25 05:45:00+00:00,97.48,97.5,139.92,97.33,0.01,97.31,105.03,11.27,139.92,97.19,102.15,97.32,125.42,101.91,97.3,95.3,115.645,121.96,97.25
2026-07-25 06:00:00+00:00,122.67,120.15,147.79,121.79,5.11,123.36,59.26,10.01,147.79,103.86,115.08,122.67,124.88,111.62,123.85,-1.0,93.01,110.5,124.88
2026-07-25 06:15:00+00:00,102.71,101.89,148.0,102.09,0.0,103.02,59.26,10.84,148.0,87.48,102.15,102.71,103.13,104.07,103.21,0.0,93.01,110.5,103.13
2026-07-25 06:30:00+00:00,79.93,79.22,144.34,79.440002,0.0,80.29,59.26,10.02,144.34,67.84,110.92,79.93,81.1,80.89,80.55,0.0,93.01,110.5,81.1
2026-07-25 06:45:00+00:00,28.73,27.24,140.27,28.29,-0.01,29.08,59.26,10.0,140.27,20.28,110.45,28.73,29.86,29.13,29.33,-10.73,93.01,110.5,29.86
2026-07-25 07:00:00+00:00,40.52,41.4,161.84,36.15,-0.01,39.42,39.03,10.82,161.84,38.2,75.05,39.61,38.99,62.65,39.29,19.96,37.485,38.0,38.99
2026-07-25 07:15:00+00:00,5.14,5.23,168.12,5.01,-0.01,5.03,39.03,5.12,168.12,4.9,20.3,5.05,4.98,42.4,5.01,2.98,37.485,38.0,4.98
2026-07-25 07:30:00+00:00,0.01,0.01,150.63,3.94,-0.01,0.01,39.03,4.29,150.63,0.01,0.01,0.01,0.01,39.8,0.01,0.01,37.485,38.0,0.01
2026-07-25 07:45:00+00:00,0.0,0.0,147.13,2.05,-0.01,0.0,39.03,3.86,147.13,0.0,0.0,0.0,0.0,40.15,0.0,0.0,37.485,38.0,0.0
2026-07-25 08:00:00+00:00,0.0,0.0,163.46,1.98,-0.01,0.0,6.98,3.69,163.46,0.0,0.0,0.0,0.0,56.42,0.0,0.0,27.82,1.56,0.0
2026-07-25 08:15:00+00:00,-0.01,-0.01,152.25,1.97,-0.01,-0.01,6.98,3.67,152.25,-0.01,-0.01,-0.01,-0.01,56.47,-0.01,-0.01,27.82,1.56,-0.01
2026-07-25 08:30:00+00:00,-0.07,-0.07,136.0,2.03,-0.02,-0.07,6.98,3.84,136.0,-0.07,-0.07,-0.07,-0.07,56.45,-0.07,-0.07,27.82,1.56,-0.07
2026-07-25 08:45:00+00:00,-0.39,-0.39,122.0,1.8,-0.02,-0.39,6.98,3.67,122.0,-0.39,-0.39,-0.39,-0.39,56.31,-0.39,-0.39,27.82,1.56,-0.39
2026-07-25 09:00:00+00:00,-0.82,-0.82,99.0,1.53,-0.01,-0.82,1.01,3.59,99.0,-0.82,-0.82,-0.82,-0.82,57.57,-0.82,-0.82,47.985,0.0,-0.82
2026-07-25 09:15:00+00:00,-1.19,-1.19,88.5,1.05,-0.01,-1.19,1.01,2.99,88.5,-1.19,-1.19,-1.19,-1.1,56.64,-1.19,-1.19,47.985,0.0,-1.19
2026-07-25 09:30:00+00:00,-3.41,-3.41,68.28,-0.04,-0.01,-3.41,1.01,2.86,68.28,-3.41,-3.41,-3.41,-1.81,54.71,-3.41,-3.41,47.985,0.0,-3.41
2026-07-25 09:45:00+00:00,-5.01,-5.01,70.0,-0.86,-0.01,-5.01,1.01,2.7,70.0,-5.01,-5.01,-5.01,-2.0,53.78,-5.01,-5.01,47.985,0.0,-5.01
2026-07-25 10:00:00+00:00,-4.82,-4.82,70.0,-0.26,-0.01,-4.82,1.01,3.59,70.0,-4.82,-4.82,-4.82,-1.0,27.04,-4.82,-4.82,72.72,-3.74,-4.82
2026-07-25 10:15:00+00:00,-5.0,-5.0,90.0,-0.53,-0.01,-5.0,1.01,3.25,90.0,-5.0,0.0,-5.0,-1.0,27.04,-5.0,-5.0,72.72,-3.74,-5.0
2026-07-25 10:30:00+00:00,-5.54,-5.54,93.53,-0.89,-0.01,-5.54,1.01,2.96,93.53,-5.54,-5.54,-5.54,-1.0,12.24,-5.54,-5.54,72.72,-3.74,-5.54
2026-07-25 10:45:00+00:00,-8.46,-8.46,100.0,-2.35,-0.01,-8.46,1.01,2.72,100.0,-8.46,-8.46,-8.46,-1.0,6.84,-8.46,-8.46,72.72,-3.74,-8.46
2026-07-25 11:00:00+00:00,-7.43,-7.75,90.0,-2.8,-0.01,-7.92,1.29,2.15,90.0,-7.64,-7.79,-7.99,-1.0,14.62,-7.18,-7.61,93.25,-5.05,-7.59
2026-07-25 11:15:00+00:00,-6.73,-8.65,90.0,-3.07,-0.01,-9.9,1.29,2.05,90.0,-8.02,0.0,-9.98,-1.0,24.11,-9.84,-7.95,93.25,-5.05,-9.68
2026-07-25 11:30:00+00:00,-10.0,-10.26,90.0,-3.44,-0.01,-10.43,1.29,1.89,90.0,-10.18,-3.59,-10.44,-1.0,23.69,-10.42,-10.17,93.25,-5.05,-10.4
2026-07-25 11:45:00+00:00,-10.69,-11.1,91.73,-5.28,-0.01,-11.36,1.29,1.81,91.73,-10.96,-6.79,-11.38,-1.0,22.96,-11.35,-10.95,93.25,-5.05,-11.32
2026-07-25 12:00:00+00:00,-5.0,-10.5,90.0,-7.67,-0.01,-13.24,1.61,1.67,90.0,-8.56,0.0,-15.01,-1.0,6.6,3.54,-7.93,109.295,-1.37,-5.0
2026-07-25 12:15:00+00:00,-3.13,-9.27,90.0,-7.32,-0.01,-12.34,1.61,1.68,90.0,-7.1,-7.36,-14.31,-1.0,6.58,6.43,-6.4,109.295,-1.37,-3.13
2026-07-25 12:30:00+00:00,-1.0,-6.94,99.0,-6.01,-0.01,-9.9,1.61,1.52,99.0,-4.84,-7.83,-11.81,-1.0,6.1,8.23,-4.16,109.295,-1.37,-1.0
2026-07-25 12:45:00+00:00,-2.67,-5.43,104.24,-3.5,-0.01,-7.04,1.61,1.8,104.24,-4.11,0.0,-7.99,-1.0,5.85,1.74,-3.16,109.295,-1.37,-2.67
2026-07-25 13:00:00+00:00,2.19,-2.77,99.42,-2.72,-0.02,-5.6,16.41,1.66,99.42,-0.82,0.0,-6.47,-1.02,27.35,-3.48,0.0,110.735,10.26,-1.02
2026-07-25 13:15:00+00:00,1.07,-1.56,99.0,-1.11,-0.02,-3.28,16.41,1.86,99.0,-0.29,0.0,-3.72,-1.02,27.77,-2.25,0.59,110.735,10.26,-1.02
2026-07-25 13:30:00+00:00,0.48,-0.87,70.0,-0.08,-0.02,-2.32,16.41,2.12,70.0,-0.22,-1.04,-2.01,-1.02,26.92,-1.26,0.23,110.735,10.26,-1.02
2026-07-25 13:45:00+00:00,-0.3,-0.83,70.0,0.35,-0.01,-1.31,16.41,1.99,70.0,-0.72,0.0,-1.21,-1.0,23.69,-1.03,-0.1,110.735,10.26,-1.0
2026-07-25 14:00:00+00:00,0.08,-0.57,100.0,0.81,-0.01,-1.36,39.99,2.76,100.0,-0.31,0.01,-1.06,-0.68,56.06,-0.64,0.08,110.555,69.59,-0.68
2026-07-25 14:15:00+00:00,-0.06,-0.09,120.0,1.53,-0.01,-0.12,39.99,3.19,120.0,-0.07,1.94,-0.12,-0.5,56.48,-0.12,0.0,110.555,69.59,-0.11
2026-07-25 14:30:00+00:00,0.01,-0.05,133.9,1.59,0.0,-0.09,39.99,3.74,133.9,-0.03,41.13,-0.09,-0.39,57.07,-0.09,0.01,110.555,69.59,-0.09
2026-07-25 14:45:00+00:00,0.02,0.0,137.38,1.6,0.01,-0.01,39.99,4.1,137.38,0.01,83.37,-0.01,-0.16,57.26,-0.01,0.01,110.555,69.59,-0.01
2026-07-25 15:00:00+00:00,0.01,0.0,135.29,2.47,0.0,-0.01,94.93,4.74,135.29,0.0,110.91,-0.01,-0.05,60.1,-0.01,0.0,108.03,115.41,-0.01
2026-07-25 15:15:00+00:00,0.84,0.36,141.27,3.92,0.64,0.0,94.93,5.25,141.27,0.62,112.31,0.0,-0.01,60.17,0.01,0.76,108.03,115.41,0.0
2026-07-25 15:30:00+00:00,51.68,23.96,144.44,8.4,40.66,2.42,94.93,8.52,144.44,38.69,118.59,2.59,0.0,73.24,2.59,47.03,108.03,115.41,0.0
2026-07-25 15:45:00+00:00,175.25,100.45,175.25,37.12,154.48,40.0,94.93,15.31,175.25,149.48,117.39,42.42,0.0,97.28,40.0,175.25,108.03,115.41,14.76
2026-07-25 16:00:00+00:00,67.25,44.38,143.11,22.65,152.71,21.84,135.02,13.92,143.11,57.19,122.84,21.95,0.0,59.48,22.31,58.67,146.29,135.69,21.95
2026-07-25 16:15:00+00:00,134.54,116.82,150.0,99.96,165.41,96.27,135.02,15.05,150.0,126.68,114.04,99.1,0.28,104.74,95.39,128.47,146.29,135.69,71.13
2026-07-25 16:30:00+00:00,138.46,129.14,190.85,120.19,134.2,118.41,135.02,10.86,190.85,134.32,127.67,119.75,1.08,112.87,117.91,135.27,146.29,135.69,104.83
2026-07-25 16:45:00+00:00,181.97,161.21,201.84,127.339996,172.33,139.98,135.02,22.3,201.84,172.7,157.81,139.98,2.0,115.04,139.38,174.45,146.29,135.69,130.42
2026-07-25 17:00:00+00:00,138.92,138.92,197.34,138.919998,126.76,138.92,158.5,49.99,197.34,138.92,138.92,138.92,0.01,118.85,138.92,138.92,166.975,154.0,138.92
2026-07-25 17:15:00+00:00,151.3,151.48,201.84,143.259995,135.0,150.86,158.5,69.59,201.84,151.5,151.78,150.0,1.5,120.73,150.88,151.42,166.975,154.0,150.84
2026-07-25 17:30:00+00:00,168.58,168.83,204.39,142.169998,136.01,163.44,158.5,69.99,204.39,169.2,170.01,163.89,21.54,122.19,162.42,169.15,166.975,154.0,155.51
2026-07-25 17:45:00+00:00,183.95,183.1,204.39,155.89,140.68,174.91,158.5,56.35,204.39,183.93,183.9,176.87,76.31,125.2,171.81,184.44,166.975,154.0,154.25
2026-07-25 18:00:00+00:00,163.23,163.18,201.84,162.559998,156.53,163.37,163.55,66.82,201.84,163.19,163.14,163.01,79.96,130.32,163.33,163.21,178.44,158.14,163.3
2026-07-25 18:15:00+00:00,174.11,173.88,203.14,170.669998,152.45,174.82,163.55,50.0,203.14,173.9,173.66,172.99,97.5,132.62,174.62,173.99,178.44,158.14,174.47
2026-07-25 18:30:00+00:00,176.5,176.92,201.84,156.119995,159.71,173.61,163.55,50.0,201.84,177.09,177.93,173.49,126.33,133.51,173.62,176.95,178.44,158.14,168.63
2026-07-25 18:45:00+00:00,174.69,174.04,202.62,164.93,153.69,171.17,163.55,43.02,202.62,174.46,174.13,171.75,155.9,133.54,170.57,174.83,178.44,158.14,155.9
2026-07-25 19:00:00+00:00,170.31,172.61,212.06,174.990005,164.41,174.86,154.88,53.34,204.39,171.57,173.0,174.48,153.6,133.79,174.16,170.49,184.055,163.1,153.6
2026-07-25 19:15:00+00:00,169.55,170.69,204.39,171.5,164.41,171.94,154.88,29.11,204.39,170.16,170.86,171.54,161.16,133.32,171.56,169.63,184.055,163.1,161.16
2026-07-25 19:30:00+00:00,165.5,165.5,200.0,165.5,165.5,165.5,154.88,13.64,200.0,165.5,165.5,165.5,165.5,132.33,165.5,165.5,184.055,163.1,165.5
2026-07-25 19:45:00+00:00,164.78,164.78,194.62,164.78,164.41,164.78,154.88,6.95,194.62,164.78,164.78,164.78,164.78,132.08,164.78,164.78,184.055,163.1,164.78
2026-07-25 20:00:00+00:00,173.22,173.22,204.39,173.220001,155.82,173.22,160.0,6.95,204.39,173.22,173.22,173.22,173.22,131.48,173.22,173.22,190.615,164.3,173.22
2026-07-25 20:15:00+00:00,165.16,165.16,195.18,165.16,142.3,165.16,160.0,5.06,195.18,165.16,165.16,165.16,165.16,131.34,165.16,165.16,190.615,164.3,165.16
2026-07-25 20:30:00+00:00,164.99,164.99,201.84,164.990005,140.38,164.99,160.0,2.92,201.84,164.99,164.99,164.99,164.99,131.08,164.99,164.99,190.615,164.3,164.99
2026-07-25 20:45:00+00:00,158.56,158.56,198.59,158.56,158.56,158.56,160.0,2.47,198.59,158.56,158.56,158.56,158.56,130.92,158.56,158.56,190.615,164.3,158.56
2026-07-25 21:00:00+00:00,166.84,166.84,201.84,166.84,166.84,166.84,117.0,2.19,201.84,166.84,166.84,166.84,166.84,130.38,166.84,166.84,189.73,159.4,166.84
2026-07-25 21:15:00+00:00,160.33,160.33,189.83,160.33,160.33,160.33,117.0,1.99,189.83,160.33,160.33,160.33,160.33,129.9,160.33,160.33,189.73,159.4,160.33
2026-07-25 21:30:00+00:00,160.64,160.64,160.64,160.639999,160.64,160.64,117.0,1.9,160.64,160.64,160.64,160.64,160.64,129.66,160.64,160.64,189.73,159.4,160.64
2026-07-25 21:45:00+00:00,152.19,152.19,152.19,152.190002,152.19,152.19,117.0,1.8,152.19,152.19,152.19,152.19,152.19,129.04,152.19,152.19,189.73,159.4,152.19
2026-07-25 22:00:00+00:00,147.39,147.13,201.28,148.14,135.73,147.95,79.93,1.81,201.28,144.76,146.55,148.59,139.35,138.06,147.69,133.59,166.82,151.45,139.35
2026-07-25 22:15:00+00:00,152.11,151.7,201.84,153.979996,134.42,153.86,79.93,1.51,201.84,146.53,150.75,154.88,135.47,137.96,153.86,126.46,166.82,151.45,135.47
2026-07-25 22:30:00+00:00,149.58,149.73,201.7,153.899994,135.32,156.17,79.93,1.32,201.7,142.59,149.02,154.92,131.06,137.85,160.12,120.66,166.82,151.45,131.06
2026-07-25 22:45:00+00:00,146.4,146.82,195.18,152.490005,128.72,156.25,79.93,1.0,195.18,137.79,146.02,153.73,129.48,137.7,162.7,110.36,166.82,151.45,124.25
2026-07-25 23:00:00+00:00,142.31,143.82,204.39,149.710007,133.08,158.13,72.0,0.93,204.39,138.39,143.86,150.01,132.64,137.63,172.61,118.31,159.9,144.11,132.64
2026-07-25 23:15:00+00:00,140.0,141.73,195.18,148.43,129.49,157.76,72.0,0.1,195.18,135.47,141.78,148.82,130.0,137.57,173.65,113.87,159.9,144.11,130.0
2026-07-25 23:30:00+00:00,138.78,139.74,190.43,143.6,132.88,149.73,72.0,0.01,190.43,136.42,139.8,143.68,130.0,137.48,160.66,120.7,159.9,144.11,130.0
2026-07-25 23:45:00+00:00,138.06,139.08,170.0,143.220001,131.64,149.78,72.0,0.01,170.0,135.48,139.14,143.31,129.46,137.21,161.44,118.39,159.9,144.11,128.74
2026-07-26 00:00:00+00:00,146.24,144.61,195.18,144.99,132.86,142.92,52.55,0.01,195.18,139.85,143.45,145.58,127.9,137.48,141.71,109.01,147.715,147.06,110.99
2026-07-26 00:15:00+00:00,148.01,145.65,194.82,146.11,128.15,143.48,52.55,0.01,194.82,138.54,143.93,147.15,126.53,137.51,141.74,92.71,147.715,147.06,97.85
2026-07-26 00:30:00+00:00,148.99,146.78,190.0,147.92,128.49,145.73,52.55,0.0,190.0,139.28,145.09,148.84,127.9,137.51,145.0,91.68,147.715,147.06,100.6
2026-07-26 00:45:00+00:00,148.54,146.92,180.0,149.77,127.64,151.32,52.55,0.0,180.0,138.84,145.45,150.53,125.0,137.51,159.58,89.35,147.715,147.06,75.41
2026-07-26 01:00:00+00:00,152.68,151.38,186.0,148.889999,152.49,145.71,79.0,0.01,186.0,152.29,151.03,149.01,124.73,137.45,144.11,153.27,138.335,146.48,108.26
2026-07-26 01:15:00+00:00,163.52,161.15,180.0,156.089996,163.17,150.82,79.0,0.0,180.0,162.81,160.5,156.83,124.23,137.49,147.9,164.58,138.335,146.48,82.61
2026-07-26 01:30:00+00:00,163.49,160.68,179.5,154.09,163.07,148.4,79.0,0.0,179.5,162.65,159.91,155.54,124.2,137.49,144.92,164.76,138.335,146.48,67.3
2026-07-26 01:45:00+00:00,160.5,157.85,175.0,151.73,160.11,146.24,79.0,0.0,175.0,159.71,157.11,152.99,124.2,137.5,142.96,161.7,138.335,146.48,69.63
2026-07-26 02:00:00+00:00,157.84,156.57,158.64,154.110001,157.65,150.98,86.24,0.0,158.64,157.47,156.22,154.24,119.59,136.57,149.41,158.42,130.155,152.01,114.05
2026-07-26 02:15:00+00:00,150.68,149.14,151.65,146.17,150.45,142.38,86.24,0.0,151.65,150.23,148.71,146.32,119.59,136.56,140.48,151.37,130.155,152.01,97.7
2026-07-26 02:30:00+00:00,149.69,147.98,151.6,144.679993,149.44,140.48,86.24,0.0,151.6,149.18,147.5,144.84,119.59,134.91,138.37,150.46,130.155,152.01,90.88
2026-07-26 02:45:00+00:00,148.12,146.28,152.02,142.720001,147.85,138.23,86.24,0.0,152.02,147.57,145.77,142.92,119.59,132.89,135.97,148.94,130.155,152.01,85.03
2026-07-26 03:00:00+00:00,142.12,140.56,153.79,139.429993,134.5,136.76,41.96,0.0,153.79,138.33,139.72,139.91,119.66,130.89,135.29,121.36,123.115,147.38,100.0
2026-07-26 03:15:00+00:00,142.41,140.18,161.88,139.06,129.58,135.56,41.96,0.0,161.88,136.13,138.88,139.83,120.0,130.16,133.57,107.11,123.115,147.38,85.2
2026-07-26 03:30:00+00:00,139.94,137.92,159.37,137.25,127.1,134.38,41.96,0.0,159.37,133.71,136.68,137.98,123.66,128.81,133.14,104.42,123.115,147.38,87.23
2026-07-26 03:45:00+00:00,134.6,133.25,151.6,133.9,123.5,133.54,41.96,0.0,151.6,129.34,132.34,134.25,125.0,127.13,138.25,103.41,123.115,147.38,72.49
2026-07-26 04:00:00+00:00,143.54,140.47,175.15,135.09,143.12,126.64,65.04,0.01,175.15,142.66,139.66,134.87,126.53,126.01,122.9,144.98,112.16,124.0,37.28
2026-07-26 04:15:00+00:00,135.92,133.07,157.69,128.08,135.53,120.23,65.04,0.01,157.69,135.1,132.32,127.87,127.46,120.76,116.76,137.26,112.16,124.0,37.27
2026-07-26 04:30:00+00:00,131.38,128.33,153.0,122.989998,131.76,114.6,65.04,0.01,153.0,130.5,127.53,122.77,127.9,115.19,110.89,132.8,112.16,124.0,25.9
2026-07-26 04:45:00+00:00,117.47,116.1,143.04,114.26,117.8,112.7,65.04,0.01,143.04,117.23,115.86,113.94,127.9,108.07,120.0,118.41,112.16,124.0,19.56
2026-07-26 05:00:00+00:00,128.59,125.65,201.84,120.449997,128.19,112.3,50.0,0.05,201.84,127.74,124.93,120.34,121.6,114.3,108.73,129.98,98.1,108.32,25.29
2026-07-26 05:15:00+00:00,122.72,119.7,195.18,114.37,122.31,106.01,50.0,0.23,195.18,121.85,118.96,114.25,113.72,112.53,102.35,124.14,98.1,108.32,16.79
2026-07-26 05:30:00+00:00,112.72,110.74,180.0,107.3,65.71,103.62,50.0,0.13,180.0,112.2,110.19,107.52,105.09,107.91,106.5,113.81,98.1,108.32,13.88
2026-07-26 05:45:00+00:00,97.03,95.17,163.23,99.7,9.2,99.92,50.0,0.08,163.23,95.36,90.66,98.6,98.18,102.39,107.78,97.2,98.1,108.32,16.19
2026-07-26 06:00:00+00:00,116.25,112.83,190.6,109.650002,22.73,104.33,54.99,0.07,190.6,114.35,109.0,111.17,83.9,112.66,100.69,117.16,87.075,86.27,22.33
2026-07-26 06:15:00+00:00,92.01,87.23,167.77,106.4,10.0,106.89,54.99,0.23,167.77,86.13,71.07,102.28,52.0,113.97,113.3,90.75,87.075,86.27,16.15
2026-07-26 06:30:00+00:00,66.69,55.32,155.75,94.12,9.99,94.37,54.99,0.13,155.75,49.52,14.13,89.05,8.4,114.08,88.98,40.19,87.075,86.27,0.02
2026-07-26 06:45:00+00:00,47.19,38.61,161.47,77.4,2.28,84.44,54.99,0.01,161.47,32.91,2.57,72.54,0.0,97.02,90.0,27.31,87.075,86.27,0.0
2026-07-26 07:00:00+00:00,64.54,49.71,201.7,100.03,0.0,100.34,10.2,0.0,201.7,38.59,1.67,95.05,0.0,117.66,93.22,0.01,70.795,97.7,0.0
2026-07-26 07:15:00+00:00,41.19,27.63,198.12,77.230003,-0.01,79.13,10.2,0.0,198.12,19.25,-19.12,71.77,-0.01,103.48,72.74,0.0,70.795,97.7,-0.01
2026-07-26 07:30:00+00:00,19.03,8.82,193.0,48.650002,-0.01,51.15,10.2,0.0,193.0,4.0,-28.39,43.87,-0.02,67.79,46.38,2.1,70.795,97.7,-0.02
2026-07-26 07:45:00+00:00,3.57,0.98,163.14,15.9,-0.01,12.1,10.2,0.18,163.14,0.14,-8.77,10.04,-0.11,16.47,10.87,2.53,70.795,97.7,-0.11
2026-07-26 08:00:00+00:00,6.01,2.94,175.68,36.23,-0.01,38.19,10.0,0.03,175.68,0.14,-12.42,22.85,-0.16,67.98,57.47,2.59,57.065,93.5,-0.11
2026-07-26 08:15:00+00:00,1.47,0.73,170.0,8.94,-0.01,9.45,10.0,0.01,170.0,0.03,-3.05,5.64,-0.62,50.13,14.28,0.63,57.065,93.5,-0.11
2026-07-26 08:30:00+00:00,0.01,0.02,153.0,0.15,-0.01,0.17,10.0,0.0,153.0,0.01,0.0,0.07,-0.77,44.64,0.33,0.0,57.065,93.5,-0.11
2026-07-26 08:45:00+00:00,0.0,0.0,130.92,0.0,-0.01,0.0,10.0,0.0,130.92,0.0,0.0,0.0,-0.81,44.61,0.02,0.0,57.065,93.5,-0.11
2026-07-26 09:00:00+00:00,0.0,0.0,140.5,0.0,-0.01,0.0,0.0,0.0,140.5,0.0,0.0,0.0,-1.0,34.5,0.01,0.0,33.09,71.44,-0.1
2026-07-26 09:15:00+00:00,0.0,0.0,153.61,0.0,-0.01,-0.01,0.0,0.0,153.61,0.0,0.0,0.0,-1.0,34.54,-0.01,0.0,33.09,71.44,-0.1
2026-07-26 09:30:00+00:00,0.0,0.0,135.64,-0.01,-0.01,-0.01,0.0,0.0,135.64,0.0,0.0,-0.01,-1.0,38.45,-0.01,0.0,33.09,71.44,-0.11
2026-07-26 09:45:00+00:00,-0.01,-0.01,150.65,0.0,-0.01,0.01,0.0,0.0,150.65,-0.01,-0.01,-0.01,-1.0,40.96,0.04,-0.01,33.09,71.44,-0.11
2026-07-26 10:00:00+00:00,0.04,-0.02,100.0,-0.03,-0.01,-0.03,0.0,-0.02,100.0,0.0,-0.02,-0.05,-0.81,0.04,0.01,0.0,18.19,18.85,-0.09
2026-07-26 10:15:00+00:00,0.04,-0.02,100.0,-0.04,-0.01,-0.04,0.0,-0.03,100.0,0.0,-0.03,-0.06,-0.81,0.06,0.0,0.0,18.19,18.85,-0.1
2026-07-26 10:30:00+00:00,0.04,-0.03,66.0,-0.01,-0.01,-0.08,0.0,-0.01,66.0,-0.01,-0.04,-0.08,-0.81,0.08,-0.06,-0.01,18.19,18.85,-0.1
2026-07-26 10:45:00+00:00,0.03,-0.05,80.0,-0.01,-0.01,-0.11,0.0,-0.01,80.0,-0.03,-0.06,-0.11,-0.77,0.1,-0.1,-0.02,18.19,18.85,-0.11
2026-07-26 11:00:00+00:00,0.01,-0.07,60.0,-0.01,-0.01,-0.12,0.34,-0.01,60.0,-0.04,-0.07,-0.12,-0.62,0.08,-0.12,-0.04,15.435,2.59,-0.11
2026-07-26 11:15:00+00:00,0.01,-0.07,100.0,-0.01,-0.01,-0.12,0.34,-0.01,100.0,-0.04,-0.07,-0.12,-0.62,0.09,-0.12,-0.04,15.435,2.59,-0.11
2026-07-26 11:30:00+00:00,0.01,-0.06,60.0,0.0,-0.01,-0.12,0.34,0.0,60.0,-0.04,-0.07,-0.12,-0.62,0.09,-0.12,-0.04,15.435,2.59,-0.11
2026-07-26 11:45:00+00:00,0.17,-0.35,80.0,0.0,-0.01,-0.72,0.34,0.0,80.0,-0.18,-0.41,-0.71,-0.66,0.09,-0.7,-0.17,15.435,2.59,-0.66
2026-07-26 12:00:00+00:00,0.47,-0.22,66.0,0.24,-0.01,-0.71,0.55,0.0,66.0,0.0,-0.3,-0.7,-0.66,0.46,-0.66,0.02,13.61,1.05,-0.66
2026-07-26 12:15:00+00:00,0.44,-0.2,71.73,0.23,-0.01,-0.67,0.55,0.0,71.73,0.0,-0.28,-0.66,-0.62,0.45,-0.62,0.02,13.61,1.05,-0.62
2026-07-26 12:30:00+00:00,0.44,-0.2,100.0,0.24,-0.01,-0.67,0.55,0.0,100.0,0.0,-0.28,-0.66,-0.62,0.43,-0.62,0.02,13.61,1.05,-0.62
2026-07-26 12:45:00+00:00,0.46,-0.2,100.0,0.25,-0.01,-0.67,0.55,0.01,100.0,0.01,-0.27,-0.66,-0.62,0.44,-0.62,0.03,13.61,1.05,-0.62
2026-07-26 13:00:00+00:00,0.55,-0.27,103.32,0.38,-0.01,-0.85,4.1,0.32,103.32,0.01,-0.35,-0.82,-0.75,0.54,-0.82,0.03,11.135,1.08,-0.75
2026-07-26 13:15:00+00:00,0.59,-0.27,99.0,0.42,-0.01,-0.88,4.1,0.45,99.0,0.02,-0.35,-0.85,-0.77,0.52,-0.84,0.04,11.135,1.08,-0.77
2026-07-26 13:30:00+00:00,0.68,-0.26,100.0,0.52,-0.01,-0.93,4.1,0.55,100.0,0.05,-0.35,-0.89,-0.81,0.59,-0.89,0.08,11.135,1.08,-0.81
2026-07-26 13:45:00+00:00,1.48,0.07,100.0,1.23,-0.01,-0.93,4.1,1.25,100.0,0.54,-0.06,-0.88,-0.75,1.29,-0.87,0.58,11.135,1.08,-0.75
2026-07-26 14:00:00+00:00,0.54,0.19,115.49,0.83,0.0,-0.23,23.0,1.47,115.49,0.32,0.15,-0.07,-1.0,1.71,-0.35,0.36,10.4,17.94,-1.0
2026-07-26 14:15:00+00:00,2.95,1.18,139.94,2.19,1.76,-0.19,23.0,2.19,139.94,1.79,1.02,-0.01,-0.81,2.19,-0.19,1.86,10.4,17.94,-0.81
2026-07-26 14:30:00+00:00,8.58,3.43,157.59,5.49,5.1,-0.36,23.0,4.32,157.59,5.21,2.97,0.0,-0.81,7.09,-0.34,5.37,10.4,17.94,-0.81
2026-07-26 14:45:00+00:00,42.83,19.22,167.38,28.51,26.9,1.8,23.0,7.3,167.38,27.38,48.14,3.53,-0.8,41.07,1.8,28.16,10.4,17.94,-0.8
2026-07-26 15:00:00+00:00,7.51,6.31,135.79,5.32,6.95,4.32,95.06,4.82,135.79,6.94,88.91,5.25,-0.5,29.62,3.56,7.17,44.605,89.58,-0.5
2026-07-26 15:15:00+00:00,58.5,46.03,156.37,36.66,52.67,30.1,95.06,6.95,156.37,52.58,110.19,35.76,-0.16,65.33,25.38,54.78,44.605,89.58,-0.16
2026-07-26 15:30:00+00:00,164.38,107.1,186.0,78.010002,141.4,56.92,95.06,10.01,186.0,140.45,145.63,62.92,-0.11,114.39,55.11,155.26,44.605,89.58,-0.11
2026-07-26 15:45:00+00:00,188.79,141.3,201.84,108.300003,169.73,93.01,95.06,70.48,201.84,168.87,137.56,103.36,-0.11,108.35,89.91,181.51,44.605,89.58,-0.11
2026-07-26 16:00:00+00:00,139.19,108.18,139.19,81.510002,123.26,67.8,142.02,40.08,139.19,123.35,130.4,79.45,-0.01,87.47,57.53,127.42,104.81,133.48,-0.01
2026-07-26 16:15:00+00:00,155.98,133.74,151.6,111.9,145.48,94.28,142.02,69.99,151.6,145.14,130.55,110.7,-0.01,111.88,79.73,149.71,104.81,133.48,-0.01
2026-07-26 16:30:00+00:00,192.9,154.66,190.0,122.629997,173.2,108.22,142.02,74.43,190.0,173.36,149.88,119.87,0.0,118.56,104.48,178.17,104.81,133.48,-0.01
2026-07-26 16:45:00+00:00,199.14,161.5,201.84,129.669998,179.87,114.63,142.02,78.14,201.84,179.97,156.76,126.98,0.01,123.38,110.67,184.92,104.81,133.48,0.0
2026-07-26 17:00:00+00:00,162.5,147.04,162.5,131.14,155.56,117.66,95.0,77.93,162.5,155.19,144.37,130.39,0.5,122.6,113.41,159.01,147.49,155.54,0.5
2026-07-26 17:15:00+00:00,171.84,155.5,171.84,139.160004,138.46,126.2,95.0,82.14,171.84,164.01,152.73,138.36,14.66,129.89,122.16,167.72,147.49,155.54,14.66
2026-07-26 17:30:00+00:00,182.0,161.43,182.0,142.76,134.01,132.76,95.0,85.55,182.0,171.65,158.21,141.97,50.0,134.51,129.76,174.83,147.49,155.54,50.0
2026-07-26 17:45:00+00:00,183.3,163.94,191.08,147.7,134.84,140.1,95.0,89.08,191.08,173.37,161.01,146.44,84.25,138.18,138.08,175.79,147.49,155.54,84.25
2026-07-26 18:00:00+00:00,163.32,148.37,186.19,147.84,135.32,148.19,103.04,89.18,186.19,154.16,148.8,144.94,79.0,141.41,144.11,149.67,169.105,160.07,39.56
2026-07-26 18:15:00+00:00,174.49,157.83,186.23,155.39,128.06,155.58,103.04,89.43,186.23,164.61,157.97,152.74,98.39,141.47,152.0,160.83,169.105,160.07,60.27
2026-07-26 18:30:00+00:00,170.53,157.26,190.36,154.77,118.4,154.85,103.04,89.55,190.36,162.76,157.28,152.82,126.56,141.93,152.3,160.12,169.105,160.07,86.82
2026-07-26 18:45:00+00:00,159.3,156.79,195.18,156.72,118.0,156.78,103.04,89.34,195.18,157.76,156.87,156.23,144.1,141.8,156.09,157.0,169.105,160.07,138.27
2026-07-26 19:00:00+00:00,146.81,150.3,204.5,157.76,116.92,158.59,100.03,90.6,200.0,147.48,151.37,156.05,152.39,144.09,155.28,143.3,179.315,159.8,73.49
2026-07-26 19:15:00+00:00,144.68,147.88,200.0,153.080002,119.9,156.17,100.03,90.02,200.0,145.85,148.67,152.17,169.61,143.37,160.0,143.73,179.315,159.8,111.48
2026-07-26 19:30:00+00:00,146.69,147.39,195.18,148.93,122.93,152.21,100.03,89.38,195.18,146.98,147.63,148.6,170.0,142.36,158.55,146.55,179.315,159.8,140.37
2026-07-26 19:45:00+00:00,145.34,145.93,195.18,147.229996,120.41,149.99,100.03,87.96,195.18,145.59,146.13,146.95,174.5,140.87,155.34,145.22,179.315,159.8,140.0
2026-07-26 20:00:00+00:00,152.31,153.29,201.89,155.47,116.82,160.07,124.09,89.99,201.84,152.72,153.63,154.96,177.46,144.28,168.84,152.11,185.1,157.43,143.37
2026-07-26 20:15:00+00:00,148.66,148.86,208.28,149.309998,116.81,150.26,124.09,88.36,201.84,148.74,148.93,149.21,177.0,141.74,152.07,148.62,185.1,157.43,146.81
2026-07-26 20:30:00+00:00,147.98,147.98,241.05,147.98,117.81,147.98,124.09,86.35,201.7,147.98,147.98,147.98,175.41,139.04,147.98,147.98,185.1,157.43,147.98
2026-07-26 20:45:00+00:00,139.84,139.84,204.5,139.839996,139.84,139.84,124.09,84.18,194.62,139.84,139.84,139.84,169.61,135.58,139.84,139.84,185.1,157.43,139.84
2026-07-26 21:00:00+00:00,145.35,145.35,216.03,145.35,145.35,145.35,91.09,86.47,201.84,145.35,145.35,145.35,164.0,137.66,145.35,145.35,182.08,147.8,145.35
2026-07-26 21:15:00+00:00,138.09,138.09,200.0,138.09,138.09,138.09,91.09,82.54,200.0,138.09,138.09,138.09,148.99,131.31,138.09,138.09,182.08,147.8,138.09
2026-07-26 21:30:00+00:00,136.73,136.73,184.87,136.729996,136.73,136.73,91.09,81.69,184.87,136.73,136.73,136.73,144.1,130.03,136.73,136.73,182.08,147.8,136.73
2026-07-26 21:45:00+00:00,127.01,127.01,167.18,127.010002,127.01,127.01,91.09,78.01,167.18,127.01,127.01,127.01,140.08,124.51,127.01,127.01,182.08,147.8,127.01
2026-07-26 22:00:00+00:00,149.17,116.58,202.3,83.42,130.82,77.22,117.0,52.92,182.82,131.17,110.56,84.26,166.4,112.69,73.32,134.37,147.19,145.0,22.55
2026-07-26 22:15:00+00:00,119.38,104.64,202.9,88.74,128.46,79.81,117.0,56.47,195.18,111.54,101.87,88.77,165.0,108.65,76.3,114.11,147.19,145.0,19.6
2026-07-26 22:30:00+00:00,121.39,104.57,201.7,87.56,126.72,77.49,117.0,56.31,180.22,112.37,101.4,86.68,155.17,98.2,73.97,115.02,147.19,145.0,24.15
2026-07-26 22:45:00+00:00,109.34,98.05,194.19,84.46,125.94,72.69,117.0,55.25,163.5,103.63,100.48,84.46,147.82,82.23,67.86,106.72,147.19,145.0,0.0
2026-07-26 23:00:00+00:00,129.69,106.44,186.0,82.25,125.64,76.86,85.01,47.11,161.08,116.99,102.33,82.4,147.58,82.88,73.92,119.84,136.605,140.1,21.58
2026-07-26 23:15:00+00:00,110.68,93.51,180.0,75.360001,126.24,70.16,85.01,45.4,154.47,101.36,101.4,75.45,147.1,76.6,67.05,103.71,136.605,140.1,21.8
2026-07-26 23:30:00+00:00,90.7,79.76,180.0,69.010002,127.64,68.14,85.01,43.21,157.65,84.62,101.41,68.95,144.39,71.37,68.14,85.56,136.605,140.1,54.82
2026-07-26 23:45:00+00:00,74.75,65.0,170.0,55.82,126.75,55.66,85.01,37.77,151.6,69.23,101.41,55.83,142.5,58.21,55.83,69.68,136.605,140.1,55.48
2026-07-27 00:00:00+00:00,109.09,84.59,158.96,60.82,125.86,60.82,90.0,35.0,156.74,95.32,101.41,60.82,141.99,62.92,62.09,96.99,133.74,135.08,45.28
2026-07-27 00:15:00+00:00,80.49,65.6,159.38,50.799999,125.05,50.27,90.0,30.24,156.3,72.2,101.41,50.8,138.3,52.42,50.8,73.51,133.74,135.08,31.6
2026-07-27 00:30:00+00:00,87.41,80.26,159.02,72.699997,124.97,67.08,90.0,47.08,155.9,83.65,102.33,72.21,136.58,73.72,65.02,85.11,133.74,135.08,31.98
2026-07-27 00:45:00+00:00,76.1,69.95,159.21,63.380001,123.93,58.38,90.0,42.66,155.58,72.88,110.19,62.97,136.03,64.94,56.52,74.18,133.74,135.08,26.81
2026-07-27 01:00:00+00:00,90.01,80.4,156.49,69.120003,124.82,61.86,70.06,41.63,153.0,85.0,102.33,69.26,134.9,70.28,58.45,87.17,136.69,130.94,15.14
2026-07-27 01:15:00+00:00,77.11,69.29,158.09,60.389999,123.88,56.13,70.06,37.26,155.52,72.98,101.41,60.42,133.45,61.95,53.3,74.54,136.69,130.94,23.54
2026-07-27 01:30:00+00:00,81.35,71.21,156.5,57.209999,119.29,54.15,70.06,38.86,151.6,75.99,101.41,59.72,130.6,60.83,50.49,78.01,136.69,130.94,11.91
2026-07-27 01:45:00+00:00,78.28,70.25,156.5,58.919998,119.73,56.75,70.06,38.48,151.6,74.03,102.33,61.15,130.0,62.49,53.85,75.64,136.69,130.94,23.31
2026-07-27 02:00:00+00:00,70.79,69.1,159.41,64.510002,112.62,62.22,92.92,38.99,157.97,70.08,101.87,66.38,125.0,68.14,60.42,71.11,136.58,134.0,35.96
2026-07-27 02:15:00+00:00,72.71,70.34,159.89,64.37,115.73,60.68,92.92,40.54,158.15,71.72,101.87,66.52,123.66,68.1,58.16,73.16,136.58,134.0,23.84
2026-07-27 02:30:00+00:00,73.33,70.84,156.49,64.39,117.8,62.04,92.92,42.0,156.39,72.28,100.06,66.8,124.23,68.38,58.71,73.78,136.58,134.0,23.39
2026-07-27 02:45:00+00:00,93.28,90.12,159.05,81.94,118.79,78.97,92.92,56.41,157.22,91.95,101.41,85.0,125.0,85.31,74.75,93.85,136.58,134.0,29.97
2026-07-27 03:00:00+00:00,86.25,44.0,172.59,57.630001,125.54,57.09,85.16,39.59,150.3,73.02,96.31,60.43,124.9,59.12,55.78,79.94,134.16,145.0,13.94
2026-07-27 03:15:00+00:00,139.1,80.01,161.88,83.81,135.32,85.34,85.16,57.95,145.66,117.14,96.31,86.66,126.48,85.38,86.17,124.87,134.16,145.0,40.15
2026-07-27 03:30:00+00:00,150.45,76.44,170.65,97.379997,135.32,99.79,85.16,67.51,151.6,125.97,102.34,100.99,126.56,99.57,100.99,136.68,134.16,145.0,53.4
2026-07-27 03:45:00+00:00,169.65,71.0,175.0,100.57,141.01,115.03,85.16,71.03,175.0,139.23,110.64,116.0,129.64,102.62,115.03,153.97,134.16,145.0,71.25
2026-07-27 04:00:00+00:00,106.84,99.93,194.19,99.989998,138.45,101.41,96.95,59.2,194.19,104.65,102.33,102.69,130.6,105.57,100.93,105.88,142.41,152.9,90.1
2026-07-27 04:15:00+00:00,122.87,110.05,195.18,114.16,137.29,116.43,96.95,76.44,195.18,118.87,115.0,116.63,140.0,111.89,116.43,120.76,142.41,152.9,114.28
2026-07-27 04:30:00+00:00,132.91,113.3,197.34,115.63,135.32,117.74,96.95,78.91,197.34,126.69,120.13,121.24,145.16,113.62,116.45,130.15,142.41,152.9,87.01
2026-07-27 04:45:00+00:00,142.54,117.11,196.16,114.75,134.93,129.82,96.95,79.91,196.16,134.57,126.78,129.67,147.34,115.49,129.67,138.36,142.41,152.9,123.95
2026-07-27 05:00:00+00:00,139.09,129.87,201.7,112.92,136.2,135.14,144.88,74.97,201.7,136.04,133.03,133.85,152.31,114.55,135.1,137.37,165.5,159.8,134.79
2026-07-27 05:15:00+00:00,133.6,133.48,200.0,112.79,133.51,134.06,144.88,76.11,200.0,133.5,133.33,132.87,151.99,114.64,133.94,133.56,165.5,159.8,133.85
2026-07-27 05:30:00+00:00,126.15,126.08,202.23,114.98,126.1,126.4,144.88,77.99,202.23,126.09,126.0,125.74,149.89,112.7,126.33,126.12,165.5,159.8,126.28
2026-07-27 05:45:00+00:00,123.84,123.77,202.23,104.46,123.79,124.09,144.88,72.59,202.23,123.78,123.69,123.44,147.34,111.22,124.02,123.82,165.5,159.8,123.97
2026-07-27 06:00:00+00:00,166.69,121.65,203.0,112.4,151.64,146.11,120.04,76.09,203.0,150.8,137.04,141.48,147.82,112.21,146.72,156.87,196.67,163.1,147.82
2026-07-27 06:15:00+00:00,133.19,131.39,210.0,106.160004,132.52,133.35,120.04,72.81,210.0,132.48,131.67,130.69,134.9,110.17,133.13,132.81,196.67,163.1,133.02
2026-07-27 06:30:00+00:00,112.08,112.06,203.33,107.28,112.06,112.22,120.04,73.43,203.33,112.06,112.02,111.85,112.16,109.26,112.18,112.08,196.67,163.1,112.16
2026-07-27 06:45:00+00:00,91.88,91.88,202.23,90.23,91.88,91.88,120.04,63.06,202.23,91.88,102.33,91.88,91.88,92.59,91.88,91.88,196.67,163.1,91.88
2026-07-27 07:00:00+00:00,108.2,108.03,202.5,105.690002,108.15,107.48,99.0,73.27,202.5,108.13,108.0,107.83,104.0,108.51,107.37,108.23,194.455,159.8,104.0
2026-07-27 07:15:00+00:00,87.45,87.45,202.23,83.940002,65.82,87.44,99.0,29.08,202.23,87.45,88.1,87.45,87.4,89.65,87.44,87.45,194.455,159.8,87.4
2026-07-27 07:30:00+00:00,72.2,72.2,195.18,70.9,13.63,72.2,99.0,24.35,195.18,72.2,86.0,72.2,72.2,73.99,72.2,72.2,194.455,159.8,72.2
2026-07-27 07:45:00+00:00,32.26,32.26,181.8,31.68,32.26,32.26,99.0,19.54,181.8,32.26,68.29,32.26,32.26,33.35,32.26,32.26,194.455,159.8,32.26
2026-07-27 08:00:00+00:00,79.65,66.52,186.0,53.83,73.28,53.49,76.07,29.34,186.0,73.33,64.94,55.3,25.18,56.45,55.3,74.71,183.0,156.69,25.18
2026-07-27 08:15:00+00:00,28.54,23.89,163.5,19.950001,26.37,17.99,76.07,19.94,163.5,26.33,40.01,19.75,1.95,20.11,17.51,27.05,183.0,156.69,1.95
2026-07-27 08:30:00+00:00,22.17,18.46,152.9,15.34,20.44,13.75,76.07,15.32,152.9,20.41,19.6,15.16,1.0,15.46,13.38,20.98,183.0,156.69,1.0
2026-07-27 08:45:00+00:00,22.86,13.06,149.75,5.73,17.94,5.16,76.07,11.91,149.75,18.08,51.31,4.94,0.01,20.84,6.77,18.71,183.0,156.69,0.01
2026-07-27 09:00:00+00:00,67.73,33.27,149.75,4.98,50.01,4.42,85.15,16.76,149.75,50.58,47.88,3.45,0.0,82.62,7.98,52.56,159.47,135.06,0.0
2026-07-27 09:15:00+00:00,61.71,28.82,149.75,4.9,44.75,2.14,85.15,16.09,149.75,45.33,60.0,0.45,0.0,75.85,6.57,47.09,159.47,135.06,0.0
2026-07-27 09:30:00+00:00,46.06,21.41,147.94,4.91,33.4,0.0,85.15,16.61,147.94,33.79,41.55,0.02,0.0,65.4,0.69,35.27,159.47,135.06,0.0
2026-07-27 09:45:00+00:00,21.8,10.13,155.44,4.91,15.81,-0.01,85.15,14.55,155.44,15.99,23.47,0.0,0.0,31.07,0.32,16.69,159.47,135.06,0.0
2026-07-27 10:00:00+00:00,51.89,20.59,145.56,3.99,31.05,0.01,70.02,17.73,145.56,31.41,23.46,0.0,0.0,100.46,0.47,32.73,138.435,120.47,0.0
2026-07-27 10:15:00+00:00,49.39,19.59,139.16,3.99,29.55,0.01,70.02,16.96,139.16,29.9,15.97,-0.01,0.01,95.65,0.44,31.14,138.435,120.47,0.01
2026-07-27 10:30:00+00:00,46.47,18.43,137.45,4.9,27.8,0.0,70.02,16.08,137.45,28.13,15.02,-0.01,0.01,90.02,0.41,29.3,138.435,120.47,0.01
2026-07-27 10:45:00+00:00,41.96,16.63,130.0,4.68,25.1,-0.01,70.02,16.07,130.0,25.39,13.55,-0.02,0.01,81.34,0.36,26.46,138.435,120.47,0.0
2026-07-27 11:00:00+00:00,47.65,18.65,135.65,4.91,28.07,2.65,70.05,16.07,135.65,28.51,15.21,-0.01,0.01,82.38,9.94,29.33,130.075,120.0,-0.01
2026-07-27 11:15:00+00:00,42.21,16.51,140.89,4.91,24.86,2.39,70.05,15.83,140.89,25.24,13.47,-0.03,0.3,73.66,8.4,25.98,130.075,120.0,-0.01
2026-07-27 11:30:00+00:00,31.36,12.24,143.73,4.91,18.45,1.71,70.05,15.68,143.73,18.74,9.97,-0.07,0.45,54.95,6.12,19.28,130.075,120.0,-0.01
2026-07-27 11:45:00+00:00,20.0,7.56,149.29,4.91,11.62,0.46,70.05,15.47,149.29,11.8,6.08,-0.48,0.45,37.48,2.75,12.18,130.075,120.0,-0.01
2026-07-27 12:00:00+00:00,15.54,5.56,154.0,4.93,11.0,-0.56,70.02,15.16,154.0,9.01,4.37,-0.87,0.51,54.78,-0.01,9.36,128.02,76.7,-0.01
2026-07-27 12:15:00+00:00,19.96,7.24,156.26,4.93,11.49,-0.9,70.02,15.14,156.26,11.65,5.72,-1.0,0.51,61.04,-0.56,12.15,128.02,76.7,-0.01
2026-07-27 12:30:00+00:00,18.93,7.02,150.0,4.92,11.0,-0.65,70.02,15.26,150.0,11.15,5.59,-0.7,0.51,59.43,-0.37,11.63,128.02,76.7,-0.01
2026-07-27 12:45:00+00:00,20.03,7.74,155.33,4.92,11.86,-0.25,70.02,15.72,155.33,12.01,6.26,-0.25,0.51,61.63,-0.01,12.51,128.02,76.7,-0.01
2026-07-27 13:00:00+00:00,11.64,4.22,195.18,4.93,8.44,-0.15,87.04,15.37,195.18,8.0,2.94,-0.12,0.5,48.24,-0.01,7.84,127.9,37.8,-0.01
2026-07-27 13:15:00+00:00,14.89,5.44,198.99,4.92,10.0,-0.14,87.04,15.99,198.99,10.25,3.81,-0.09,0.5,51.33,0.03,10.06,127.9,37.8,-0.01
2026-07-27 13:30:00+00:00,16.36,6.01,202.5,4.92,11.0,-0.11,87.04,16.17,202.5,11.28,4.23,-0.05,0.5,52.77,0.07,11.07,127.9,37.8,-0.01
2026-07-27 13:45:00+00:00,20.49,8.06,203.33,4.92,12.13,-0.19,87.04,16.37,203.33,12.31,6.5,-0.06,0.51,62.35,0.02,12.8,127.9,37.8,-0.01
2026-07-27 14:00:00+00:00,11.67,5.43,202.23,4.94,8.44,-0.15,99.86,15.3,202.23,8.58,4.53,-0.04,0.54,17.62,-0.03,8.9,127.9,63.69,-0.01
2026-07-27 14:15:00+00:00,44.93,22.1,202.5,4.95,32.77,-0.39,99.86,14.99,202.5,33.44,14.64,-0.01,1.0,60.45,0.09,34.6,127.9,63.69,-0.01
2026-07-27 14:30:00+00:00,42.89,20.05,203.33,4.94,31.07,-0.43,99.86,15.49,203.33,31.57,16.76,-0.01,1.08,63.92,0.01,32.78,127.9,63.69,-0.01
2026-07-27 14:45:00+00:00,132.06,59.14,210.0,4.96,118.09,-0.05,99.86,17.77,210.0,118.9,43.05,0.01,1.08,81.82,2.19,124.71,127.9,63.69,-0.01
2026-07-27 15:00:00+00:00,12.44,5.42,203.33,4.97,9.99,-0.12,134.0,9.79,203.33,10.28,4.1,0.01,1.08,14.85,0.02,10.1,142.92,117.12,0.0
2026-07-27 15:15:00+00:00,108.84,47.16,210.03,4.99,103.15,2.26,134.0,14.04,210.03,104.84,32.01,2.88,1.2,64.11,4.16,104.84,142.92,117.12,0.0
2026-07-27 15:30:00+00:00,158.08,73.27,236.0,17.35,148.78,10.1,134.0,17.47,236.0,151.43,54.16,10.1,2.5,68.76,15.52,151.99,142.92,117.12,0.0
2026-07-27 15:45:00+00:00,192.99,106.15,245.0,37.51,187.8,44.07,134.0,30.96,245.0,191.35,85.69,44.62,19.17,69.33,50.46,188.38,142.92,117.12,19.17
2026-07-27 16:00:00+00:00,93.85,54.43,202.23,39.18,133.08,52.77,162.0,17.01,202.23,131.37,96.77,50.37,57.92,50.68,54.42,131.37,178.41,159.8,57.92
2026-07-27 16:15:00+00:00,125.05,98.15,202.23,84.400002,136.24,91.22,162.0,18.03,202.23,135.84,101.41,91.19,86.98,98.49,91.25,135.84,178.41,159.8,86.98
2026-07-27 16:30:00+00:00,150.91,124.61,203.33,106.04,148.05,112.05,162.0,20.73,203.33,148.16,120.0,113.61,95.59,110.25,111.41,149.04,178.41,159.8,95.59
2026-07-27 16:45:00+00:00,169.57,146.0,241.22,117.96,160.02,133.58,162.0,23.46,241.22,160.7,143.42,133.99,117.99,116.41,132.56,160.45,178.41,159.8,117.99
2026-07-27 17:00:00+00:00,122.04,119.65,202.5,115.42,121.34,118.83,181.04,19.77,202.5,121.27,120.29,120.01,110.3,118.08,118.36,121.78,199.16,163.06,110.3
2026-07-27 17:15:00+00:00,156.71,142.95,203.0,123.24,152.29,147.99,181.04,20.66,203.0,152.16,147.56,147.93,136.48,124.65,147.3,154.01,199.16,163.06,136.48
2026-07-27 17:30:00+00:00,174.69,137.4,210.0,127.84,162.49,157.65,181.04,21.17,210.0,162.34,151.01,154.58,156.51,124.7,157.63,166.41,199.16,163.06,156.51
2026-07-27 17:45:00+00:00,192.68,160.0,240.34,130.42,180.01,179.33,181.04,21.1,240.34,181.78,171.66,174.0,179.95,127.29,179.38,185.37,199.16,163.06,179.95
2026-07-27 18:00:00+00:00,156.7,155.0,214.2,132.389999,156.29,154.99,180.8,22.02,214.2,156.26,155.59,155.6,151.37,129.31,154.48,156.58,213.005,170.0,151.37
2026-07-27 18:15:00+00:00,174.11,169.24,207.96,133.81,156.09,172.28,180.8,21.49,207.96,173.09,171.45,172.2,172.54,130.65,172.38,173.7,213.005,170.0,172.54
2026-07-27 18:30:00+00:00,182.0,177.0,213.72,134.27,164.51,180.13,180.8,20.01,213.72,180.95,179.27,180.04,184.0,131.0,180.22,181.57,213.005,170.0,180.39
2026-07-27 18:45:00+00:00,187.05,187.05,228.08,123.3,148.8,187.05,180.8,19.15,220.0,187.05,187.05,187.05,188.61,132.75,187.05,187.05,213.005,170.0,187.05
2026-07-27 19:00:00+00:00,183.1,183.1,229.96,154.37,149.56,183.1,187.43,23.97,229.96,183.1,183.1,183.1,203.39,133.22,183.1,183.1,199.75,173.37,183.1
2026-07-27 19:15:00+00:00,181.08,181.08,220.0,140.07,172.52,181.08,187.43,21.22,220.0,181.08,181.08,181.08,246.69,134.26,181.08,181.08,199.75,173.37,181.08
2026-07-27 19:30:00+00:00,180.08,179.49,206.31,140.13,164.51,177.65,187.43,19.03,206.31,179.78,179.39,178.93,250.0,134.49,177.16,180.08,199.75,173.37,169.13
2026-07-27 19:45:00+00:00,173.24,173.05,203.33,145.15,160.02,172.45,187.43,16.0,203.33,173.14,173.02,172.87,229.01,134.7,172.3,173.24,199.75,173.37,169.7
2026-07-27 20:00:00+00:00,182.0,181.39,244.05,140.32,164.51,183.58,185.02,26.34,244.05,181.48,180.86,180.23,208.3,134.41,183.12,181.68,202.02,172.45,182.79
2026-07-27 20:15:00+00:00,174.38,173.95,207.96,145.51,174.02,175.48,185.02,21.73,207.96,174.01,173.58,173.14,200.0,134.81,175.16,174.15,202.02,172.45,174.93
2026-07-27 20:30:00+00:00,175.66,175.26,203.33,148.429993,175.33,176.69,185.02,16.39,203.33,175.31,174.91,174.5,200.0,133.98,176.39,175.45,202.02,172.45,176.18
2026-07-27 20:45:00+00:00,156.83,156.74,202.5,148.300003,156.76,157.08,185.02,10.13,202.5,156.75,156.66,156.56,188.61,133.05,157.01,156.78,202.02,172.45,156.96
2026-07-27 21:00:00+00:00,161.82,161.7,203.0,147.710007,161.73,162.37,156.89,23.22,203.0,161.72,161.53,161.31,184.5,134.37,162.23,161.79,194.205,161.71,162.13
2026-07-27 21:15:00+00:00,161.7,161.54,202.5,144.26,161.58,162.41,156.89,17.14,202.5,161.57,161.33,161.03,184.5,133.42,162.23,161.65,194.205,161.71,162.1
2026-07-27 21:30:00+00:00,170.89,151.0,202.23,142.31,164.64,162.69,156.89,10.73,202.23,164.61,158.6,160.83,183.0,132.7,162.82,166.78,194.205,161.71,163.24
2026-07-27 21:45:00+00:00,173.2,123.53,190.0,137.240005,157.75,149.53,156.89,7.73,190.0,157.65,142.91,148.78,182.01,131.95,149.64,163.11,194.205,161.71,145.98
2026-07-27 22:00:00+00:00,192.91,162.91,202.23,167.25,182.77,179.29,148.0,22.6,202.23,182.43,174.67,178.01,180.35,130.7,179.64,185.78,169.02,163.1,180.35
2026-07-27 22:15:00+00:00,174.37,165.39,195.18,164.589996,171.33,170.29,148.0,17.06,195.18,171.23,168.91,169.91,179.21,129.93,170.4,172.23,169.02,163.1,170.61
2026-07-27 22:30:00+00:00,153.57,151.92,185.0,149.259995,153.06,151.78,148.0,13.16,185.0,153.01,152.45,152.34,178.7,129.18,151.25,153.32,169.02,163.1,148.0
2026-07-27 22:45:00+00:00,144.4,144.17,175.0,140.68,144.38,142.97,148.0,7.86,175.0,144.34,144.11,143.75,177.14,128.31,142.26,144.53,169.02,163.1,138.0
2026-07-27 23:00:00+00:00,168.95,144.0,175.0,151.559998,160.14,155.21,141.0,18.72,175.0,160.12,147.87,154.96,175.35,129.92,155.43,162.87,154.56,158.1,154.74
2026-07-27 23:15:00+00:00,162.87,139.0,170.0,146.29,154.46,149.8,141.0,13.95,170.0,154.43,142.96,149.56,175.0,128.29,150.0,157.06,154.56,158.1,149.35
2026-07-27 23:30:00+00:00,155.62,138.0,160.0,142.190002,149.28,145.48,141.0,10.94,160.0,149.33,139.21,145.28,172.5,127.72,145.64,151.26,154.56,158.1,145.13
2026-07-27 23:45:00+00:00,152.81,136.74,158.08,140.449997,147.0,143.8,141.0,8.1,158.08,147.06,137.61,143.43,172.35,127.18,144.13,148.78,154.56,158.1,144.67
2026-07-28 00:00:00+00:00,156.94,139.91,156.94,144.029999,150.85,147.49,137.05,12.83,156.94,150.91,141.0,147.09,171.9,126.17,147.83,152.72,148.465,158.1,148.4
2026-07-28 00:15:00+00:00,158.61,129.08,158.61,138.259995,148.04,142.22,137.05,10.01,158.61,148.16,130.96,141.52,170.0,124.98,142.8,151.29,148.465,158.1,143.79
2026-07-28 00:30:00+00:00,152.54,128.22,165.0,135.84,143.98,139.31,137.05,8.56,165.0,144.0,131.55,138.91,169.61,124.94,139.65,146.62,148.465,158.1,139.7
2026-07-28 00:45:00+00:00,147.45,130.0,158.61,134.910004,141.36,138.01,137.05,7.67,158.61,141.34,132.98,137.8,169.61,124.9,138.17,143.24,148.465,158.1,137.8
2026-07-28 01:00:00+00:00,136.5,136.5,169.75,134.04,136.5,136.5,127.51,10.0,169.75,136.5,136.5,136.5,169.3,124.97,136.5,136.5,144.345,149.21,136.5
2026-07-28 01:15:00+00:00,137.45,137.03,168.89,132.899994,137.4,134.82,127.51,7.71,168.89,137.33,136.9,136.25,165.0,124.93,133.51,137.67,144.345,149.21,125.96
2026-07-28 01:30:00+00:00,136.6,136.1,168.5,131.64,136.55,133.43,127.51,6.95,168.5,136.47,135.94,135.16,165.0,125.21,131.85,136.88,144.345,149.21,122.74
2026-07-28 01:45:00+00:00,136.89,136.43,167.5,132.13,136.85,133.99,127.51,6.95,167.5,136.77,136.29,135.57,164.06,124.96,132.58,137.15,144.345,149.21,124.18
2026-07-28 02:00:00+00:00,134.9,134.16,169.69,129.65,134.79,131.36,98.98,6.95,169.69,134.69,134.08,133.25,164.06,125.29,129.63,135.16,139.8,149.3,119.57
2026-07-28 02:15:00+00:00,140.0,135.14,167.2,131.779999,138.57,133.3,98.98,6.95,167.2,138.4,136.59,135.87,164.06,124.94,130.93,139.47,139.8,149.3,116.99
2026-07-28 02:30:00+00:00,143.75,142.33,165.0,133.690002,143.45,138.85,98.98,6.95,165.0,143.32,142.4,141.35,164.06,124.1,136.57,143.99,139.8,149.3,123.27
2026-07-28 02:45:00+00:00,153.24,151.85,165.0,134.41,153.1,144.49,98.98,8.61,165.0,152.87,151.44,149.27,164.06,124.56,140.1,154.0,139.8,149.3,114.66
2026-07-28 03:00:00+00:00,161.35,117.52,169.41,129.979996,150.72,137.96,125.56,6.5,169.41,150.0,136.72,140.53,163.82,125.48,135.02,156.21,136.745,162.4,115.25
2026-07-28 03:15:00+00:00,170.0,109.91,170.0,131.32,155.6,143.1,125.56,7.64,170.0,154.74,137.04,143.75,164.06,126.55,141.76,162.71,136.745,162.4,130.32
2026-07-28 03:30:00+00:00,179.52,123.56,179.52,135.220001,166.01,153.42,125.56,10.01,179.52,165.17,148.47,154.19,167.5,126.33,151.35,172.77,136.745,162.4,136.37
2026-07-28 03:45:00+00:00,176.99,139.6,176.99,144.009995,168.0,160.5,125.56,12.39,176.99,167.46,156.4,160.5,169.61,127.55,159.61,172.44,136.745,162.4,152.49
2026-07-28 04:00:00+00:00,174.19,156.91,174.19,139.130005,169.78,163.4,144.84,9.5,174.19,169.51,163.99,165.45,178.35,129.85,161.54,172.17,142.35,167.9,149.72
2026-07-28 04:15:00+00:00,183.69,171.35,202.23,146.309998,180.29,167.8,144.84,10.91,202.23,179.91,175.21,174.29,180.35,130.02,162.27,182.63,142.35,167.9,129.52
2026-07-28 04:30:00+00:00,173.78,172.11,202.23,156.83,173.15,166.12,144.84,13.87,202.23,172.97,171.8,170.33,181.35,130.58,162.5,173.9,142.35,167.9,141.52
2026-07-28 04:45:00+00:00,160.53,160.35,202.23,156.869995,160.46,159.69,144.84,13.99,202.23,160.44,160.31,160.15,182.35,130.37,159.3,160.54,142.35,167.9,157.0
2026-07-28 05:00:00+00:00,178.46,177.83,193.39,153.25,160.14,178.81,144.72,16.99,193.39,178.14,177.38,177.04,183.85,131.45,177.79,178.59,151.985,166.98,167.36
2026-07-28 05:15:00+00:00,168.18,167.83,202.23,153.31,127.61,168.62,144.72,16.51,202.23,167.99,167.55,167.39,183.85,131.51,168.01,168.24,151.985,166.98,162.76
2026-07-28 05:30:00+00:00,158.1,158.88,202.23,156.63,112.43,156.75,144.72,13.92,202.23,155.05,157.31,156.72,182.35,130.67,156.6,133.09,151.985,166.98,155.88
2026-07-28 05:45:00+00:00,157.04,145.16,202.23,146.56,27.8,147.89,144.72,10.3,202.23,148.25,145.44,147.95,181.35,130.03,147.92,116.08,151.985,166.98,147.63
2026-07-28 06:00:00+00:00,184.98,152.0,203.1,161.24,88.57,167.38,115.08,13.87,203.1,158.31,139.57,165.67,180.35,129.91,168.83,77.42,154.89,149.29,171.78
2026-07-28 06:15:00+00:00,173.0,152.28,202.23,147.58,12.78,155.31,115.08,10.19,202.23,140.18,102.41,152.28,178.35,129.32,158.15,2.11,154.89,149.29,159.18
2026-07-28 06:30:00+00:00,162.66,140.55,196.52,137.509995,9.2,146.77,115.08,9.97,196.52,129.86,96.39,143.43,163.82,126.79,150.0,4.65,154.89,149.29,150.0
2026-07-28 06:45:00+00:00,119.57,85.47,181.02,111.769997,8.44,131.49,115.08,7.72,181.02,81.98,86.1,115.26,155.17,122.72,153.18,0.0,154.89,149.29,94.2
2026-07-28 07:00:00+00:00,183.46,194.34,183.46,155.399994,8.43,160.88,77.13,8.41,183.46,172.01,102.86,160.11,162.06,125.26,161.53,92.25,149.77,125.82,162.06
2026-07-28 07:15:00+00:00,113.18,121.06,182.23,116.17,4.43,128.98,77.13,7.36,182.23,107.65,101.48,115.62,130.0,119.61,148.78,55.23,149.77,125.82,83.42
2026-07-28 07:30:00+00:00,83.48,86.28,173.0,96.25,5.12,110.92,77.13,6.4,173.0,75.67,69.75,94.8,99.6,116.01,128.5,41.87,149.77,125.82,65.43
2026-07-28 07:45:00+00:00,40.1,44.0,161.8,68.529999,1.95,100.0,77.13,5.82,161.8,34.68,27.33,65.56,90.11,106.43,141.07,18.91,149.77,125.82,0.0
2026-07-28 08:00:00+00:00,78.49,99.13,186.01,86.2,9.99,125.98,64.82,7.1,186.01,79.22,33.74,85.32,95.0,103.19,183.7,41.05,147.355,110.5,0.0
2026-07-28 08:15:00+00:00,42.59,56.05,185.0,40.880001,11.0,62.54,64.82,5.78,185.0,43.48,2.04,41.74,85.2,102.11,91.86,25.55,147.355,110.5,0.0
2026-07-28 08:30:00+00:00,15.35,20.16,175.0,14.16,12.78,22.73,64.82,5.02,175.0,16.3,0.0,15.06,77.5,97.07,33.5,13.85,147.355,110.5,-0.01
2026-07-28 08:45:00+00:00,8.93,11.27,159.9,4.38,8.44,4.76,64.82,4.38,159.9,9.08,-5.88,4.95,48.63,97.06,4.78,9.0,147.355,110.5,-0.01
2026-07-28 09:00:00+00:00,10.44,11.67,162.28,6.76,10.0,7.11,42.0,4.09,162.28,10.37,1.16,7.61,30.12,98.05,6.74,10.42,125.885,81.54,-0.01
2026-07-28 09:15:00+00:00,8.0,10.83,163.24,3.7,7.18,7.28,42.0,3.7,163.24,8.0,-8.27,4.45,2.2,97.38,9.39,7.44,125.885,81.54,-0.01
2026-07-28 09:30:00+00:00,12.52,9.87,159.38,2.85,9.19,3.63,42.0,2.85,159.38,9.84,-3.79,1.66,1.95,97.05,5.07,9.68,125.885,81.54,-0.01
2026-07-28 09:45:00+00:00,14.69,8.59,157.28,1.56,9.99,1.38,42.0,2.53,157.28,10.46,0.07,0.0,1.25,97.05,2.36,10.58,125.885,81.54,-0.01
2026-07-28 10:00:00+00:00,14.21,9.75,151.2,1.26,10.0,0.23,41.45,2.45,151.2,10.6,-3.33,0.0,1.15,54.9,0.39,10.77,112.5,51.42,0.0
2026-07-28 10:15:00+00:00,13.36,7.99,143.0,0.92,9.2,0.2,41.45,1.76,143.0,9.6,0.0,-0.01,1.08,58.86,0.32,9.84,112.5,51.42,0.0
2026-07-28 10:30:00+00:00,12.26,7.28,143.2,0.77,8.43,0.18,41.45,1.5,143.2,8.79,0.12,-0.01,1.08,56.26,0.29,9.01,112.5,51.42,0.0
2026-07-28 10:45:00+00:00,12.57,7.45,143.0,0.77,8.63,0.16,41.45,1.5,143.0,9.0,0.12,-0.03,1.08,58.53,0.28,9.23,112.5,51.42,-0.01
2026-07-28 11:00:00+00:00,12.25,7.31,142.94,1.26,8.44,0.19,44.27,1.48,142.94,8.8,0.0,-0.01,1.15,55.74,0.3,9.02,109.38,29.68,-0.01
2026-07-28 11:15:00+00:00,12.27,7.29,143.97,1.25,8.44,0.15,44.27,1.46,143.97,8.8,0.0,-0.05,1.2,56.71,0.26,9.02,109.38,29.68,-0.01
2026-07-28 11:30:00+00:00,12.3,7.26,144.59,1.18,8.44,0.12,44.27,1.39,144.59,8.8,0.04,-0.1,1.2,56.96,0.23,9.02,109.38,29.68,-0.01
2026-07-28 11:45:00+00:00,12.64,7.4,148.9,1.27,8.63,0.04,44.27,1.48,148.9,9.01,0.0,-0.19,1.15,56.72,0.17,9.24,109.38,29.68,-0.01
2026-07-28 12:00:00+00:00,13.54,8.01,154.5,1.29,9.19,1.22,45.7,1.5,154.5,9.62,0.0,-0.09,1.75,52.63,2.13,9.74,107.28,50.99,-0.01
2026-07-28 12:15:00+00:00,14.36,9.9,158.28,1.28,10.0,1.48,45.7,1.49,158.28,10.65,-3.69,-0.03,1.82,51.43,2.55,10.67,107.28,50.99,0.0
2026-07-28 12:30:00+00:00,15.22,11.29,144.59,1.25,10.74,1.65,45.7,1.47,144.59,11.54,-6.04,0.0,1.81,48.98,2.85,11.5,107.28,50.99,0.0
2026-07-28 12:45:00+00:00,18.1,13.49,148.9,1.27,12.78,1.97,45.7,1.49,148.9,13.74,-7.39,0.0,1.5,48.98,3.41,13.69,107.28,50.99,0.0
2026-07-28 13:00:00+00:00,15.11,9.12,144.3,0.68,10.37,0.23,54.79,1.41,144.3,10.87,0.0,0.0,1.15,56.64,0.37,11.13,108.79,66.84,0.0
2026-07-28 13:15:00+00:00,15.58,10.07,143.0,1.36,11.01,1.14,54.79,1.54,143.0,11.54,0.0,0.91,1.08,55.29,1.28,11.78,108.79,66.84,0.91
2026-07-28 13:30:00+00:00,17.2,12.43,144.2,2.7,12.78,2.68,54.79,1.57,144.2,13.4,-0.14,2.66,1.2,53.48,2.68,13.63,108.79,66.84,1.2
2026-07-28 13:45:00+00:00,38.43,30.02,148.9,8.87,30.01,9.46,54.79,2.17,148.9,31.32,2.18,10.04,1.9,58.38,9.02,31.84,108.79,66.84,1.9
2026-07-28 14:00:00+00:00,14.08,9.53,144.59,4.97,11.0,4.03,85.08,2.99,144.59,11.21,6.08,4.26,1.82,49.44,3.86,11.5,115.305,117.1,1.82
2026-07-28 14:15:00+00:00,75.82,49.83,150.0,15.99,57.09,14.73,85.08,2.84,150.0,58.66,20.52,15.48,5.0,89.32,14.16,60.15,115.305,117.1,5.0
2026-07-28 14:30:00+00:00,99.99,80.13,162.1,63.0,87.1,55.7,85.08,3.53,162.1,88.78,77.42,61.68,16.49,102.59,51.79,91.15,115.305,117.1,16.49
2026-07-28 14:45:00+00:00,126.99,112.78,165.07,97.9,119.09,89.54,85.08,4.0,165.07,119.08,108.0,97.54,38.66,106.47,84.41,121.56,115.305,117.1,38.66
2026-07-28 15:00:00+00:00,70.15,64.61,134.07,60.48,66.81,59.91,72.02,4.09,134.07,66.92,63.99,60.03,59.25,102.85,59.88,67.18,125.455,147.34,59.25
2026-07-28 15:15:00+00:00,118.17,101.86,138.33,101.79,111.52,100.0,72.02,4.84,138.33,111.44,105.21,101.86,82.4,111.13,99.16,113.4,125.455,147.34,82.4
2026-07-28 15:30:00+00:00,145.62,110.3,145.62,118.830002,138.45,118.14,72.02,4.99,145.62,138.74,117.19,120.25,95.49,117.83,117.24,140.22,125.455,147.34,95.49
2026-07-28 15:45:00+00:00,164.15,148.37,162.38,147.880005,158.74,142.38,72.02,5.7,162.38,158.41,151.8,148.37,100.0,122.96,139.72,161.33,125.455,147.34,100.0
2026-07-28 16:00:00+00:00,149.1,126.86,149.1,123.01,163.47,124.18,160.0,5.5,149.1,166.37,113.56,125.01,113.72,126.98,123.88,155.88,149.45,165.33,113.72
2026-07-28 16:15:00+00:00,171.5,158.21,171.5,155.38,183.13,153.4,160.0,6.95,171.5,184.92,148.9,156.96,124.4,129.41,151.78,178.33,149.45,165.33,124.4
2026-07-28 16:30:00+00:00,201.74,180.69,193.0,167.96,190.02,164.31,160.0,13.43,193.0,190.18,179.5,167.25,144.3,130.19,162.85,191.78,149.45,165.33,144.3
2026-07-28 16:45:00+00:00,219.91,194.56,202.5,179.58,205.7,175.62,160.0,62.11,202.5,205.94,193.17,178.67,155.17,130.26,172.54,207.69,149.45,165.33,155.17
2026-07-28 17:00:00+00:00,199.96,179.0,202.23,174.53,193.59,170.36,174.99,8.9,202.23,192.55,181.97,174.9,144.39,130.75,166.53,198.66,177.5,200.63,144.39
2026-07-28 17:15:00+00:00,202.23,193.49,202.23,187.119995,198.67,183.39,174.99,13.93,202.23,198.3,192.86,187.15,162.06,132.7,180.16,200.78,177.5,200.63,162.06
2026-07-28 17:30:00+00:00,205.98,204.64,203.33,202.229996,205.78,198.12,174.99,36.52,203.33,205.57,204.3,202.71,171.9,133.25,194.12,206.59,177.5,200.63,171.9
2026-07-28 17:45:00+00:00,235.83,233.72,219.1,229.910004,235.51,223.41,174.99,64.99,219.1,235.18,233.17,230.67,182.01,133.41,217.09,236.79,177.5,200.63,182.01
2026-07-28 18:00:00+00:00,203.33,202.13,203.33,200.580002,202.87,197.94,203.99,39.18,203.33,202.73,201.91,200.87,181.35,132.98,195.37,203.39,197.215,225.31,181.35
2026-07-28 18:15:00+00:00,209.54,208.79,209.54,207.83,209.25,206.17,203.99,49.92,209.54,209.17,208.65,208.01,195.81,132.42,204.57,209.58,197.215,225.31,195.81
2026-07-28 18:30:00+00:00,220.73,220.3,218.37,219.75,220.57,218.8,203.99,55.97,218.37,220.52,220.22,219.85,212.84,132.58,217.87,220.76,197.215,225.31,212.84
2026-07-28 18:45:00+00:00,239.33,238.82,230.0,238.16,239.13,237.04,203.99,55.1,230.0,239.07,238.73,238.29,230.0,132.67,235.95,239.36,197.215,225.31,230.0
2026-07-28 19:00:00+00:00,219.99,219.99,219.99,220.0,175.14,219.99,188.99,57.3,219.99,219.99,219.99,219.99,219.99,132.92,219.99,219.99,202.05,213.53,219.99
2026-07-28 19:15:00+00:00,213.91,213.91,213.91,213.92,186.0,213.91,188.99,53.66,213.91,213.91,213.91,213.91,215.99,132.57,213.91,213.91,202.05,213.53,213.91
2026-07-28 19:30:00+00:00,205.71,205.71,205.71,205.71,160.14,205.71,188.99,53.23,205.71,205.71,205.71,205.71,229.15,131.94,205.71,205.71,202.05,213.53,205.71
2026-07-28 19:45:00+00:00,200.1,200.1,202.5,200.1,146.31,200.1,188.99,43.79,202.5,200.1,200.1,200.1,234.46,131.29,200.1,200.1,202.05,213.53,200.1
2026-07-28 20:00:00+00:00,210.79,210.79,224.05,210.79,140.86,210.79,190.03,38.33,210.79,210.79,210.79,210.79,210.79,134.0,210.79,210.79,204.145,194.93,210.79
2026-07-28 20:15:00+00:00,197.06,197.06,203.0,197.059998,142.25,197.06,190.03,27.69,203.0,197.06,197.06,197.06,198.3,133.49,197.06,197.06,204.145,194.93,197.06
2026-07-28 20:30:00+00:00,187.55,187.55,202.23,187.55,136.67,187.55,190.03,14.45,202.23,187.55,187.55,187.55,187.55,131.73,187.55,187.55,204.145,194.93,187.55
2026-07-28 20:45:00+00:00,180.43,180.43,193.63,180.429993,180.43,180.43,190.03,10.01,193.63,180.43,180.43,180.43,183.35,130.92,180.43,180.43,204.145,194.93,180.43
2026-07-28 21:00:00+00:00,189.52,188.97,200.19,188.199997,189.33,186.88,169.02,13.41,200.19,189.27,188.86,188.33,183.35,131.25,185.6,189.6,185.41,175.99,178.51
2026-07-28 21:15:00+00:00,180.67,177.59,202.5,173.23,179.63,165.83,169.02,6.95,202.5,179.26,176.96,173.99,182.35,131.07,158.65,181.1,185.41,175.99,118.8
2026-07-28 21:30:00+00:00,165.95,165.95,200.0,165.95,165.95,165.95,169.02,6.25,200.0,165.95,165.95,165.95,180.35,130.81,165.95,165.95,185.41,175.99,165.95
2026-07-28 21:45:00+00:00,160.78,160.78,174.95,160.779999,160.78,160.78,169.02,5.02,174.95,160.78,160.78,160.78,177.96,130.46,160.78,160.78,185.41,175.99,160.78
2026-07-28 22:00:00+00:00,179.07,175.09,195.63,161.39,177.61,161.09,166.99,12.03,195.63,177.16,174.43,170.39,172.15,131.76,152.64,179.36,162.5,164.56,104.82
